year,crop_type,soil_type,soil_ph,nitrogen,phosphorus,potassium,temperature,rainfall,humidity,irrigation_level,sunshine_hours,yield_kg_acre,yield_tons_ha
2026,Tomato,Black Soil,7.65,121,97,126,31.2,1003,31.3,Low,11.8,5856.21,14.471
2024,Wheat,Laterite,6.36,138,80,10,14.2,282,59.6,Medium,10.3,544.92,1.347
2022,Banana,Peaty,8.2,181,107,199,10.5,2091,45.0,Low,5.9,4288.22,10.596
2020,Potato,Alluvial,5.61,185,43,137,25.6,150,93.0,Medium,10.2,2914.58,7.202
2023,Rice,Laterite,7.07,104,10,69,20.7,1211,48.3,Medium,8.3,769.7,1.902
2020,Wheat,Silt Loam,7.82,106,74,62,31.9,306,86.1,High,9.0,380.41,0.94
2026,Rice,Loam,7.38,173,93,61,21.5,810,93.2,High,10.8,1225.35,3.028
2020,Onion,Peaty,7.56,127,46,55,16.1,629,66.6,High,9.6,6629.45,16.382
2024,Sugarcane,Peaty,6.82,276,100,97,18.9,2113,36.9,High,7.7,12762.48,31.537
2023,Groundnut,Laterite,6.03,10,43,56,29.4,295,64.7,High,7.9,449.1,1.11
2023,Wheat,Alluvial,5.55,103,45,10,11.9,1042,46.5,Medium,6.0,570.75,1.41
2022,Sugarcane,Loam,7.12,255,63,90,18.4,1732,39.4,Low,7.9,10513.91,25.98
2022,Soybean,Peaty,6.09,65,44,58,22.0,692,83.1,High,10.4,1115.3,2.756
2023,Mustard,Alluvial,4.57,38,10,31,29.4,587,55.1,High,11.5,212.23,0.524
2021,Wheat,Silt Loam,8.48,107,73,66,26.7,784,64.4,Low,5.9,633.67,1.566
2022,Barley,Silt Loam,7.62,117,60,65,12.5,602,30.3,High,5.3,1019.58,2.519
2022,Apple,Clay Loam,7.3,125,16,81,32.4,404,72.2,Medium,10.8,1280.39,3.164
2026,Coffee,Alluvial,5.58,216,47,121,24.6,1550,52.8,Medium,9.2,974.18,2.407
2023,Garlic,Loam,7.61,52,57,54,10.5,799,90.3,Low,7.4,1959.1,4.841
2020,Wheat,Alluvial,6.2,147,31,74,17.6,241,85.2,Medium,5.1,628.39,1.553
2021,Mustard,Peaty,7.98,90,46,30,25.0,705,81.9,Low,9.2,795.55,1.966
2026,Coffee,Alluvial,6.12,172,44,98,11.1,2410,48.6,High,8.7,430.16,1.063
2025,Sunflower,Black Soil,5.8,20,70,26,39.0,871,59.7,Medium,10.7,271.43,0.671
2021,Maize,Peaty,6.72,104,91,44,18.1,522,31.6,Low,11.7,1183.85,2.925
2021,Barley,Red Soil,8.44,35,36,39,25.5,702,72.7,Low,7.5,422.14,1.043
2020,Onion,Red Soil,5.84,108,36,107,23.9,502,91.7,High,11.1,5157.47,12.744
2022,Watermelon,Laterite,6.66,124,92,94,27.6,521,91.1,Medium,8.6,15927.49,39.358
2024,Wheat,Alluvial,7.19,76,72,66,16.2,290,54.5,High,4.3,733.58,1.813
2020,Apple,Alluvial,7.32,154,15,69,24.9,511,75.0,High,6.8,1623.85,4.013
2020,Cotton,Laterite,6.94,107,95,58,13.8,922,86.4,Low,8.5,382.32,0.945
2024,Coffee,Loam,7.68,128,10,111,21.7,2738,49.3,High,4.8,212.81,0.526
2021,Onion,Black Soil,7.22,134,10,68,19.9,1055,81.5,High,10.3,5689.52,14.059
2021,Tea,Red Soil,4.75,66,79,62,13.5,2081,39.3,Medium,10.1,523.12,1.293
2020,Tomato,Saline,8.03,168,78,125,12.5,1054,91.6,Medium,11.9,2409.84,5.955
2023,Cotton,Black Soil,4.86,120,91,66,13.3,694,62.0,Medium,4.1,189.61,0.469
2020,Potato,Silt Loam,7.43,128,61,74,24.3,570,58.4,High,10.4,3700.94,9.145
2024,Tea,Red Soil,8.77,143,15,70,28.9,1974,75.2,Medium,7.6,234.46,0.579
2022,Mustard,Peaty,5.71,143,94,10,18.3,344,53.0,Low,8.7,472.94,1.169
2025,Sugarcane,Silt Loam,4.64,197,39,52,14.0,2037,35.0,High,11.5,6357.82,15.71
2021,Rice,Laterite,6.87,79,42,20,33.3,1519,54.5,Medium,10.0,1099.66,2.717
2020,Sunflower,Loam,6.28,86,58,46,40.0,705,94.8,Medium,8.4,560.28,1.384
2020,Onion,Silt Loam,8.6,121,15,93,30.2,150,37.4,Medium,9.4,811.65,2.006
2022,Rice,Sandy Loam,6.74,145,78,75,22.1,1458,38.7,Medium,4.2,1449.53,3.582
2025,Rice,Alluvial,7.15,187,51,56,29.1,1095,77.2,High,8.4,2085.72,5.154
2023,Wheat,Saline,5.78,186,65,35,35.3,1096,80.0,High,4.5,384.56,0.95
2020,Rice,Alluvial,6.48,123,10,87,30.9,1596,56.8,High,11.0,1434.91,3.546
2022,Apple,Laterite,8.03,55,10,101,26.0,628,53.1,High,11.2,990.58,2.448
2026,Barley,Laterite,7.2,61,66,19,32.4,314,54.1,Low,7.9,320.67,0.792
2024,Onion,Saline,4.77,130,61,71,21.9,965,36.8,Medium,9.9,3590.31,8.872
2021,Sunflower,Peaty,6.8,44,42,10,24.2,1070,61.2,Medium,8.7,771.09,1.905
2023,Rice,Saline,5.05,109,15,73,20.7,2068,94.1,Low,8.8,727.44,1.798
2023,Soybean,Sandy Loam,8.16,31,64,72,37.5,1328,83.4,High,9.7,218.56,0.54
2022,Groundnut,Saline,8.11,10,65,50,31.2,1198,79.9,Medium,4.7,232.98,0.576
2025,Tea,Alluvial,5.95,140,19,89,30.4,1985,60.7,Low,7.3,394.67,0.975
2023,Sunflower,Red Soil,8.65,102,44,42,27.2,545,84.7,Medium,5.1,434.73,1.074
2024,Maize,Red Soil,5.51,170,83,66,19.5,1398,59.4,Low,9.7,1579.83,3.904
2026,Banana,Sandy Loam,6.39,134,84,267,12.0,881,44.9,Low,8.3,4352.32,10.755
2023,Banana,Saline,7.91,173,75,306,36.8,1529,50.3,Medium,6.0,4708.41,11.635
2021,Wheat,Black Soil,7.78,107,80,72,14.5,444,44.9,Medium,9.8,973.26,2.405
2022,Banana,Black Soil,7.08,247,30,232,22.7,1984,89.3,Medium,5.1,12288.26,30.365
2026,Apple,Silt Loam,7.62,69,45,84,12.1,1255,35.0,Low,4.8,3163.04,7.816
2026,Onion,Black Soil,8.46,83,51,107,27.7,444,51.8,Medium,10.4,2481.99,6.133
2023,Barley,Alluvial,6.81,81,60,66,23.6,213,44.6,High,7.6,865.26,2.138
2024,Tomato,Black Soil,8.43,150,117,73,29.0,555,35.5,Medium,12.0,4261.72,10.531
2024,Sunflower,Peaty,6.21,137,51,28,28.7,150,54.6,Low,10.7,408.8,1.01
2025,Banana,Clay Loam,6.4,224,91,198,14.7,1801,91.5,Medium,7.0,9711.01,23.996
2021,Chickpea,Alluvial,6.26,57,81,48,10.6,150,36.8,Medium,10.4,167.51,0.414
2022,Garlic,Saline,5.55,53,62,71,34.9,1126,43.3,Medium,6.3,616.22,1.523
2021,Mustard,Clay Loam,4.87,91,10,53,34.5,335,52.2,High,6.1,154.54,0.382
2024,Coffee,Black Soil,6.26,88,10,162,18.8,1940,82.0,Low,7.4,503.75,1.245
2020,Banana,Loam,6.83,152,78,254,39.5,1635,64.2,Medium,5.4,7125.33,17.607
2025,Sunflower,Red Soil,8.07,109,66,64,28.0,248,89.4,Low,7.4,365.17,0.902
2022,Onion,Clay Loam,5.29,105,44,100,31.6,606,69.7,Medium,11.6,2217.99,5.481
2021,Sugarcane,Saline,4.63,215,95,52,11.5,2696,51.7,Low,10.2,4322.31,10.681
2020,Barley,Silt Loam,6.63,68,90,52,34.0,303,75.2,Low,6.2,287.94,0.712
2020,Coffee,Loam,8.59,190,10,114,26.3,1733,82.4,Low,9.3,264.05,0.652
2021,Mustard,Sandy Loam,6.6,95,45,36,37.5,150,32.2,Low,9.6,215.09,0.531
2021,Apple,Peaty,7.7,92,38,83,25.7,1271,53.7,Low,8.5,2044.2,5.051
2024,Tea,Clay Loam,6.78,67,10,103,26.2,1911,73.0,High,9.9,258.67,0.639
2022,Coffee,Clay Loam,8.24,175,57,121,34.0,1418,61.2,High,9.0,228.02,0.563
2025,Coffee,Silt Loam,6.3,205,26,109,20.6,1501,48.7,Medium,6.4,561.23,1.387
2024,Cotton,Laterite,5.61,67,61,46,36.5,1041,94.3,Low,9.9,286.42,0.708
2026,Cotton,Saline,5.49,105,42,56,28.9,927,44.1,Low,8.1,455.23,1.125
2021,Chickpea,Alluvial,7.49,110,58,20,16.7,521,68.5,Medium,8.6,807.78,1.996
2022,Rice,Silt Loam,5.06,150,58,66,12.6,2103,56.5,High,7.0,665.47,1.644
2023,Apple,Sandy Loam,4.97,66,62,100,27.1,990,86.2,Low,9.9,2154.09,5.323
2022,Banana,Saline,8.23,228,72,276,28.6,2109,78.9,Low,5.3,8328.6,20.58
2025,Tomato,Clay Loam,7.75,130,70,104,12.5,878,37.5,Medium,7.0,3071.81,7.591
2022,Tea,Alluvial,7.77,158,36,100,38.0,1295,36.7,Medium,11.5,205.21,0.507
2021,Sunflower,Sandy Loam,6.54,96,45,87,29.4,150,34.3,Low,10.6,472.29,1.167
2021,Garlic,Alluvial,4.5,86,14,62,34.8,958,49.4,High,10.7,718.41,1.775
2025,Groundnut,Alluvial,5.15,55,66,42,22.6,170,47.8,Low,11.9,474.94,1.174
2026,Wheat,Laterite,7.71,132,52,52,24.1,1202,65.3,Medium,5.3,736.95,1.821
2022,Apple,Black Soil,7.93,58,52,93,39.0,743,30.1,High,8.8,1430.7,3.535
2025,Coffee,Black Soil,5.47,165,15,142,23.0,998,94.0,Low,5.2,327.52,0.809
2024,Apple,Sandy Loam,7.76,86,63,121,14.4,856,31.2,High,7.9,3457.28,8.543
2021,Watermelon,Loam,5.9,79,70,93,12.4,469,55.8,Medium,5.1,3941.59,9.74
2026,Apple,Clay Loam,7.38,122,45,122,28.5,263,90.8,Medium,11.6,1269.01,3.136
2023,Watermelon,Peaty,6.88,157,81,85,14.9,491,58.5,High,9.8,7271.92,17.969
2022,Tea,Alluvial,8.7,177,10,56,33.7,1791,66.1,Medium,9.8,207.14,0.512
2022,Sugarcane,Saline,7.3,241,54,83,36.0,1215,77.3,Low,9.9,9231.83,22.812
2020,Coffee,Black Soil,6.71,118,29,121,21.9,2128,81.5,Medium,9.2,767.4,1.896
2025,Banana,Alluvial,6.04,176,10,237,33.3,1917,56.3,Medium,8.8,12368.55,30.563
2024,Rice,Peaty,4.8,190,27,46,22.2,1939,73.1,Low,4.8,885.02,2.187
2023,Sunflower,Silt Loam,5.61,44,89,28,39.1,721,59.5,Low,5.9,230.78,0.57
2023,Barley,Loam,7.03,98,12,10,28.2,676,80.8,Low,9.6,679.56,1.679
2024,Garlic,Sandy Loam,4.65,46,60,64,30.6,236,55.8,High,7.8,371.35,0.918
2023,Groundnut,Clay Loam,6.79,47,31,57,15.7,347,45.2,High,11.7,554.28,1.37
2026,Garlic,Clay Loam,8.71,86,44,76,35.9,369,80.0,Low,4.9,596.61,1.474
2020,Onion,Red Soil,4.96,104,75,73,33.5,1214,87.1,Low,7.2,1451.79,3.587
2022,Onion,Black Soil,7.97,125,65,112,13.6,558,65.4,Medium,4.0,3496.77,8.641
2023,Tomato,Red Soil,6.86,109,116,176,23.3,664,40.9,High,9.1,11739.87,29.01
2024,Rice,Silt Loam,8.21,52,107,15,27.4,824,64.7,High,8.9,762.82,1.885
2022,Apple,Red Soil,4.53,120,58,107,17.3,733,36.6,High,7.9,3932.46,9.717
2022,Mustard,Red Soil,8.5,165,64,36,22.0,232,93.5,Medium,10.6,446.31,1.103
2024,Coffee,Laterite,5.29,152,63,103,15.6,1549,35.7,High,10.5,581.24,1.436
2021,Coffee,Saline,4.98,239,50,134,15.2,2006,53.5,Low,11.2,450.26,1.113
2022,Sugarcane,Black Soil,8.16,272,105,104,33.0,1714,39.9,Medium,5.9,13597.74,33.601
2026,Coffee,Clay Loam,6.8,130,16,102,29.1,1374,46.7,Low,9.1,330.67,0.817
2025,Apple,Alluvial,6.42,45,66,87,28.1,1038,80.2,Medium,6.1,2118.68,5.235
2020,Sugarcane,Loam,5.89,197,49,90,12.0,1530,82.0,High,5.9,7324.04,18.098
2023,Apple,Alluvial,5.89,103,70,69,39.8,1043,77.5,Medium,7.7,3372.73,8.334
2023,Potato,Sandy Loam,8.64,175,92,101,22.7,150,83.4,Medium,4.0,1118.06,2.763
2024,Banana,Saline,7.67,182,41,269,30.1,1617,81.2,Medium,10.9,12246.63,30.262
2024,Mustard,Sandy Loam,4.66,42,17,12,38.1,316,66.0,Medium,6.4,107.52,0.266
2025,Cotton,Clay Loam,8.45,34,61,44,35.5,778,54.7,High,11.0,383.39,0.947
2026,Onion,Sandy Loam,5.81,93,31,93,20.4,335,93.4,High,9.1,4046.63,9.999
2025,Wheat,Black Soil,5.1,126,67,37,34.8,320,61.1,High,8.0,363.02,0.897
2023,Garlic,Black Soil,7.84,98,20,78,10.0,389,31.1,Low,8.8,1182.22,2.921
2021,Sugarcane,Alluvial,5.41,165,120,87,28.6,1590,41.1,Medium,4.6,11632.45,28.744
2023,Onion,Alluvial,7.16,55,65,61,15.2,404,72.6,High,10.8,5590.24,13.814
2023,Maize,Peaty,6.57,173,54,30,38.9,601,57.2,High,10.3,808.92,1.999
2026,Chickpea,Peaty,7.16,57,37,10,11.9,629,32.8,Medium,7.0,326.93,0.808
2021,Watermelon,Peaty,5.05,64,60,113,29.6,654,85.9,Low,7.1,5555.97,13.729
2020,Chickpea,Loam,7.33,18,40,27,33.4,503,83.6,Low,8.0,363.51,0.898
2024,Sunflower,Loam,5.15,14,62,83,30.4,472,34.6,High,4.1,246.66,0.61
2021,Sugarcane,Black Soil,6.49,182,35,121,12.1,1865,57.6,Low,4.7,7343.8,18.147
2020,Potato,Saline,6.14,131,66,103,28.5,774,64.5,Low,4.3,2933.2,7.248
2023,Apple,Laterite,5.76,101,46,138,34.4,977,72.7,Low,5.0,2326.58,5.749
2025,Barley,Silt Loam,6.39,82,59,38,17.2,422,87.7,High,9.2,1766.61,4.365
2026,Maize,Laterite,8.28,160,23,28,39.4,1011,78.6,Medium,8.5,430.96,1.065
2024,Tea,Clay Loam,7.45,112,10,69,20.3,2317,78.3,Medium,8.9,402.33,0.994
2025,Banana,Peaty,8.26,245,76,246,10.3,1271,46.0,Low,9.8,4721.61,11.667
2024,Groundnut,Silt Loam,7.65,15,20,56,20.7,697,30.3,Medium,10.1,807.85,1.996
2025,Coffee,Loam,7.72,177,68,135,24.1,1766,62.6,Medium,5.0,407.27,1.006
2022,Chickpea,Saline,5.09,10,40,19,21.6,793,63.2,Medium,9.8,273.73,0.676
2023,Sugarcane,Laterite,6.91,277,103,74,34.8,2089,62.4,High,4.6,16420.76,40.577
2023,Soybean,Red Soil,6.72,24,31,45,19.8,404,44.3,High,8.8,629.78,1.556
2024,Garlic,Silt Loam,5.25,87,101,73,39.7,219,78.6,Medium,9.9,746.12,1.844
2025,Maize,Loam,7.02,151,75,64,33.5,595,60.0,Medium,7.8,1161.45,2.87
2021,Chickpea,Red Soil,4.85,24,94,71,33.0,290,40.3,Medium,8.9,177.69,0.439
2023,Cotton,Red Soil,4.69,89,77,27,39.2,375,84.9,Medium,6.1,83.71,0.207
2023,Barley,Black Soil,7.16,21,64,61,12.6,245,45.4,High,9.9,541.27,1.338
2021,Mustard,Peaty,8.06,84,53,61,24.8,150,52.0,Low,6.5,250.24,0.618
2020,Coffee,Silt Loam,4.59,128,80,126,26.4,1393,93.7,Low,5.8,268.45,0.663
2020,Tomato,Sandy Loam,7.14,80,103,109,22.9,791,44.0,Low,4.8,6206.01,15.335
2026,Mustard,Alluvial,6.85,80,21,25,11.6,881,81.1,Low,5.6,551.32,1.362
2026,Cotton,Black Soil,5.38,92,45,57,23.5,1059,65.0,Medium,8.0,461.81,1.141
2020,Soybean,Peaty,6.21,35,38,36,12.8,520,53.2,High,10.1,379.34,0.937
2021,Barley,Saline,6.42,50,14,40,28.4,776,41.0,Medium,8.1,431.06,1.065
2023,Wheat,Peaty,8.03,155,44,48,19.6,410,94.2,Low,7.9,686.5,1.696
2021,Rice,Black Soil,6.34,118,79,114,31.6,1118,85.8,Medium,10.6,1934.12,4.779
2023,Apple,Sandy Loam,5.85,146,37,46,24.8,587,83.8,High,6.7,2229.52,5.509
2023,Wheat,Red Soil,8.39,90,40,55,28.4,1280,78.0,High,10.4,435.22,1.075
2023,Garlic,Alluvial,7.68,78,28,71,39.8,197,34.7,Low,4.6,485.75,1.2
2026,Garlic,Sandy Loam,4.79,76,32,96,32.8,480,82.5,High,4.5,706.04,1.745
2020,Garlic,Clay Loam,8.26,35,10,45,13.9,150,56.8,High,10.4,567.38,1.402
2021,Potato,Saline,8.65,129,84,92,39.2,739,84.6,Medium,11.9,1741.14,4.302
2023,Onion,Silt Loam,8.07,123,40,88,26.2,423,36.3,High,5.9,2825.77,6.983
2020,Onion,Red Soil,5.79,89,73,122,36.8,907,32.3,High,8.7,2438.29,6.025
2026,Onion,Clay Loam,7.33,71,32,123,25.8,620,32.1,Low,10.9,5303.31,13.105
2025,Banana,Laterite,7.11,196,90,293,31.1,1726,36.8,Low,7.1,13505.61,33.373
2023,Tea,Alluvial,8.59,191,50,127,12.1,1837,46.5,Medium,6.9,357.08,0.882
2020,Potato,Alluvial,6.44,128,132,97,24.1,150,68.4,Medium,8.3,2595.75,6.414
2022,Sunflower,Loam,8.13,79,15,10,21.9,489,32.9,Medium,6.2,354.72,0.877
2022,Sunflower,Saline,8.28,119,49,41,30.3,577,90.4,Low,5.3,310.06,0.766
2024,Potato,Alluvial,5.61,88,100,127,10.1,696,76.6,Low,10.6,7712.77,19.059
2024,Wheat,Black Soil,5.02,77,98,27,12.1,521,91.2,Medium,9.3,635.04,1.569
2022,Barley,Laterite,7.05,97,63,44,13.6,722,88.7,Medium,4.5,936.53,2.314
2023,Sunflower,Silt Loam,5.77,93,126,27,11.3,655,52.3,Medium,9.8,436.17,1.078
2022,Soybean,Red Soil,6.35,10,82,75,23.4,465,81.9,Medium,10.6,535.57,1.323
2020,Mustard,Laterite,4.62,55,54,10,25.4,557,32.9,High,10.1,277.75,0.686
2024,Garlic,Black Soil,6.72,134,32,38,35.4,622,64.5,High,10.7,2158.65,5.334
2021,Cotton,Loam,6.59,181,55,33,38.9,597,32.0,Low,7.1,295.18,0.729
2025,Chickpea,Alluvial,7.75,10,41,27,36.7,530,69.2,Medium,10.6,360.36,0.89
2024,Tea,Sandy Loam,6.55,155,10,73,17.4,1648,83.7,Low,9.7,372.08,0.919
2026,Sunflower,Red Soil,5.66,92,72,64,14.2,150,58.9,Medium,9.0,176.89,0.437
2025,Sunflower,Alluvial,6.95,79,29,52,21.9,589,65.3,Medium,5.8,920.69,2.275
2026,Rice,Sandy Loam,8.24,150,40,56,18.3,1279,87.0,Low,11.6,600.05,1.483
2026,Mustard,Black Soil,5.8,38,121,10,26.9,1128,89.7,Medium,6.9,249.86,0.617
2025,Sunflower,Alluvial,6.46,163,30,72,24.3,733,94.7,Low,4.5,996.95,2.464
2024,Soybean,Alluvial,6.69,12,76,54,10.6,1384,77.0,High,9.5,363.48,0.898
2020,Chickpea,Red Soil,5.7,58,62,48,32.2,630,39.3,Medium,10.0,291.88,0.721
2021,Wheat,Black Soil,4.95,161,98,22,18.4,764,71.1,High,8.6,842.26,2.081
2025,Rice,Alluvial,5.79,140,29,66,11.5,1728,34.7,High,7.2,757.16,1.871
2025,Tomato,Alluvial,5.16,133,118,126,26.5,507,79.4,High,5.5,5315.03,13.134
2023,Chickpea,Laterite,7.24,10,95,10,18.7,150,66.6,Medium,5.0,189.79,0.469
2025,Coffee,Peaty,8.29,164,53,140,18.1,1295,42.3,High,10.3,431.95,1.067
2020,Apple,Sandy Loam,4.77,128,18,83,20.8,693,47.6,Medium,10.7,2647.29,6.542
2022,Garlic,Alluvial,8.41,66,54,57,12.7,527,55.2,Low,9.1,2090.16,5.165
2024,Chickpea,Peaty,8.26,10,29,39,38.3,168,47.5,Low,7.8,99.25,0.245
2026,Tomato,Silt Loam,4.98,126,121,135,10.1,549,65.9,High,7.3,2736.98,6.763
2025,Rice,Silt Loam,6.53,130,59,74,18.9,1960,38.9,Low,9.2,1695.59,4.19
2025,Coffee,Red Soil,6.99,189,65,132,33.5,1275,74.7,Medium,5.9,187.43,0.463
2025,Soybean,Saline,7.55,10,89,43,31.7,855,87.0,Medium,4.3,306.06,0.756
2023,Mustard,Loam,5.04,60,34,34,18.0,435,52.6,Medium,7.0,602.45,1.489
2026,Mustard,Red Soil,8.28,98,88,39,18.7,803,43.5,Low,5.2,678.31,1.676
2026,Rice,Clay Loam,4.76,159,71,94,39.7,1465,72.3,Low,9.2,628.71,1.554
2021,Barley,Loam,5.34,101,20,44,14.4,994,82.7,High,9.1,644.43,1.592
2026,Groundnut,Loam,8.45,10,43,10,36.7,488,39.6,Low,4.1,145.41,0.359
2025,Watermelon,Silt Loam,6.29,146,50,111,38.9,448,70.4,High,11.4,7277.85,17.984
2025,Onion,Alluvial,6.42,154,61,89,17.3,150,58.4,Medium,8.7,4403.01,10.88
2021,Soybean,Sandy Loam,4.56,58,78,84,21.9,351,91.9,Medium,11.7,413.62,1.022
2026,Cotton,Loam,7.86,98,62,71,35.1,557,65.9,High,10.4,788.68,1.949
2026,Chickpea,Saline,7.63,19,28,29,29.9,279,37.7,Medium,6.3,258.66,0.639
2024,Banana,Loam,6.57,193,41,256,11.0,1670,47.9,Low,9.0,9934.11,24.548
2023,Tea,Black Soil,6.97,179,28,82,16.9,2030,92.2,Low,5.2,349.27,0.863
2022,Cotton,Red Soil,6.34,134,78,33,14.3,1057,85.0,High,7.2,273.92,0.677
2021,Onion,Black Soil,8.32,50,55,58,27.8,289,32.1,High,9.1,1425.91,3.523
2022,Maize,Red Soil,4.91,117,87,78,20.6,822,60.1,Low,4.4,831.92,2.056
2024,Watermelon,Peaty,6.18,168,130,83,20.9,546,77.0,Low,5.6,7368.98,18.209
2022,Garlic,Black Soil,7.35,84,61,71,22.7,178,76.3,Medium,10.5,1489.21,3.68
2022,Onion,Silt Loam,8.8,51,38,86,14.5,1199,54.7,Medium,7.3,2392.1,5.911
2020,Sunflower,Laterite,6.06,28,63,52,13.9,1109,76.1,Medium,5.4,215.17,0.532
2021,Sunflower,Silt Loam,7.5,78,104,45,31.9,774,86.0,High,6.2,648.04,1.601
2023,Tea,Sandy Loam,8.71,158,45,89,31.8,2021,62.3,Medium,7.0,185.38,0.458
2020,Garlic,Black Soil,4.61,36,36,82,26.4,751,92.9,Medium,4.4,929.18,2.296
2025,Soybean,Saline,6.88,41,35,43,36.0,532,48.9,Low,11.0,288.32,0.712
2026,Banana,Silt Loam,5.85,200,62,233,15.6,1526,31.3,Low,7.1,7585.88,18.745
2020,Soybean,Loam,8.28,10,24,64,20.7,613,74.0,Low,4.6,215.93,0.534
2024,Garlic,Peaty,7.87,70,53,76,28.0,781,94.4,Low,6.6,1226.39,3.03
2025,Chickpea,Loam,6.86,15,51,39,15.7,150,63.8,Medium,4.6,218.76,0.541
2020,Maize,Laterite,7.68,178,117,39,27.9,952,41.2,Medium,11.4,1529.62,3.78
2026,Watermelon,Alluvial,6.88,84,104,123,21.2,150,73.7,High,8.7,6061.6,14.979
2023,Cotton,Clay Loam,8.57,102,61,86,30.4,1003,56.5,Low,4.1,490.76,1.213
2021,Cotton,Alluvial,6.22,127,45,55,30.2,741,36.0,Low,10.0,834.72,2.063
2022,Garlic,Black Soil,7.61,90,42,99,17.3,1001,76.4,Low,4.7,2888.44,7.137
2025,Watermelon,Loam,5.66,101,112,92,28.2,296,91.8,Low,10.7,7759.11,19.173
2026,Soybean,Alluvial,6.84,56,29,71,25.6,1010,34.4,High,7.0,1024.52,2.532
2025,Tomato,Loam,8.2,186,114,114,29.1,649,64.8,Low,5.2,4346.38,10.74
2026,Garlic,Clay Loam,5.76,76,43,60,11.7,150,61.9,Medium,11.4,1390.47,3.436
2020,Onion,Sandy Loam,5.62,86,43,73,12.1,839,87.3,Medium,10.5,3306.86,8.171
2023,Watermelon,Alluvial,5.74,72,49,173,20.7,935,53.0,High,10.6,6483.47,16.021
2021,Sugarcane,Black Soil,6.11,255,57,70,19.6,1633,63.9,Medium,10.4,12771.79,31.56
2025,Sunflower,Peaty,6.39,51,68,15,30.8,787,44.9,High,4.9,604.11,1.493
2020,Apple,Sandy Loam,5.98,132,79,85,36.4,909,67.8,Medium,4.9,2112.64,5.22
2026,Chickpea,Peaty,6.18,10,32,32,26.7,605,57.0,High,7.4,372.19,0.92
2024,Garlic,Laterite,6.65,103,70,53,28.9,195,69.4,Low,4.9,643.81,1.591
2020,Tomato,Saline,5.39,190,84,120,22.6,150,31.2,Medium,10.3,3194.12,7.893
2021,Garlic,Red Soil,5.59,63,76,63,34.6,531,51.7,High,10.3,1488.84,3.679
2021,Onion,Alluvial,6.24,88,49,123,10.5,274,48.3,High,5.7,2084.7,5.151
2023,Garlic,Silt Loam,6.85,69,44,68,25.4,287,77.4,High,8.9,2316.39,5.724
2021,Cotton,Black Soil,6.0,103,71,52,21.2,856,71.1,High,4.8,389.12,0.962
2023,Sugarcane,Peaty,5.1,283,106,128,32.3,1644,87.9,Medium,10.0,16018.03,39.581
2022,Sunflower,Peaty,6.36,108,70,79,19.2,689,57.0,High,9.7,1244.36,3.075
2025,Potato,Clay Loam,8.4,68,40,110,12.3,232,83.4,Medium,9.3,2056.25,5.081
2026,Sunflower,Sandy Loam,7.24,61,78,72,23.9,640,48.1,Low,9.2,1182.46,2.922
2024,Soybean,Saline,7.72,58,49,37,23.9,503,87.8,Medium,10.6,527.65,1.304
2020,Onion,Clay Loam,8.36,88,68,88,17.5,760,67.5,Medium,4.5,3676.0,9.084
2022,Chickpea,Alluvial,5.54,10,47,17,13.9,436,80.9,Low,8.5,232.75,0.575
2025,Mustard,Red Soil,4.56,101,73,39,26.9,781,70.6,High,10.9,456.74,1.129
2024,Banana,Clay Loam,6.17,261,72,215,37.8,1627,64.3,Medium,5.7,9958.2,24.607
2023,Banana,Red Soil,8.2,224,58,266,35.0,1702,53.6,Medium,10.9,8890.05,21.968
2025,Barley,Sandy Loam,5.17,95,75,77,15.4,360,73.4,Medium,10.7,753.15,1.861
2020,Onion,Clay Loam,7.12,129,62,55,22.1,1721,40.0,Medium,8.6,6522.84,16.118
2025,Groundnut,Saline,7.52,22,55,63,17.4,891,62.6,High,11.8,545.11,1.347
2026,Mustard,Red Soil,5.04,58,24,51,28.6,962,91.2,High,10.2,238.72,0.59
2021,Coffee,Loam,8.53,119,34,101,12.1,1369,60.5,Low,6.1,145.94,0.361
2024,Chickpea,Black Soil,6.78,10,37,10,10.6,654,83.7,High,6.9,188.78,0.466
2025,Cotton,Red Soil,8.36,74,76,82,14.7,1279,49.7,Medium,6.5,203.94,0.504
2020,Coffee,Peaty,6.48,182,26,117,23.8,1377,77.1,Low,8.6,559.44,1.382
2026,Garlic,Laterite,6.81,113,38,81,15.9,1145,62.0,High,7.9,3296.45,8.146
2022,Banana,Peaty,7.94,213,42,260,37.1,780,87.8,Low,10.5,3930.54,9.713
2020,Onion,Sandy Loam,7.69,102,33,69,35.6,731,61.9,High,7.3,1995.51,4.931
2025,Mustard,Sandy Loam,8.67,41,45,60,21.0,220,35.7,Low,8.5,275.59,0.681
2020,Watermelon,Silt Loam,5.59,126,131,156,27.7,734,69.0,High,4.4,9311.8,23.01
2023,Watermelon,Loam,6.47,84,63,120,11.2,490,48.9,Medium,5.7,4794.27,11.847
2023,Tomato,Red Soil,7.77,153,88,89,22.9,465,83.8,Low,5.4,4517.46,11.163
2022,Mustard,Peaty,7.15,80,62,13,11.0,400,65.8,Low,7.5,514.87,1.272
2026,Maize,Clay Loam,6.5,160,68,62,15.7,878,69.7,Low,5.6,1413.05,3.492
2026,Banana,Peaty,7.82,226,32,268,21.6,1739,34.3,High,4.2,8990.17,22.215
2022,Barley,Loam,5.98,135,57,39,18.0,1052,50.6,High,10.8,1455.11,3.596
2021,Sugarcane,Alluvial,8.43,200,29,101,20.4,2481,58.3,Medium,10.4,6713.68,16.59
2020,Wheat,Laterite,8.52,104,48,11,37.9,713,39.8,Medium,11.7,246.39,0.609
2025,Rice,Alluvial,4.76,149,68,30,18.8,1204,37.5,Medium,11.5,868.35,2.146
2026,Barley,Red Soil,6.23,141,38,49,30.7,211,42.0,Medium,6.7,245.18,0.606
2024,Watermelon,Loam,7.66,46,76,52,27.9,475,58.2,Medium,5.3,7597.24,18.773
2021,Sunflower,Peaty,4.96,54,61,66,31.0,1087,91.3,High,4.7,264.03,0.652
2024,Groundnut,Red Soil,4.83,10,43,10,36.9,754,80.9,Medium,9.6,225.47,0.557
2024,Coffee,Peaty,6.94,161,48,116,34.6,1576,52.6,Medium,4.4,224.75,0.555
2026,Watermelon,Silt Loam,5.44,111,74,110,36.9,220,78.4,Low,4.6,2281.14,5.637
2025,Garlic,Loam,5.4,96,43,38,24.5,392,54.8,Low,10.5,1835.21,4.535
2024,Tea,Loam,5.38,135,16,86,19.4,1852,46.2,High,9.2,905.49,2.238
2026,Onion,Peaty,7.14,138,54,92,12.3,900,56.2,High,10.7,5488.08,13.561
2024,Potato,Saline,6.11,113,67,83,30.3,150,72.8,Low,4.6,887.82,2.194
2021,Mustard,Black Soil,5.22,66,43,55,16.9,1014,92.3,Low,5.8,397.11,0.981
2026,Potato,Peaty,7.23,85,117,115,30.3,1121,57.8,High,9.9,1926.25,4.76
2024,Sugarcane,Sandy Loam,6.35,229,98,84,17.5,1780,63.4,Medium,6.5,9324.81,23.042
2026,Watermelon,Sandy Loam,5.67,106,80,78,30.1,947,82.4,High,11.6,9056.08,22.378
2020,Groundnut,Laterite,7.1,13,82,72,13.6,150,50.0,High,8.4,156.36,0.386
2020,Rice,Saline,7.93,172,77,77,11.6,1201,40.4,High,6.7,348.05,0.86
2020,Tea,Peaty,5.5,137,20,67,11.2,1131,31.9,High,8.7,429.04,1.06
2026,Soybean,Silt Loam,5.57,10,95,46,11.9,705,64.8,High,8.5,282.72,0.699
2025,Onion,Saline,5.2,113,32,53,17.8,150,48.2,Low,6.7,1064.6,2.631
2024,Tomato,Black Soil,7.63,227,86,83,16.3,744,49.3,Low,11.3,7733.51,19.11
2021,Cotton,Clay Loam,4.74,121,52,34,30.9,933,46.9,Medium,11.1,505.27,1.249
2026,Watermelon,Black Soil,4.98,140,78,89,26.4,624,36.9,Low,4.4,6539.17,16.159
2021,Cotton,Clay Loam,6.41,182,29,45,15.1,1184,63.0,Low,9.1,340.67,0.842
2021,Rice,Black Soil,7.16,140,102,46,22.9,1412,48.1,Medium,5.0,1354.37,3.347
2020,Garlic,Clay Loam,8.33,60,61,41,17.6,865,51.1,High,9.4,2241.55,5.539
2020,Sunflower,Sandy Loam,7.43,29,105,62,16.8,331,75.0,Medium,5.9,258.2,0.638
2024,Chickpea,Red Soil,7.11,49,28,61,24.4,376,60.2,Medium,4.1,564.33,1.394
2023,Rice,Black Soil,7.84,181,73,107,34.2,1355,55.9,High,10.4,1014.63,2.507
2021,Tomato,Saline,6.85,171,99,127,14.5,958,94.6,Low,8.8,6794.7,16.79
2025,Wheat,Black Soil,5.77,142,31,70,10.5,1207,77.4,Medium,6.6,636.49,1.573
2025,Tomato,Loam,8.45,227,70,127,22.1,958,37.7,Low,4.0,5757.18,14.226
2025,Maize,Loam,4.56,190,68,61,25.4,993,35.5,High,8.4,1638.32,4.048
2023,Potato,Peaty,5.09,74,73,118,12.6,150,61.0,Low,6.5,1825.99,4.512
2024,Rice,Black Soil,7.49,187,30,30,27.2,1520,46.7,Medium,10.4,1597.56,3.948
2023,Tea,Silt Loam,6.41,134,61,78,15.9,1781,68.1,Medium,8.3,645.17,1.594
2026,Watermelon,Saline,8.69,83,68,98,38.0,442,64.0,High,6.2,2500.18,6.178
2022,Sunflower,Laterite,7.98,33,99,54,20.9,418,42.3,Low,9.6,432.05,1.068
2024,Onion,Alluvial,4.59,86,46,99,19.9,1003,73.9,Low,7.2,4290.37,10.602
2026,Groundnut,Sandy Loam,7.9,85,69,10,20.4,550,35.0,Low,5.3,318.74,0.788
2025,Maize,Loam,6.03,117,59,54,21.6,1135,72.9,High,7.5,1776.1,4.389
2020,Chickpea,Peaty,8.6,31,48,10,28.1,150,52.0,Medium,5.0,143.97,0.356
2023,Rice,Black Soil,5.4,142,32,74,27.3,1489,52.5,Low,10.4,1868.27,4.617
2023,Onion,Silt Loam,5.77,102,48,78,23.0,385,91.1,Medium,10.0,4886.21,12.074
2025,Tomato,Silt Loam,5.85,111,64,134,19.7,293,94.2,Medium,6.6,4836.25,11.951
2026,Banana,Red Soil,8.78,144,69,237,28.5,1994,30.8,Medium,5.8,8898.53,21.989
2021,Groundnut,Red Soil,7.27,10,46,66,21.5,672,44.1,High,7.5,626.56,1.548
2025,Sunflower,Clay Loam,5.44,132,58,58,23.4,561,57.0,Low,4.1,634.97,1.569
2024,Sunflower,Silt Loam,8.02,107,74,59,26.3,422,54.3,Medium,9.0,896.84,2.216
2025,Maize,Sandy Loam,6.7,178,10,51,35.2,806,34.0,High,4.6,463.44,1.145
2023,Mustard,Alluvial,5.61,101,53,31,23.5,723,51.5,Low,8.7,665.59,1.645
2023,Apple,Silt Loam,5.03,31,10,102,20.7,1142,35.0,Low,4.0,1942.73,4.801
2026,Banana,Saline,6.28,233,105,263,13.4,1719,61.9,High,5.4,7187.42,17.76
2026,Apple,Clay Loam,4.98,81,67,83,23.1,1313,84.8,Medium,6.6,2839.13,7.016
2023,Onion,Sandy Loam,6.61,147,68,75,15.8,663,82.7,Low,6.2,4872.69,12.041
2021,Watermelon,Loam,8.33,158,56,151,30.3,898,33.8,Low,9.1,8991.74,22.219
2026,Maize,Saline,6.96,113,60,16,19.1,416,77.5,High,9.6,864.01,2.135
2020,Apple,Peaty,7.32,104,24,74,16.7,735,32.8,High,9.6,4484.19,11.081
2020,Barley,Red Soil,7.92,114,81,10,17.8,487,57.2,Low,8.8,786.78,1.944
2022,Apple,Silt Loam,5.73,104,56,103,15.2,488,70.7,Medium,8.4,5982.2,14.782
2020,Tea,Alluvial,5.34,172,39,101,22.9,1937,78.7,Medium,11.3,1119.9,2.767
2021,Rice,Saline,5.82,150,103,83,22.8,1146,35.7,High,5.4,1235.45,3.053
2020,Watermelon,Clay Loam,7.1,144,62,72,18.0,150,51.6,Low,8.5,3217.62,7.951
2021,Garlic,Clay Loam,8.01,134,35,52,29.2,412,38.9,High,4.0,845.99,2.09
2023,Sugarcane,Laterite,6.65,180,98,109,19.4,2075,56.7,Low,5.7,9510.62,23.501
2024,Onion,Laterite,7.79,103,25,72,30.2,835,43.4,High,8.0,2565.35,6.339
2025,Maize,Clay Loam,5.85,106,106,60,37.6,721,82.8,High,10.6,870.12,2.15
2020,Maize,Peaty,7.33,186,60,61,33.6,706,82.8,Medium,4.7,929.84,2.298
2021,Mustard,Black Soil,6.85,55,62,19,11.6,709,73.5,High,5.9,497.22,1.229
2025,Maize,Sandy Loam,6.42,112,71,45,17.1,1131,82.2,Low,11.9,1536.9,3.798
2023,Potato,Saline,7.19,80,100,108,15.8,535,83.3,Medium,9.4,3925.4,9.7
2026,Sugarcane,Silt Loam,6.55,279,60,30,31.2,1526,69.8,High,6.5,18235.59,45.061
2026,Apple,Sandy Loam,8.21,126,14,123,14.0,919,93.5,High,8.7,3071.66,7.59
2026,Rice,Clay Loam,8.28,81,131,107,14.2,1475,68.7,Medium,7.3,413.03,1.021
2021,Maize,Red Soil,7.4,135,47,90,19.3,1078,85.0,Medium,6.1,1227.59,3.033
2020,Chickpea,Silt Loam,6.88,117,10,32,34.7,740,87.0,Medium,9.8,268.4,0.663
2021,Wheat,Loam,4.81,150,85,59,37.5,312,37.0,Low,5.9,204.01,0.504
2025,Sunflower,Saline,5.97,122,107,24,25.3,697,61.4,Medium,11.9,906.56,2.24
2021,Potato,Sandy Loam,6.82,140,60,74,34.6,369,51.9,Medium,10.6,1945.82,4.808
2025,Garlic,Peaty,6.89,63,28,18,21.3,150,36.9,High,11.6,1283.35,3.171
2021,Mustard,Clay Loam,5.78,47,27,20,29.0,501,38.0,High,4.6,275.77,0.681
2020,Sugarcane,Loam,5.56,265,74,95,35.6,1802,80.0,High,11.5,17603.22,43.498
2022,Groundnut,Loam,8.32,10,27,23,21.8,150,65.4,Low,5.3,134.66,0.333
2025,Sunflower,Red Soil,7.68,107,35,50,26.4,522,56.9,Medium,4.3,658.71,1.628
2023,Tea,Peaty,8.67,171,61,70,34.9,2459,63.0,High,9.0,192.79,0.476
2024,Maize,Alluvial,5.13,66,71,81,34.2,729,50.4,High,9.1,611.32,1.511
2021,Tomato,Laterite,7.06,144,119,113,17.1,531,49.5,High,9.1,8782.19,21.701
2022,Garlic,Loam,7.94,118,36,80,30.5,422,69.6,Medium,5.9,839.63,2.075
2025,Soybean,Silt Loam,5.78,39,54,40,37.8,445,40.5,Low,11.7,325.52,0.804
2021,Apple,Peaty,6.8,71,28,89,37.5,415,79.4,Low,6.7,980.68,2.423
2022,Apple,Black Soil,4.73,99,10,110,12.6,691,61.7,High,9.5,3297.42,8.148
2021,Maize,Clay Loam,6.88,101,49,16,19.4,1102,84.1,Low,11.9,1684.19,4.162
2026,Cotton,Red Soil,5.96,90,56,36,10.6,1317,34.1,Medium,7.1,209.57,0.518
2020,Soybean,Black Soil,5.44,124,65,26,24.5,673,36.9,High,8.3,800.4,1.978
2023,Groundnut,Clay Loam,6.54,32,73,19,23.4,896,38.0,Medium,5.6,944.22,2.333
2025,Rice,Black Soil,7.08,156,72,69,39.3,748,72.2,High,4.5,520.65,1.287
2023,Cotton,Sandy Loam,8.12,55,80,51,27.5,278,43.5,Medium,10.8,323.93,0.8
2024,Sugarcane,Alluvial,7.54,196,134,104,15.9,2020,85.8,Medium,9.3,11358.74,28.068
2026,Maize,Peaty,7.59,151,84,44,19.1,927,64.6,Medium,8.5,1672.38,4.133
2020,Chickpea,Red Soil,8.67,37,58,34,32.9,150,73.3,Medium,9.0,151.75,0.375
2021,Coffee,Silt Loam,5.94,100,42,106,12.5,1777,58.4,Medium,9.3,465.09,1.149
2026,Coffee,Clay Loam,8.34,133,10,99,31.7,1653,50.5,Medium,10.8,159.83,0.395
2021,Soybean,Loam,4.77,81,30,24,18.4,517,59.7,High,7.8,362.62,0.896
2021,Watermelon,Laterite,6.67,137,45,104,11.1,912,47.1,High,7.4,3703.35,9.151
2022,Rice,Black Soil,6.98,75,69,33,21.0,1288,36.5,High,10.1,1426.61,3.525
2022,Potato,Silt Loam,7.45,165,52,93,18.0,217,41.2,Medium,8.4,2590.71,6.402
2022,Tea,Alluvial,8.16,164,105,67,28.1,1937,35.2,Low,9.5,392.06,0.969
2023,Mustard,Peaty,7.95,104,43,10,15.8,150,50.6,Medium,10.8,351.5,0.869
2026,Tomato,Saline,7.19,146,63,136,38.3,304,94.7,High,7.6,1910.12,4.72
2026,Tomato,Saline,8.59,103,99,130,19.5,150,71.2,Low,9.0,1850.11,4.572
2025,Maize,Red Soil,5.3,128,10,108,16.5,423,70.8,Medium,11.4,355.04,0.877
2021,Banana,Sandy Loam,5.81,162,90,237,23.0,1629,91.6,High,5.8,13520.53,33.41
2023,Rice,Silt Loam,6.6,126,36,60,16.9,1326,48.8,Medium,7.0,936.42,2.314
2026,Maize,Laterite,4.57,161,92,44,12.3,1022,46.7,Medium,11.5,447.79,1.107
2026,Potato,Peaty,6.68,101,102,138,24.0,566,53.4,Medium,8.3,6154.21,15.207
2025,Mustard,Black Soil,7.46,140,16,25,10.9,618,44.3,High,5.3,454.94,1.124
2024,Watermelon,Peaty,5.75,150,67,76,13.9,288,49.4,Low,10.2,2442.3,6.035
2021,Coffee,Red Soil,8.03,144,39,114,19.9,1574,46.6,High,6.8,321.29,0.794
2023,Banana,Red Soil,8.63,244,76,266,23.7,1653,48.9,Low,8.5,11339.55,28.021
2023,Groundnut,Loam,6.17,10,77,10,37.8,603,59.4,Medium,6.2,333.23,0.823
2021,Sugarcane,Saline,5.89,244,121,80,23.4,2214,77.5,Low,6.9,12569.99,31.061
2024,Soybean,Alluvial,5.99,31,73,80,38.1,948,69.7,Low,11.5,614.08,1.517
2026,Barley,Loam,6.8,128,65,45,38.7,385,45.4,High,11.1,876.56,2.166
2020,Sugarcane,Clay Loam,7.37,209,84,37,33.9,2242,42.2,Medium,10.0,18819.55,46.504
2021,Chickpea,Peaty,8.13,32,38,51,17.3,574,59.3,Medium,11.4,696.18,1.72
2020,Soybean,Silt Loam,5.55,95,41,18,36.9,679,50.9,High,8.2,324.86,0.803
2025,Mustard,Black Soil,4.96,70,46,31,10.2,458,79.7,Low,8.1,394.04,0.974
2023,Coffee,Laterite,6.24,203,38,60,10.2,1715,48.1,Low,7.2,236.15,0.584
2024,Garlic,Sandy Loam,6.48,74,36,45,28.6,157,65.4,Medium,5.0,590.88,1.46
2021,Soybean,Alluvial,4.53,12,31,50,36.0,621,58.9,Low,6.4,138.76,0.343
2026,Mustard,Sandy Loam,5.65,50,36,10,17.0,574,71.3,High,11.9,480.45,1.187
2026,Groundnut,Laterite,5.09,54,56,52,39.5,999,59.8,Medium,7.2,334.25,0.826
2024,Mustard,Alluvial,6.73,51,53,74,23.3,535,31.8,High,7.6,952.35,2.353
2021,Watermelon,Silt Loam,6.42,103,24,112,23.7,323,70.4,Medium,6.4,5106.93,12.619
2023,Watermelon,Silt Loam,4.67,165,69,120,17.6,283,83.5,High,4.7,2315.53,5.722
2023,Chickpea,Laterite,7.92,64,10,81,13.2,761,83.8,High,9.0,327.38,0.809
2021,Tea,Laterite,8.37,129,10,81,27.2,733,90.6,High,10.9,126.8,0.313
2023,Maize,Saline,7.31,106,53,25,20.4,1063,63.4,Low,8.3,1319.57,3.261
2022,Tomato,Loam,6.39,155,80,133,23.8,956,33.6,Low,7.4,13171.68,32.548
2024,Chickpea,Clay Loam,4.78,23,48,35,24.3,929,73.0,Medium,9.7,457.4,1.13
2025,Coffee,Laterite,7.37,165,22,147,32.1,1593,62.6,Low,8.6,157.91,0.39
2022,Tomato,Sandy Loam,7.21,89,151,128,29.0,1530,74.4,Low,10.0,6346.84,15.683
2025,Mustard,Black Soil,6.22,75,54,31,13.3,150,43.2,Low,12.0,349.99,0.865
2022,Tea,Laterite,5.62,151,47,89,30.6,1912,48.4,Low,9.6,457.43,1.13
2024,Rice,Silt Loam,7.16,140,29,17,28.1,986,51.0,Low,10.2,1089.13,2.691
2023,Rice,Sandy Loam,8.16,120,72,15,19.4,981,76.3,Low,5.4,289.79,0.716
2020,Coffee,Laterite,4.56,126,23,99,36.9,1895,67.3,Low,6.8,121.63,0.301
2024,Cotton,Red Soil,8.73,154,29,18,20.6,195,89.5,High,6.1,98.96,0.245
2021,Wheat,Red Soil,8.4,143,58,10,15.6,970,49.7,High,4.7,430.28,1.063
2024,Banana,Sandy Loam,5.35,187,93,218,26.1,2113,70.9,High,6.1,13581.35,33.56
2026,Sunflower,Alluvial,8.76,107,38,58,13.2,376,80.7,Low,11.3,223.07,0.551
2024,Tomato,Peaty,7.78,112,93,117,32.1,614,47.4,High,11.3,4695.26,11.602
2025,Apple,Silt Loam,7.59,97,32,74,34.7,926,45.3,High,9.2,2295.49,5.672
2021,Soybean,Laterite,5.66,10,42,28,29.9,1208,38.8,Medium,11.8,414.48,1.024
2025,Barley,Laterite,6.74,112,28,18,12.8,215,56.0,Low,7.4,449.69,1.111
2026,Tomato,Alluvial,5.71,164,95,95,37.9,1079,59.0,High,9.7,4770.73,11.789
2024,Groundnut,Silt Loam,6.65,37,24,69,20.3,726,55.4,Medium,11.1,1177.62,2.91
2021,Groundnut,Peaty,5.16,60,42,47,29.3,463,52.4,Medium,5.4,466.1,1.152
2026,Potato,Clay Loam,8.63,180,62,111,23.7,441,63.7,Low,4.1,2829.0,6.991
2020,Banana,Red Soil,5.5,179,68,281,16.3,1923,83.9,High,7.3,6861.4,16.955
2026,Garlic,Loam,4.73,79,48,66,25.2,734,58.7,High,5.0,1457.06,3.6
2021,Apple,Sandy Loam,7.02,85,10,99,23.9,898,51.8,Medium,11.6,2451.02,6.057
2025,Tomato,Alluvial,8.36,119,86,118,15.4,916,49.7,Medium,4.4,3719.25,9.19
2021,Rice,Alluvial,5.04,136,41,47,35.7,1865,76.5,Medium,7.4,857.04,2.118
2022,Barley,Black Soil,5.56,122,63,60,36.8,1047,35.1,Low,6.6,387.94,0.959
2026,Onion,Alluvial,6.27,75,18,48,10.2,982,39.5,Medium,5.3,2724.48,6.732
2024,Onion,Silt Loam,7.18,65,13,96,22.0,852,91.6,Low,7.3,5343.61,13.204
2022,Tea,Loam,4.88,194,19,84,34.2,1637,91.9,High,4.4,320.09,0.791
2020,Sunflower,Clay Loam,5.68,98,58,45,17.7,1729,75.6,High,4.1,385.69,0.953
2024,Sugarcane,Black Soil,6.48,200,60,89,30.5,2357,61.5,Low,5.2,22656.46,55.985
2024,Wheat,Loam,8.25,82,68,40,12.2,794,70.7,High,6.0,512.74,1.267
2020,Watermelon,Red Soil,5.07,127,119,150,12.7,886,85.6,Medium,4.8,2217.76,5.48
2026,Mustard,Silt Loam,4.94,27,72,13,29.2,652,45.3,Medium,9.7,240.96,0.595
2021,Mustard,Alluvial,6.45,115,46,57,12.4,360,53.5,Medium,6.9,731.94,1.809
2026,Watermelon,Alluvial,5.97,90,96,102,27.6,269,90.7,Low,9.8,8524.87,21.065
2024,Cotton,Laterite,4.96,193,40,57,23.4,982,87.0,Medium,6.3,291.14,0.719
2024,Coffee,Alluvial,8.65,101,22,113,32.8,1041,43.4,Low,9.7,112.56,0.278
2026,Soybean,Peaty,6.92,28,76,29,11.6,575,86.8,Low,6.8,297.84,0.736
2023,Chickpea,Loam,4.85,22,56,32,18.1,729,75.7,Medium,9.3,476.76,1.178
2023,Maize,Loam,7.63,155,70,36,30.0,899,42.7,High,6.5,1211.93,2.995
2021,Watermelon,Black Soil,4.98,113,99,109,32.2,492,37.7,Medium,10.1,7801.46,19.278
2025,Maize,Red Soil,6.67,115,39,75,32.4,1085,31.0,High,9.8,1398.88,3.457
2020,Sugarcane,Black Soil,5.38,287,101,80,18.4,1145,54.0,Medium,5.3,4106.33,10.147
2026,Rice,Clay Loam,6.68,174,25,49,21.7,1149,46.7,High,4.7,1226.31,3.03
2026,Soybean,Clay Loam,7.48,23,44,39,12.2,874,75.7,High,7.2,327.43,0.809
2021,Maize,Black Soil,5.61,172,39,17,11.5,427,56.1,Low,6.8,232.13,0.574
2021,Sugarcane,Loam,5.16,171,43,99,31.2,1644,42.4,Low,6.9,9615.84,23.761
2021,Apple,Sandy Loam,6.03,71,10,143,10.1,150,93.2,Medium,5.3,1250.62,3.09
2026,Groundnut,Saline,8.34,88,57,59,15.0,1094,81.8,High,9.8,276.33,0.683
2026,Garlic,Saline,6.17,59,43,85,25.6,491,88.7,Medium,4.4,1452.14,3.588
2022,Soybean,Saline,6.01,117,89,18,20.9,975,84.8,Low,5.6,481.43,1.19
2025,Wheat,Black Soil,6.95,163,55,66,39.0,203,55.3,Low,11.6,375.11,0.927
2022,Watermelon,Clay Loam,6.01,117,59,125,23.3,258,61.5,Low,10.2,5745.75,14.198
2023,Potato,Clay Loam,8.15,56,73,135,31.9,161,42.6,High,8.5,683.98,1.69
2022,Sugarcane,Laterite,6.69,146,97,87,24.0,1998,33.4,Medium,4.3,14113.31,34.875
2025,Tomato,Red Soil,7.7,222,79,108,23.8,306,71.9,Medium,9.2,4992.29,12.336
2025,Groundnut,Peaty,6.28,10,72,37,23.4,1121,92.1,High,11.4,825.19,2.039
2024,Coffee,Loam,7.21,126,59,104,29.0,1349,89.5,Medium,8.9,373.61,0.923
2026,Potato,Silt Loam,7.69,138,97,98,17.4,560,59.9,Low,9.0,6364.4,15.727
2025,Sugarcane,Peaty,4.88,233,117,76,30.8,1073,58.6,Medium,10.9,11052.83,27.312
2022,Sunflower,Clay Loam,6.75,87,51,66,16.2,304,43.3,Low,5.5,344.48,0.851
2021,Mustard,Silt Loam,7.93,53,53,21,14.1,726,36.7,High,9.8,625.06,1.545
2025,Mustard,Saline,7.04,87,42,31,33.2,763,66.5,Low,8.4,371.65,0.918
2025,Potato,Black Soil,7.06,137,87,111,24.5,579,84.7,High,12.0,5586.85,13.805
2026,Sunflower,Sandy Loam,8.4,105,29,27,20.4,564,47.2,Medium,9.5,457.67,1.131
2026,Sunflower,Black Soil,5.44,92,95,33,26.4,1038,70.4,High,8.3,828.54,2.047
2022,Coffee,Red Soil,6.57,148,10,116,22.7,1781,76.5,High,8.8,478.63,1.183
2024,Wheat,Loam,8.33,62,32,33,25.7,635,93.9,Low,10.7,711.1,1.757
2023,Barley,Alluvial,7.82,78,48,48,34.0,649,63.1,High,5.9,508.5,1.257
2021,Garlic,Silt Loam,5.47,115,60,44,15.6,911,66.1,High,11.2,3077.16,7.604
2020,Soybean,Laterite,5.58,66,68,106,15.7,401,82.3,High,11.7,395.78,0.978
2025,Wheat,Loam,5.12,58,11,23,25.7,567,79.5,High,9.7,670.85,1.658
2024,Sunflower,Peaty,5.72,98,83,10,30.3,1180,42.3,Medium,10.5,544.16,1.345
2025,Tomato,Black Soil,5.23,131,95,121,34.8,593,90.2,Low,8.0,2781.69,6.874
2026,Banana,Loam,8.26,99,62,281,18.6,1376,46.2,Medium,6.8,5411.27,13.372
2022,Banana,Loam,5.67,168,51,237,37.6,2050,68.8,Medium,6.9,9992.69,24.692
2021,Groundnut,Silt Loam,5.0,33,23,40,36.1,739,79.7,Low,6.0,267.23,0.66
2025,Garlic,Laterite,6.25,112,118,33,34.6,705,75.0,High,8.4,1446.06,3.573
2023,Tomato,Peaty,5.1,170,141,85,37.2,1070,68.2,High,4.7,2253.03,5.567
2026,Maize,Sandy Loam,6.64,139,87,36,15.7,742,42.9,High,7.5,1339.82,3.311
2023,Barley,Saline,6.3,61,16,24,27.2,241,58.7,Medium,6.8,263.13,0.65
2020,Cotton,Sandy Loam,5.06,120,82,31,17.4,876,46.5,Medium,8.4,239.22,0.591
2020,Mustard,Sandy Loam,5.5,65,59,10,26.3,150,34.7,Medium,10.3,161.0,0.398
2020,Chickpea,Laterite,6.03,10,34,52,27.1,209,49.7,High,7.7,178.14,0.44
2023,Sunflower,Loam,6.84,114,66,34,31.3,490,83.5,Low,10.9,892.45,2.205
2020,Garlic,Peaty,8.31,84,52,72,11.1,1039,31.1,Low,8.4,1645.02,4.065
2022,Rice,Black Soil,8.51,105,38,66,10.1,1432,45.5,Medium,11.5,554.81,1.371
2024,Chickpea,Loam,6.37,32,35,38,25.5,150,92.6,Medium,5.4,229.44,0.567
2026,Soybean,Peaty,6.5,45,43,33,39.2,753,65.4,Medium,8.5,592.36,1.464
2023,Potato,Laterite,7.97,145,78,96,34.2,829,39.0,Low,7.4,1487.16,3.675
2023,Wheat,Black Soil,8.26,125,89,26,22.0,913,50.6,Low,7.7,840.34,2.077
2025,Sunflower,Clay Loam,4.98,79,55,10,23.0,824,57.7,Low,6.7,423.19,1.046
2025,Apple,Red Soil,4.73,136,54,82,26.1,804,90.8,Medium,8.8,2159.2,5.335
2025,Rice,Laterite,5.43,159,36,63,16.4,1081,90.6,Medium,4.7,591.16,1.461
2025,Coffee,Saline,6.06,119,33,89,27.6,1943,68.4,Medium,9.8,482.82,1.193
2021,Onion,Alluvial,5.83,158,10,84,35.7,150,74.8,High,8.8,823.5,2.035
2026,Soybean,Silt Loam,4.81,42,39,28,15.4,150,67.6,High,11.7,140.98,0.348
2020,Rice,Saline,6.56,140,48,16,31.1,1423,85.5,High,4.0,818.97,2.024
2020,Onion,Sandy Loam,5.14,10,69,75,36.9,150,82.4,Low,4.0,235.97,0.583
2022,Banana,Saline,5.63,137,70,258,24.5,1819,43.0,High,5.7,10581.7,26.148
2023,Garlic,Black Soil,7.15,113,41,109,11.2,948,56.2,High,9.2,3358.26,8.298
2026,Soybean,Laterite,6.34,88,10,43,33.0,150,82.8,Low,10.9,203.78,0.504
2020,Mustard,Black Soil,7.78,66,27,25,23.4,972,30.5,High,10.6,679.58,1.679
2025,Sunflower,Loam,6.22,15,63,50,18.9,1092,60.6,High,5.6,369.14,0.912
2020,Onion,Sandy Loam,6.85,155,39,92,11.2,866,42.6,Medium,8.3,4355.53,10.763
2023,Potato,Sandy Loam,7.95,159,108,84,14.8,475,59.6,Low,9.6,3782.08,9.346
2020,Tomato,Loam,5.3,177,105,89,26.0,150,30.0,High,5.9,2501.95,6.182
2021,Barley,Peaty,7.55,62,39,43,32.2,782,75.5,Medium,7.2,456.67,1.128
2023,Garlic,Black Soil,4.54,68,64,42,35.9,1291,89.6,Low,12.0,932.37,2.304
2021,Groundnut,Silt Loam,8.51,10,86,26,10.6,577,87.1,Medium,8.2,199.82,0.494
2020,Maize,Alluvial,6.61,157,58,69,37.3,711,91.3,High,8.2,1253.1,3.096
2022,Garlic,Peaty,6.17,114,48,57,25.7,488,46.8,High,7.3,2754.21,6.806
2024,Tea,Clay Loam,7.31,86,58,75,13.8,1975,53.2,High,8.7,389.83,0.963
2023,Potato,Red Soil,8.78,120,60,85,24.6,673,93.0,Medium,9.8,4039.9,9.983
2021,Sugarcane,Peaty,7.46,235,67,62,10.3,1378,75.6,High,4.9,6657.91,16.452
2025,Banana,Laterite,7.79,254,59,230,15.2,1811,66.0,Medium,8.2,6473.41,15.996
2020,Chickpea,Silt Loam,8.73,55,68,20,27.1,1187,33.0,Low,9.0,509.42,1.259
2023,Tea,Red Soil,7.32,149,15,46,34.6,1893,50.7,Low,9.8,185.19,0.458
2025,Barley,Red Soil,6.27,140,68,30,35.8,529,59.8,Medium,6.1,482.67,1.193
2024,Coffee,Alluvial,7.72,93,38,96,39.8,1353,62.6,High,5.9,132.91,0.328
2020,Coffee,Black Soil,8.47,89,73,182,26.8,1616,61.6,Medium,8.0,291.79,0.721
2022,Cotton,Silt Loam,6.5,93,77,22,29.1,664,61.9,Low,7.5,655.85,1.621
2026,Banana,Black Soil,6.46,181,41,220,28.3,1710,66.8,Medium,9.7,27193.26,67.196
2025,Barley,Laterite,5.98,63,25,37,32.9,712,53.9,Low,5.1,315.81,0.78
2026,Onion,Laterite,8.66,156,70,149,15.1,150,51.0,Low,7.5,1327.1,3.279
2021,Sunflower,Black Soil,7.6,146,19,30,15.7,443,61.5,High,6.8,326.76,0.807
2026,Sugarcane,Laterite,4.63,227,65,127,39.8,1662,72.8,Medium,4.4,5749.03,14.206
2026,Sunflower,Saline,6.89,93,67,37,26.4,664,68.2,Low,11.2,1144.23,2.827
2020,Banana,Clay Loam,5.05,142,47,274,10.9,1463,92.8,Medium,8.2,4782.9,11.819
2025,Soybean,Saline,7.11,10,51,31,36.0,894,56.2,Low,5.7,183.91,0.454
2024,Banana,Sandy Loam,7.67,210,27,261,38.3,1575,63.7,Medium,6.8,4839.03,11.957
2025,Groundnut,Black Soil,6.0,10,24,39,13.7,1135,80.5,Medium,8.5,381.54,0.943
2023,Onion,Loam,5.2,66,63,104,17.0,1013,47.5,High,9.2,3640.37,8.996
2024,Potato,Sandy Loam,8.18,114,50,110,30.8,150,57.5,Low,6.4,573.48,1.417
2025,Sunflower,Peaty,6.23,61,64,10,39.6,507,66.5,High,9.5,351.49,0.869
2026,Mustard,Loam,7.29,70,10,37,11.8,150,34.3,Medium,9.5,343.27,0.848
2023,Sugarcane,Black Soil,6.63,201,74,86,20.7,1503,63.5,High,6.4,13561.12,33.51
2026,Maize,Loam,7.47,164,30,15,24.1,523,50.1,Medium,9.3,1334.3,3.297
2024,Apple,Loam,6.36,113,48,128,10.2,822,32.3,High,11.3,8399.96,20.757
2022,Apple,Loam,8.12,152,23,112,35.0,842,59.8,Medium,9.4,1707.43,4.219
2026,Groundnut,Silt Loam,5.75,42,76,71,35.0,658,84.1,Low,9.6,914.5,2.26
2020,Mustard,Silt Loam,6.64,36,36,56,20.3,335,62.3,Medium,7.2,694.16,1.715
2024,Wheat,Clay Loam,8.62,135,79,26,16.4,329,69.2,Low,8.0,498.79,1.233
2024,Sugarcane,Loam,7.91,130,97,63,17.6,1855,42.1,Low,5.8,6152.61,15.203
2021,Tea,Peaty,7.12,120,56,88,11.7,1562,54.0,High,8.0,333.01,0.823
2020,Onion,Alluvial,5.68,115,43,108,18.2,1036,39.7,Medium,7.6,5606.25,13.853
2024,Tomato,Black Soil,6.19,164,90,102,34.9,933,75.8,Medium,11.6,6061.5,14.978
2024,Potato,Loam,6.43,95,75,75,25.9,761,73.1,High,4.9,4482.89,11.077
2023,Wheat,Peaty,5.97,101,79,28,38.5,689,70.5,Low,9.7,724.5,1.79
2022,Cotton,Black Soil,6.2,51,104,54,22.5,807,34.8,Low,5.5,446.72,1.104
2021,Sugarcane,Clay Loam,8.31,203,109,109,19.1,1493,41.4,Low,10.3,6651.74,16.437
2026,Tomato,Sandy Loam,7.09,151,106,111,35.2,452,71.5,Low,4.4,2405.03,5.943
2024,Sugarcane,Silt Loam,4.9,190,112,64,14.4,2317,56.4,Low,4.9,4810.31,11.887
2025,Rice,Alluvial,8.3,143,54,23,36.8,984,79.1,Low,9.1,424.88,1.05
2023,Cotton,Loam,7.04,138,75,68,24.3,1176,71.7,Low,4.3,1002.52,2.477
2020,Sunflower,Silt Loam,4.64,109,79,52,22.5,372,50.9,Medium,11.8,610.57,1.509
2021,Apple,Saline,7.72,181,55,77,33.0,786,78.6,Medium,6.5,1095.38,2.707
2022,Chickpea,Silt Loam,8.29,10,24,35,23.9,766,36.5,High,4.3,406.03,1.003
2023,Onion,Saline,5.96,99,44,62,18.4,150,67.8,High,4.4,1712.64,4.232
2023,Rice,Alluvial,8.5,111,45,28,38.0,1976,39.2,Medium,4.0,448.87,1.109
2024,Rice,Sandy Loam,6.72,159,90,62,14.0,1073,82.4,Low,11.9,687.39,1.699
2020,Watermelon,Clay Loam,5.05,36,102,94,36.7,1447,73.5,Medium,11.7,2624.31,6.485
2023,Apple,Sandy Loam,4.56,105,20,100,33.6,928,84.6,Medium,9.2,1314.5,3.248
2022,Wheat,Red Soil,4.61,47,87,25,36.9,150,32.0,Medium,11.0,135.68,0.335
2025,Garlic,Saline,6.22,90,74,35,17.9,1109,92.1,High,8.8,2796.51,6.91
2020,Wheat,Saline,7.38,139,35,10,39.7,614,84.9,Low,5.9,218.69,0.54
2023,Tomato,Loam,6.57,84,74,164,29.6,1087,34.6,High,9.0,8066.47,19.933
2024,Tomato,Laterite,8.18,181,39,90,22.2,718,32.3,Medium,8.2,4674.88,11.552
2024,Garlic,Loam,8.4,86,75,23,31.9,378,38.6,High,9.4,749.73,1.853
2024,Mustard,Clay Loam,4.56,100,67,10,33.7,385,57.4,High,7.3,170.59,0.422
2022,Tea,Saline,5.35,120,10,127,29.6,2453,55.2,Low,9.2,365.75,0.904
2026,Maize,Sandy Loam,6.19,84,42,18,14.5,1297,58.7,High,7.9,703.09,1.737
2023,Tomato,Sandy Loam,5.61,166,114,101,34.1,343,32.9,Low,11.9,2441.99,6.034
2022,Garlic,Saline,6.81,77,64,32,13.6,474,72.1,Medium,9.7,2459.78,6.078
2020,Watermelon,Peaty,5.62,88,82,113,27.9,724,51.9,High,6.1,6948.95,17.171
2021,Soybean,Saline,7.29,10,48,40,37.1,919,52.5,High,5.4,168.36,0.416
2022,Garlic,Saline,8.05,106,81,76,17.0,603,35.5,Medium,6.1,1858.74,4.593
2021,Barley,Red Soil,5.66,113,56,65,32.6,150,61.4,Low,6.6,151.72,0.375
2026,Maize,Sandy Loam,7.32,123,42,41,18.2,677,43.6,Low,7.6,1182.18,2.921
2026,Sunflower,Laterite,6.06,129,39,61,30.8,1325,44.4,Low,9.4,708.88,1.752
2026,Potato,Clay Loam,5.67,99,91,90,27.7,150,59.5,Medium,10.0,2536.39,6.268
2021,Groundnut,Clay Loam,7.91,48,31,66,34.4,369,59.7,High,11.5,419.48,1.037
2025,Garlic,Alluvial,7.96,82,10,47,13.4,1159,75.9,Low,11.3,1907.14,4.713
2020,Banana,Sandy Loam,5.91,223,10,217,38.1,1935,43.6,Low,5.9,4168.81,10.301
2021,Groundnut,Clay Loam,4.8,10,26,87,26.0,740,90.5,Low,11.6,628.53,1.553
2023,Apple,Black Soil,7.34,78,35,127,27.6,810,88.8,Low,4.7,1625.48,4.017
2021,Wheat,Black Soil,8.75,101,56,50,16.0,1043,62.2,High,9.9,838.25,2.071
2021,Mustard,Sandy Loam,7.35,134,10,13,31.9,166,64.4,High,6.3,123.66,0.306
2023,Groundnut,Peaty,5.72,55,32,53,21.2,629,74.3,Low,4.5,702.53,1.736
2021,Chickpea,Laterite,6.23,21,51,16,31.3,329,80.8,Low,6.9,152.81,0.378
2023,Banana,Clay Loam,4.94,220,38,214,33.5,1116,92.6,Low,5.0,4532.54,11.2
2026,Garlic,Peaty,7.96,10,83,90,16.0,807,89.1,Medium,11.9,1391.25,3.438
2024,Wheat,Alluvial,4.74,105,78,10,20.0,640,51.5,High,4.2,657.95,1.626
2025,Apple,Laterite,5.86,73,10,124,27.3,1030,54.5,Low,9.3,2047.38,5.059
2026,Onion,Loam,6.51,107,56,87,21.0,823,36.9,Low,9.5,10942.55,27.04
2022,Garlic,Loam,7.0,66,52,11,19.7,500,46.5,Medium,11.3,2854.02,7.052
2022,Cotton,Sandy Loam,7.55,48,31,17,27.7,980,89.4,Medium,10.4,769.52,1.902
2020,Potato,Loam,5.91,120,74,73,24.3,863,69.3,High,7.8,5655.07,13.974
2021,Barley,Peaty,4.96,95,27,77,25.3,550,57.5,Medium,7.2,536.03,1.325
2024,Groundnut,Laterite,8.36,10,10,10,33.5,616,84.4,Medium,10.6,258.39,0.638
2021,Potato,Sandy Loam,8.06,106,95,86,11.2,793,43.1,Medium,5.4,2228.74,5.507
2022,Maize,Peaty,5.66,87,67,50,21.9,1058,78.5,Medium,10.9,1452.98,3.59
2025,Watermelon,Peaty,5.97,172,79,116,31.1,150,66.3,Low,11.2,5099.34,12.601
2026,Chickpea,Clay Loam,5.72,18,37,10,28.2,150,38.1,Low,4.2,98.63,0.244
2021,Wheat,Sandy Loam,7.28,125,88,24,18.5,247,64.5,High,4.4,592.36,1.464
2024,Mustard,Black Soil,6.72,65,32,68,33.7,150,40.2,Medium,7.5,218.53,0.54
2021,Garlic,Clay Loam,6.17,72,29,15,25.4,1159,41.1,High,9.3,1782.93,4.406
2025,Coffee,Silt Loam,7.11,172,62,137,31.1,1170,85.8,High,11.7,391.65,0.968
2024,Chickpea,Peaty,6.82,10,44,10,23.5,517,93.7,Low,6.8,467.71,1.156
2020,Watermelon,Saline,5.14,105,30,111,16.8,252,94.1,High,6.5,983.94,2.431
2024,Wheat,Sandy Loam,4.78,108,20,40,22.4,559,47.6,High,5.7,497.08,1.228
2025,Coffee,Loam,8.19,212,46,111,30.2,1721,58.7,Medium,11.6,287.43,0.71
2022,Garlic,Silt Loam,8.13,112,25,87,26.0,823,71.5,Medium,11.6,1561.08,3.858
2026,Garlic,Alluvial,5.45,67,33,16,15.1,685,35.5,Medium,9.2,2674.37,6.609
2024,Tomato,Sandy Loam,4.97,98,70,122,38.2,673,86.4,Low,6.3,1528.13,3.776
2020,Wheat,Peaty,8.24,55,113,66,37.8,1037,81.2,Low,4.9,252.79,0.625
2021,Sunflower,Red Soil,6.44,80,32,10,20.7,557,40.6,High,7.9,707.56,1.748
2020,Tomato,Laterite,6.78,198,129,84,39.1,573,56.4,Medium,8.6,3886.55,9.604
2023,Chickpea,Black Soil,7.66,61,63,10,34.5,793,82.2,Low,10.8,335.59,0.829
2025,Sunflower,Red Soil,8.77,103,10,61,18.6,886,57.3,High,11.7,294.73,0.728
2021,Watermelon,Peaty,6.6,74,54,98,15.2,710,42.9,Low,6.2,4223.39,10.436
2021,Barley,Black Soil,7.8,45,38,44,23.9,874,79.6,Medium,8.1,871.24,2.153
2023,Garlic,Alluvial,4.54,118,40,67,25.9,1133,52.6,High,8.2,1404.92,3.472
2025,Chickpea,Saline,7.46,88,68,10,36.3,738,94.6,Low,4.8,193.19,0.477
2023,Onion,Saline,7.76,177,54,85,29.1,663,84.2,Medium,10.4,3319.14,8.202
2026,Potato,Alluvial,5.53,101,77,133,39.4,634,91.6,Medium,8.0,4742.75,11.72
2024,Groundnut,Laterite,6.3,103,95,10,37.8,587,68.3,High,7.3,357.82,0.884
2020,Coffee,Clay Loam,6.43,173,10,124,14.7,1538,56.8,Medium,4.3,340.32,0.841
2021,Watermelon,Alluvial,4.56,126,44,101,26.4,150,32.2,Medium,5.4,2688.07,6.642
2026,Sunflower,Alluvial,4.54,89,47,51,28.2,924,50.5,Low,4.7,490.82,1.213
2020,Sugarcane,Peaty,6.34,176,100,90,28.2,1692,92.6,Medium,8.7,29243.98,72.263
2025,Barley,Laterite,5.52,55,45,10,32.3,232,77.0,Medium,10.4,148.59,0.367
2022,Rice,Laterite,8.32,143,80,67,24.9,1522,50.4,Low,10.0,1089.62,2.693
2020,Coffee,Alluvial,5.42,103,10,97,15.3,1298,59.5,Low,7.1,288.59,0.713
2022,Tomato,Clay Loam,4.89,219,128,79,11.6,150,63.6,Low,8.0,999.27,2.469
2022,Sunflower,Sandy Loam,5.49,105,33,23,24.8,931,40.7,Medium,10.4,697.57,1.724
2024,Wheat,Red Soil,6.21,101,42,49,22.3,150,91.6,Low,5.0,517.73,1.279
2024,Chickpea,Black Soil,7.33,65,22,94,24.9,306,73.4,Medium,11.2,669.05,1.653
2023,Sunflower,Sandy Loam,5.89,90,49,10,32.9,579,62.0,Medium,6.7,363.1,0.897
2025,Potato,Saline,7.8,89,64,77,35.4,1002,76.1,Medium,8.7,1296.62,3.204
2026,Cotton,Peaty,4.86,145,21,19,17.9,188,52.3,High,7.3,80.99,0.2
2024,Tea,Peaty,7.01,203,62,75,17.3,1880,72.7,High,7.5,480.79,1.188
2025,Chickpea,Red Soil,6.64,29,49,76,13.1,150,59.5,Low,5.9,163.2,0.403
2022,Onion,Red Soil,6.44,119,75,115,31.5,556,89.6,High,8.5,3781.34,9.344
2026,Groundnut,Laterite,5.23,10,66,10,15.5,150,55.7,High,5.4,82.94,0.205
2020,Watermelon,Silt Loam,4.72,138,71,117,19.8,341,31.3,High,6.9,3428.65,8.472
2025,Mustard,Saline,8.74,110,58,22,12.5,541,61.4,Low,8.1,350.06,0.865
2022,Banana,Silt Loam,7.15,243,51,257,27.8,1295,38.0,High,11.8,24130.66,59.628
2021,Coffee,Black Soil,4.96,134,30,94,32.7,2102,92.7,High,4.9,189.27,0.468
2025,Tea,Peaty,8.05,119,35,76,18.3,1392,79.5,High,10.2,475.08,1.174
2025,Cotton,Clay Loam,8.16,146,63,48,23.5,150,30.8,Medium,8.5,383.01,0.946
2022,Mustard,Sandy Loam,6.86,140,64,70,21.8,150,75.1,Medium,9.2,584.41,1.444
2022,Tea,Peaty,7.77,131,72,30,31.1,2283,84.3,Low,9.5,159.31,0.394
2023,Banana,Black Soil,5.77,231,28,251,39.3,1718,77.1,High,7.5,7549.5,18.655
2020,Rice,Sandy Loam,6.23,211,36,64,28.0,1867,49.0,Low,9.5,2190.06,5.412
2021,Cotton,Black Soil,8.25,116,89,45,21.0,414,66.4,High,4.2,320.09,0.791
2020,Chickpea,Clay Loam,7.52,17,22,10,29.9,150,61.8,Medium,8.1,201.91,0.499
2022,Potato,Laterite,4.68,129,93,65,38.5,413,44.3,High,5.6,1658.04,4.097
2023,Tomato,Red Soil,7.67,174,79,127,20.9,593,85.7,High,6.1,6179.52,15.27
2021,Banana,Saline,7.87,201,79,273,16.1,1565,51.5,High,10.0,5489.37,13.565
2024,Tea,Red Soil,8.17,126,32,75,36.2,1499,37.8,Low,7.6,160.13,0.396
2021,Soybean,Alluvial,5.31,43,74,45,34.0,598,47.3,High,9.6,473.56,1.17
2022,Coffee,Peaty,4.68,185,90,162,26.5,1195,46.3,High,7.2,382.06,0.944
2022,Wheat,Sandy Loam,6.29,113,99,58,38.5,884,63.9,Low,6.1,564.58,1.395
2021,Onion,Loam,6.54,80,79,81,27.9,899,32.0,High,5.4,3926.09,9.702
2021,Barley,Red Soil,6.84,154,39,112,14.0,150,38.2,Low,11.5,598.28,1.478
2023,Sugarcane,Silt Loam,6.23,228,98,74,38.8,2250,83.3,Low,10.8,17798.87,43.982
2024,Cotton,Peaty,4.63,82,69,77,28.0,1537,90.8,Medium,4.1,391.75,0.968
2026,Maize,Loam,5.22,168,40,65,16.8,793,50.2,Low,11.9,884.84,2.186
2025,Watermelon,Laterite,5.39,154,73,131,14.6,150,87.0,Low,5.0,1125.59,2.781
2024,Mustard,Alluvial,5.2,95,45,10,26.6,173,81.8,Low,4.0,140.09,0.346
2022,Soybean,Saline,5.56,99,74,80,26.0,158,83.5,High,7.6,305.23,0.754
2020,Groundnut,Sandy Loam,5.02,38,40,33,28.8,738,52.0,High,5.0,474.46,1.172
2025,Maize,Sandy Loam,8.43,148,10,43,16.0,745,71.2,Low,6.0,305.8,0.756
2023,Garlic,Alluvial,6.03,119,26,13,15.4,296,79.7,Medium,10.3,2066.28,5.106
2024,Onion,Clay Loam,7.76,102,16,101,39.9,661,83.6,Medium,10.5,2590.99,6.402
2023,Mustard,Laterite,7.27,55,98,60,39.1,583,60.4,Low,8.6,469.94,1.161
2022,Sugarcane,Sandy Loam,8.56,197,73,78,24.9,1806,78.6,Medium,5.1,9271.74,22.911
2026,Rice,Sandy Loam,6.01,111,17,27,26.7,1896,36.5,Low,10.4,1917.75,4.739
2025,Watermelon,Clay Loam,6.65,65,69,106,12.2,150,88.9,High,8.2,2169.42,5.361
2023,Sugarcane,Red Soil,8.7,206,32,101,35.3,2490,79.5,Low,4.5,7175.25,17.73
2021,Mustard,Alluvial,5.48,111,26,51,31.2,1315,41.7,High,9.9,190.49,0.471
2020,Chickpea,Peaty,6.3,10,27,111,34.2,639,81.4,High,8.7,185.78,0.459
2023,Garlic,Saline,4.82,110,65,33,22.3,418,30.8,Low,6.4,843.47,2.084
2021,Tomato,Loam,4.7,165,95,89,12.1,1091,67.7,High,9.8,2910.99,7.193
2022,Tomato,Silt Loam,6.82,133,91,92,21.9,781,30.7,Medium,6.5,9718.02,24.014
2025,Sunflower,Sandy Loam,5.78,94,45,46,11.6,417,33.9,Medium,6.4,232.67,0.575
2024,Rice,Sandy Loam,4.54,167,62,17,21.3,1161,47.8,Medium,11.4,639.95,1.581
2022,Groundnut,Silt Loam,8.8,47,10,23,14.5,777,59.7,Low,7.1,179.14,0.443
2021,Watermelon,Silt Loam,5.89,116,56,52,28.8,386,85.9,Medium,6.1,6666.37,16.473
2021,Sunflower,Loam,7.44,137,58,40,20.8,912,60.2,High,9.5,1136.16,2.808
2022,Soybean,Red Soil,4.83,50,96,25,30.1,548,35.4,High,4.0,317.48,0.785
2023,Watermelon,Red Soil,4.69,72,57,87,24.9,1243,57.8,High,11.6,4588.91,11.339
2023,Apple,Sandy Loam,6.85,47,23,103,38.8,648,83.5,Medium,5.7,1265.47,3.127
2021,Watermelon,Laterite,6.78,53,46,115,30.2,553,34.9,Low,7.7,9272.28,22.912
2022,Mustard,Loam,7.23,65,10,39,20.4,248,51.7,High,4.9,466.78,1.153
2026,Chickpea,Saline,7.53,10,22,10,25.2,747,81.1,High,11.1,490.25,1.211
2025,Coffee,Red Soil,7.55,190,39,114,35.3,910,86.7,Medium,5.2,91.52,0.226
2021,Wheat,Sandy Loam,7.59,94,37,11,14.0,653,91.3,Medium,10.4,717.35,1.773
2025,Potato,Laterite,7.68,87,37,93,21.3,150,45.7,Medium,7.2,1222.4,3.021
2024,Barley,Black Soil,5.48,11,41,19,35.8,340,60.4,High,7.2,143.01,0.353
2025,Rice,Loam,5.75,138,10,35,24.1,1330,66.6,Low,10.4,1413.13,3.492
2022,Mustard,Sandy Loam,8.78,40,65,24,34.0,551,89.7,Low,8.8,207.51,0.513
2021,Sunflower,Saline,5.07,110,97,12,33.5,1453,43.0,Medium,6.3,160.78,0.397
2024,Potato,Laterite,8.46,157,68,93,36.1,150,53.3,High,8.8,901.86,2.229
2024,Banana,Alluvial,7.45,137,36,296,22.7,1714,68.2,Medium,7.8,15496.32,38.292
2025,Tea,Loam,8.03,74,86,45,21.5,1429,84.3,Low,11.7,320.9,0.793
2022,Apple,Red Soil,8.37,58,14,101,22.0,590,62.9,Medium,9.4,1605.26,3.967
2023,Onion,Sandy Loam,6.44,126,10,88,17.7,548,44.7,Medium,7.8,3737.76,9.236
2022,Cotton,Peaty,7.91,109,56,17,33.4,501,51.9,Low,8.4,370.25,0.915
2022,Soybean,Black Soil,8.12,71,47,91,25.3,518,70.4,High,7.2,544.24,1.345
2026,Coffee,Silt Loam,7.46,201,23,144,11.1,1531,36.9,Low,7.9,212.6,0.525
2023,Coffee,Alluvial,5.56,168,44,151,20.7,1898,83.3,Medium,4.4,718.64,1.776
2022,Potato,Clay Loam,5.67,161,89,85,26.0,150,32.3,Low,7.3,2456.45,6.07
2023,Cotton,Loam,4.68,88,52,51,29.4,505,32.1,Low,4.0,296.56,0.733
2023,Rice,Silt Loam,6.96,135,55,65,22.4,1278,73.9,Medium,8.5,1856.16,4.587
2026,Chickpea,Alluvial,7.19,25,57,50,38.7,196,75.3,High,8.8,266.88,0.659
2025,Cotton,Laterite,6.54,87,59,69,21.9,1043,69.2,Low,11.3,643.63,1.59
2020,Cotton,Loam,7.64,121,62,29,22.2,871,85.1,High,6.9,643.33,1.59
2021,Tomato,Silt Loam,4.74,251,116,125,24.4,689,51.6,Medium,5.2,5555.17,13.727
2020,Sugarcane,Silt Loam,7.36,172,109,72,31.4,2024,67.7,Low,5.4,20094.87,49.655
2025,Groundnut,Loam,6.32,10,10,69,38.1,654,87.9,Medium,10.4,435.16,1.075
2023,Mustard,Peaty,4.86,100,61,17,31.5,499,74.2,Low,10.6,234.25,0.579
2020,Soybean,Alluvial,4.5,27,76,43,12.9,350,91.0,Medium,5.0,135.43,0.335
2024,Sunflower,Clay Loam,4.59,168,68,50,29.4,150,74.6,Low,10.2,323.43,0.799
2023,Tomato,Clay Loam,5.81,97,88,95,30.3,776,91.0,High,4.4,5403.86,13.353
2024,Watermelon,Saline,5.08,107,91,118,25.9,542,53.0,High,10.4,5590.32,13.814
2020,Chickpea,Peaty,5.51,10,88,77,24.5,278,66.8,Low,9.7,270.45,0.668
2025,Tomato,Clay Loam,5.08,113,84,152,38.5,630,71.2,Low,6.8,2020.2,4.992
2025,Tomato,Loam,6.9,191,60,94,11.0,577,51.1,High,7.8,5382.73,13.301
2025,Soybean,Loam,8.36,35,74,35,20.0,257,41.5,Low,8.9,261.26,0.646
2022,Barley,Sandy Loam,7.78,87,56,42,31.9,425,62.7,Low,4.1,362.23,0.895
2025,Soybean,Red Soil,5.62,15,71,82,10.2,1109,94.0,Low,11.0,310.39,0.767
2023,Banana,Red Soil,6.92,225,50,237,26.7,1912,45.1,Low,4.0,19555.65,48.323
2024,Banana,Black Soil,6.48,193,81,194,23.4,2546,80.4,Low,8.2,21763.63,53.779
2026,Apple,Saline,6.45,70,52,91,32.3,711,38.4,High,8.2,2279.9,5.634
2026,Rice,Peaty,8.71,187,102,48,11.0,2155,69.8,High,9.7,573.68,1.418
2023,Sunflower,Saline,6.0,73,70,39,39.0,150,49.7,High,6.2,109.59,0.271
2021,Apple,Black Soil,6.6,52,29,46,26.2,718,73.9,High,9.1,3148.24,7.779
2021,Garlic,Silt Loam,5.24,34,50,38,12.8,710,76.7,Medium,4.6,1326.8,3.279
2025,Tea,Saline,4.57,109,83,65,23.2,1751,38.0,Medium,7.9,639.63,1.581
2026,Onion,Saline,4.64,114,69,78,21.9,1097,81.0,High,8.2,3341.26,8.256
2021,Watermelon,Black Soil,5.26,81,10,176,17.7,220,53.8,Low,7.5,971.28,2.4
2025,Tomato,Clay Loam,8.44,122,84,94,20.3,150,63.7,High,5.1,1935.82,4.784
2026,Barley,Sandy Loam,8.2,156,55,10,23.4,150,56.7,Medium,8.3,301.04,0.744
2022,Tomato,Black Soil,4.92,149,89,113,15.6,656,74.2,High,4.7,3545.82,8.762
2024,Groundnut,Black Soil,7.78,10,32,12,19.2,629,50.9,Low,5.3,341.31,0.843
2024,Tomato,Saline,6.67,138,101,141,36.9,657,40.8,Low,9.6,4482.11,11.076
2022,Garlic,Peaty,5.52,73,101,85,22.5,1114,54.7,Medium,7.1,2345.56,5.796
2023,Maize,Sandy Loam,7.82,187,89,47,18.2,289,60.9,Low,6.5,447.25,1.105
2020,Soybean,Silt Loam,5.19,63,56,50,25.0,638,86.8,High,4.7,716.97,1.772
2025,Wheat,Loam,4.88,160,56,27,34.4,1063,76.7,High,8.0,385.85,0.953
2024,Watermelon,Loam,6.05,42,32,116,34.9,431,37.1,Medium,4.9,4623.22,11.424
2022,Onion,Sandy Loam,7.33,94,54,104,20.6,833,65.4,High,5.2,5846.38,14.447
2022,Soybean,Peaty,8.03,70,36,45,37.2,798,50.1,High,11.8,285.49,0.705
2023,Groundnut,Saline,4.85,22,40,79,34.0,429,81.1,Medium,11.8,263.48,0.651
2023,Wheat,Silt Loam,8.25,141,101,46,15.0,404,81.1,High,6.0,573.41,1.417
2020,Soybean,Laterite,5.11,10,73,57,23.0,976,63.9,Medium,7.9,346.68,0.857
2023,Cotton,Loam,4.96,101,86,24,29.0,662,87.2,High,11.1,559.4,1.382
2020,Soybean,Red Soil,6.89,79,53,44,27.7,522,45.8,High,10.4,1049.17,2.593
2021,Rice,Loam,5.59,129,43,102,26.4,1609,33.3,High,10.0,2746.59,6.787
2022,Wheat,Sandy Loam,5.34,122,75,10,28.3,740,81.0,Low,5.9,428.62,1.059
2021,Watermelon,Black Soil,6.15,124,44,56,24.4,598,78.5,Low,5.6,7558.53,18.678
2023,Groundnut,Peaty,8.1,10,39,99,37.2,150,62.5,Medium,7.6,80.0,0.198
2022,Tomato,Laterite,8.17,133,128,113,39.8,1353,77.4,Medium,11.6,2086.93,5.157
2025,Tea,Sandy Loam,4.59,186,52,154,25.8,1656,57.6,Low,6.9,500.83,1.238
2025,Tomato,Alluvial,6.96,171,99,130,23.1,406,49.2,Medium,4.4,7259.29,17.938
2026,Banana,Loam,7.81,193,64,264,19.7,1513,69.8,High,5.3,10172.22,25.136
2022,Rice,Sandy Loam,7.9,114,51,69,36.5,1729,71.6,High,4.5,459.42,1.135
2026,Sunflower,Silt Loam,5.92,68,75,10,35.8,675,59.0,High,9.7,417.58,1.032
2026,Soybean,Red Soil,6.21,73,43,52,34.6,874,83.6,Medium,4.5,467.32,1.155
2020,Maize,Red Soil,5.77,118,59,30,22.1,1432,78.7,High,8.1,1340.14,3.312
2023,Onion,Clay Loam,6.95,104,50,145,21.8,1171,50.2,Low,6.0,6754.36,16.69
2025,Rice,Saline,6.43,67,73,59,18.6,1243,88.1,Low,4.1,555.43,1.372
2023,Watermelon,Red Soil,4.82,112,72,109,28.8,328,56.6,Medium,6.0,4434.15,10.957
2021,Watermelon,Black Soil,6.54,136,55,85,29.8,434,43.5,Medium,9.2,14202.79,35.096
2025,Onion,Sandy Loam,8.24,156,55,70,21.7,329,63.2,High,11.4,3174.13,7.843
2026,Tomato,Laterite,7.31,122,92,151,16.2,1578,78.3,High,5.8,4209.72,10.402
2020,Sugarcane,Clay Loam,8.51,253,99,82,24.6,1380,46.7,Low,8.2,9649.19,23.844
2021,Coffee,Alluvial,8.73,110,10,88,19.6,1597,69.0,Low,5.4,222.32,0.549
2024,Garlic,Laterite,6.93,68,43,56,27.7,902,39.0,Medium,4.0,1552.43,3.836
2024,Tomato,Silt Loam,4.82,124,108,99,23.1,850,91.8,High,8.8,7788.87,19.247
2020,Barley,Peaty,6.39,75,10,55,12.1,175,92.1,Medium,5.5,245.42,0.606
2020,Coffee,Peaty,5.07,156,35,117,21.1,1426,77.3,Medium,4.8,490.11,1.211
2020,Apple,Peaty,8.54,127,11,101,36.6,249,75.1,High,7.2,412.47,1.019
2020,Wheat,Black Soil,4.61,44,33,47,34.0,579,80.9,High,5.2,249.12,0.616
2025,Sunflower,Red Soil,7.13,97,44,41,17.8,150,77.0,Low,6.6,266.56,0.659
2024,Sunflower,Laterite,7.73,124,91,15,11.4,1170,44.7,Low,10.4,301.61,0.745
2024,Tomato,Loam,6.02,247,78,167,23.0,557,43.1,Low,5.7,9000.14,22.24
2022,Chickpea,Clay Loam,5.87,48,85,10,29.0,569,86.1,Low,8.1,289.01,0.714
2020,Barley,Red Soil,5.25,55,10,65,12.9,254,52.8,High,10.7,268.0,0.662
2023,Soybean,Alluvial,7.27,10,48,57,35.0,923,87.8,Medium,9.6,466.64,1.153
2021,Potato,Black Soil,5.08,98,69,123,25.2,921,52.3,Medium,5.5,4112.63,10.163
2026,Mustard,Silt Loam,8.33,98,31,83,35.6,783,49.0,High,5.0,228.79,0.565
2021,Watermelon,Peaty,7.4,150,69,96,18.6,169,36.8,High,10.1,4359.8,10.773
2023,Rice,Saline,4.97,159,28,50,39.1,610,34.3,Low,9.0,228.28,0.564
2021,Sunflower,Peaty,7.68,113,47,51,12.4,565,58.3,Medium,8.4,399.26,0.987
2023,Maize,Alluvial,5.51,134,42,81,15.3,1101,61.3,High,8.3,995.97,2.461
2021,Barley,Loam,5.05,95,10,68,29.7,644,69.6,Medium,7.3,221.94,0.548
2024,Sugarcane,Peaty,7.3,193,85,85,35.8,2662,47.9,High,9.7,20493.63,50.641
2021,Apple,Black Soil,8.09,159,10,69,33.3,609,58.2,Low,5.5,700.27,1.73
2022,Groundnut,Peaty,5.96,70,39,49,37.9,778,44.5,Medium,4.6,389.23,0.962
2022,Groundnut,Alluvial,5.2,71,41,18,32.3,1172,88.3,Low,11.4,569.56,1.407
2023,Apple,Sandy Loam,5.34,85,54,96,17.4,1218,59.1,High,11.5,5602.03,13.843
2021,Watermelon,Black Soil,5.59,122,108,79,30.7,150,88.9,Medium,5.0,2691.26,6.65
2022,Soybean,Red Soil,7.46,55,68,20,35.1,983,63.7,High,11.1,426.81,1.055
2021,Banana,Silt Loam,6.68,208,22,245,36.3,1591,55.7,Low,7.7,9359.96,23.129
2026,Chickpea,Peaty,4.68,64,49,52,23.8,150,60.5,Medium,10.6,249.81,0.617
2022,Banana,Loam,6.29,229,76,253,17.6,1900,90.1,High,10.2,18926.65,46.769
2020,Barley,Clay Loam,5.84,113,83,33,15.1,766,65.1,High,10.9,1177.8,2.91
2025,Mustard,Laterite,7.08,113,60,32,26.0,150,47.4,Medium,11.3,424.73,1.05
2023,Onion,Black Soil,6.86,95,29,97,11.8,580,62.9,Medium,7.0,3796.4,9.381
2021,Cotton,Red Soil,4.95,136,81,66,24.1,1065,43.7,High,8.3,500.27,1.236
2023,Sugarcane,Alluvial,5.67,238,88,101,20.9,1625,81.3,High,8.3,15341.66,37.91
2022,Chickpea,Clay Loam,5.4,22,38,55,37.8,515,64.4,Low,10.0,249.48,0.616
2023,Garlic,Alluvial,4.65,76,52,80,29.3,556,56.7,Low,10.9,1182.16,2.921
2025,Groundnut,Alluvial,8.54,10,10,65,20.9,171,81.1,Medium,5.0,134.71,0.333
2020,Onion,Red Soil,6.52,90,72,70,35.6,672,53.9,High,7.3,2847.07,7.035
2026,Mustard,Red Soil,5.27,123,69,10,35.0,150,79.5,High,6.6,80.0,0.198
2020,Banana,Laterite,7.59,201,63,258,38.2,2447,93.5,High,9.1,7719.7,19.076
2020,Garlic,Alluvial,7.23,21,73,31,26.1,286,89.7,High,9.5,1304.99,3.225
2020,Mustard,Black Soil,5.31,97,80,41,33.5,442,70.4,Low,10.6,275.49,0.681
2025,Wheat,Sandy Loam,4.53,63,49,27,11.7,892,33.4,Medium,7.4,401.31,0.992
2026,Apple,Laterite,8.44,112,10,54,31.1,1287,69.6,Medium,4.9,712.35,1.76
2026,Tea,Alluvial,6.48,218,10,135,20.3,1820,73.4,High,5.8,453.31,1.12
2020,Onion,Sandy Loam,8.68,98,51,87,10.0,704,53.8,Medium,10.6,2388.73,5.903
2022,Potato,Red Soil,8.03,59,89,123,16.2,150,51.1,Medium,9.1,1628.01,4.023
2026,Tea,Laterite,5.1,176,10,45,28.1,1997,47.1,High,6.0,337.15,0.833
2021,Watermelon,Sandy Loam,4.73,92,73,66,37.1,692,60.9,Low,5.8,2627.58,6.493
2026,Barley,Silt Loam,7.36,112,36,10,15.9,150,31.5,Low,4.4,395.99,0.979
2025,Chickpea,Loam,4.79,25,25,45,38.3,432,80.7,High,8.8,190.12,0.47
2020,Sunflower,Saline,6.99,67,56,48,23.3,337,66.8,Medium,6.5,494.7,1.222
2023,Apple,Laterite,6.15,88,62,93,35.9,694,55.5,Medium,4.0,2127.57,5.257
2022,Potato,Peaty,8.46,75,88,147,33.1,1082,54.2,High,6.0,1127.41,2.786
2025,Garlic,Sandy Loam,8.72,111,39,52,37.5,1029,59.3,Low,10.0,848.39,2.096
2022,Coffee,Clay Loam,7.75,143,80,142,18.5,1387,83.1,Medium,11.9,422.64,1.044
2023,Rice,Alluvial,5.84,139,55,27,32.0,1513,47.5,Low,7.6,1730.27,4.276
2024,Cotton,Red Soil,6.6,100,78,28,13.0,935,35.7,Medium,9.5,398.59,0.985
2023,Barley,Alluvial,6.78,53,67,36,34.9,743,53.7,Medium,4.8,465.87,1.151
2024,Watermelon,Silt Loam,6.5,106,70,133,24.9,258,65.4,High,5.8,8097.41,20.009
2022,Maize,Loam,8.35,140,63,54,28.7,885,31.6,Medium,7.2,966.77,2.389
2023,Rice,Loam,5.87,115,12,31,37.9,1004,71.9,High,10.8,723.44,1.788
2023,Groundnut,Laterite,8.79,91,35,55,31.8,182,50.4,High,10.6,204.32,0.505
2026,Onion,Red Soil,8.32,152,21,100,27.2,677,74.8,High,11.7,2872.3,7.098
2023,Mustard,Laterite,8.65,44,39,76,39.9,262,51.1,Low,8.1,118.54,0.293
2021,Onion,Sandy Loam,5.96,129,42,77,27.9,530,78.1,Low,9.0,3607.0,8.913
2026,Tomato,Peaty,8.52,215,71,155,31.4,661,53.9,Low,6.7,3136.38,7.75
2023,Mustard,Loam,4.91,25,46,20,20.5,173,71.9,Low,8.4,196.18,0.485
2021,Cotton,Peaty,6.57,33,19,62,26.4,754,92.0,Medium,5.4,495.89,1.225
2026,Onion,Peaty,5.46,120,46,27,19.5,217,38.0,Low,4.7,1257.14,3.106
2024,Soybean,Black Soil,5.98,10,69,52,25.6,751,77.1,High,6.9,577.71,1.428
2021,Maize,Laterite,8.35,172,87,94,29.9,610,81.0,Medium,9.4,886.1,2.19
2020,Tea,Sandy Loam,7.99,111,57,81,17.7,1517,90.0,High,5.0,311.59,0.77
2020,Tea,Black Soil,6.01,134,55,64,17.2,1740,89.7,High,5.1,628.65,1.553
2020,Potato,Loam,4.78,55,70,128,37.3,501,76.5,High,11.1,2558.3,6.322
2023,Coffee,Silt Loam,6.57,96,44,119,34.6,2182,47.5,Medium,4.8,214.54,0.53
2023,Tomato,Laterite,5.73,136,55,136,32.9,650,57.9,Low,4.4,3090.11,7.636
2021,Barley,Red Soil,7.92,45,29,65,27.2,678,31.4,High,6.7,523.99,1.295
2020,Barley,Loam,6.21,47,37,39,20.9,161,35.2,Low,11.1,548.6,1.356
2020,Soybean,Laterite,5.91,13,27,72,27.1,406,60.2,Low,11.4,352.45,0.871
2020,Groundnut,Red Soil,8.73,98,67,17,27.8,150,34.5,High,6.0,195.95,0.484
2020,Groundnut,Silt Loam,7.3,80,51,17,33.0,775,79.5,Low,4.5,537.76,1.329
2026,Watermelon,Clay Loam,5.33,118,101,84,24.9,363,56.5,Low,9.6,6442.04,15.919
2020,Tea,Alluvial,5.84,127,73,59,27.5,1584,91.4,Low,8.1,513.45,1.269
2020,Groundnut,Alluvial,7.23,10,32,48,35.7,227,74.1,High,6.4,218.57,0.54
2023,Coffee,Silt Loam,8.24,167,10,166,29.2,1977,44.6,Low,7.8,193.63,0.478
2023,Cotton,Loam,6.06,94,44,47,27.1,184,44.4,Low,10.1,372.86,0.921
2026,Soybean,Black Soil,8.02,32,35,18,38.1,1187,80.2,High,11.4,228.34,0.564
2026,Tomato,Laterite,7.23,143,107,125,23.0,366,57.7,High,8.2,7955.61,19.659
2025,Garlic,Alluvial,8.48,38,40,74,26.0,400,66.7,Medium,10.3,1244.24,3.075
2025,Wheat,Silt Loam,6.56,126,60,73,31.8,766,75.6,Medium,9.7,940.09,2.323
2023,Potato,Silt Loam,5.16,38,66,124,14.2,676,30.4,High,7.8,4946.79,12.224
2020,Onion,Silt Loam,5.55,118,10,121,11.7,314,38.1,High,8.0,1413.26,3.492
2023,Maize,Black Soil,8.02,114,91,91,25.8,729,92.2,High,12.0,1743.38,4.308
2024,Watermelon,Sandy Loam,4.94,147,63,115,28.5,621,38.5,High,4.9,5460.98,13.494
2024,Rice,Sandy Loam,4.92,119,49,39,17.2,1618,35.0,High,5.3,610.34,1.508
2021,Mustard,Red Soil,7.53,50,25,51,21.1,150,41.3,Medium,4.8,303.57,0.75
2021,Apple,Alluvial,8.13,86,24,93,31.1,650,40.3,Low,5.1,923.46,2.282
2024,Wheat,Black Soil,6.45,150,39,32,21.6,377,70.5,High,5.3,1149.97,2.842
2024,Sugarcane,Black Soil,5.68,258,55,91,21.8,1245,41.4,Low,10.2,9715.14,24.007
2022,Cotton,Peaty,5.17,96,73,40,29.6,895,35.2,Low,5.9,428.47,1.059
2023,Barley,Laterite,6.43,143,63,26,35.4,687,34.7,Medium,10.7,537.67,1.329
2021,Rice,Sandy Loam,7.41,118,73,102,10.8,1444,54.5,High,9.6,671.38,1.659
2024,Rice,Peaty,6.47,115,86,67,39.8,1014,37.0,Medium,9.1,839.57,2.075
2021,Maize,Peaty,7.62,60,71,25,10.5,629,67.4,Medium,5.7,385.07,0.952
2021,Banana,Alluvial,7.4,190,91,198,29.1,1172,61.0,Low,11.4,14694.82,36.312
2021,Watermelon,Saline,6.4,105,71,133,20.4,1249,43.1,Medium,10.5,5664.37,13.997
2025,Tea,Silt Loam,7.82,126,64,48,35.9,1347,88.5,Medium,4.4,127.35,0.315
2025,Apple,Clay Loam,7.93,128,28,80,22.8,1156,42.1,Low,4.9,1920.2,4.745
2021,Tomato,Sandy Loam,4.83,192,125,116,33.7,399,59.5,Low,8.8,2014.25,4.977
2022,Banana,Peaty,5.47,260,103,265,28.9,1489,50.7,Medium,5.9,14652.78,36.208
2021,Barley,Red Soil,6.44,132,27,51,23.6,753,74.9,Medium,7.4,1021.26,2.524
2026,Tomato,Peaty,7.95,136,63,157,35.2,686,67.9,High,7.2,2589.5,6.399
2023,Mustard,Sandy Loam,6.88,123,10,10,36.4,838,32.5,Low,8.8,322.92,0.798
2023,Wheat,Saline,8.14,205,70,71,37.7,513,71.5,High,10.6,376.79,0.931
2024,Sunflower,Black Soil,5.19,63,85,10,19.5,466,79.6,Medium,4.5,264.07,0.653
2026,Tea,Silt Loam,6.01,160,10,76,39.5,1801,71.3,Medium,7.5,292.75,0.723
2025,Wheat,Silt Loam,5.23,116,36,38,20.1,374,60.3,Medium,6.1,625.26,1.545
2023,Barley,Silt Loam,5.89,146,80,74,11.2,562,90.8,High,4.8,748.77,1.85
2026,Soybean,Loam,5.4,53,60,51,33.4,767,81.8,High,8.8,750.46,1.854
2026,Onion,Black Soil,8.04,98,57,71,33.3,729,54.1,High,4.3,2137.47,5.282
2021,Potato,Sandy Loam,4.83,74,79,119,19.9,1058,69.1,Medium,9.4,5173.07,12.783
2026,Mustard,Alluvial,7.63,96,10,13,21.4,800,87.7,Medium,7.2,649.6,1.605
2026,Chickpea,Alluvial,6.61,34,29,35,21.5,493,52.4,Medium,9.0,968.27,2.393
2023,Coffee,Clay Loam,5.91,213,19,103,10.4,824,56.0,High,7.7,215.28,0.532
2025,Banana,Peaty,5.34,190,62,250,36.5,1657,36.9,Medium,5.5,8119.98,20.065
2022,Tomato,Clay Loam,5.15,115,118,151,24.0,214,82.8,High,5.2,2900.6,7.168
2020,Wheat,Alluvial,5.91,81,23,44,34.3,416,60.1,Medium,10.2,517.95,1.28
2020,Barley,Black Soil,7.12,99,37,10,35.2,189,33.3,High,7.2,212.34,0.525
2021,Mustard,Silt Loam,4.77,49,45,75,37.0,646,62.5,High,7.9,185.28,0.458
2023,Sunflower,Loam,8.28,105,108,25,21.5,733,68.1,Low,9.9,845.61,2.09
2023,Wheat,Clay Loam,5.32,200,67,10,30.6,150,55.5,Medium,7.2,183.41,0.453
2021,Sunflower,Alluvial,6.96,69,91,38,14.5,731,60.3,High,9.4,708.86,1.752
2025,Wheat,Peaty,7.28,163,63,64,17.6,592,51.6,Medium,5.5,1443.91,3.568
2023,Soybean,Red Soil,7.14,35,65,52,30.8,700,50.0,Medium,11.0,917.94,2.268
2020,Watermelon,Black Soil,6.51,141,27,84,15.2,247,45.9,Medium,5.7,2231.69,5.515
2020,Banana,Peaty,5.41,214,51,262,22.0,2378,58.0,High,4.5,11512.02,28.447
2021,Tomato,Sandy Loam,4.78,152,69,137,21.8,857,43.5,Medium,6.7,4591.35,11.345
2023,Watermelon,Clay Loam,7.19,111,103,75,19.2,892,73.4,Low,9.6,7762.91,19.183
2025,Banana,Laterite,5.66,192,36,215,39.7,1814,87.9,High,6.7,5899.28,14.577
2024,Onion,Alluvial,5.67,74,21,76,27.0,767,56.2,High,7.2,3347.61,8.272
2026,Tea,Black Soil,7.36,91,72,105,18.9,2263,49.9,Low,7.8,468.5,1.158
2024,Watermelon,Peaty,5.74,148,109,149,29.1,616,87.3,Low,8.7,12874.85,31.814
2023,Wheat,Alluvial,7.37,147,52,53,37.0,729,65.6,High,8.0,687.44,1.699
2024,Potato,Alluvial,5.98,131,61,89,34.1,467,89.5,High,10.1,4639.21,11.464
2022,Sugarcane,Saline,8.58,240,95,98,29.2,1357,34.9,Medium,4.3,7080.36,17.496
2023,Mustard,Sandy Loam,7.29,166,13,10,21.6,297,64.5,High,8.8,694.59,1.716
2023,Potato,Sandy Loam,8.41,118,58,115,14.1,687,77.8,Low,10.9,4018.96,9.931
2023,Watermelon,Saline,5.83,85,38,103,32.1,784,61.9,High,4.2,4635.09,11.454
2021,Coffee,Red Soil,7.6,124,30,151,32.4,2185,79.7,Medium,11.9,153.79,0.38
2021,Sunflower,Red Soil,5.55,98,87,44,37.7,665,62.8,Medium,6.0,327.68,0.81
2022,Tomato,Saline,6.42,135,115,108,32.8,412,34.7,Low,4.8,2476.64,6.12
2023,Soybean,Silt Loam,5.95,11,85,69,17.4,993,77.4,Low,10.0,537.4,1.328
2022,Garlic,Loam,5.24,73,27,104,27.7,588,82.9,Medium,9.8,1799.25,4.446
2023,Barley,Black Soil,5.09,30,42,55,14.2,830,87.0,Medium,5.4,378.81,0.936
2025,Onion,Sandy Loam,7.25,149,28,76,37.5,353,84.4,High,8.9,2058.51,5.087
2020,Sugarcane,Black Soil,6.68,199,88,72,16.5,1413,55.4,Low,8.5,9100.33,22.487
2026,Rice,Alluvial,7.03,140,53,55,30.0,1265,42.1,Medium,11.2,2586.08,6.39
2026,Chickpea,Saline,5.26,14,48,24,11.6,370,72.7,Medium,10.7,164.39,0.406
2024,Potato,Clay Loam,7.64,119,84,63,23.0,247,40.5,Low,10.6,1874.27,4.631
2025,Sunflower,Alluvial,6.12,10,35,37,30.4,1159,88.3,Low,5.1,374.14,0.925
2026,Garlic,Loam,8.73,33,10,43,18.8,721,92.1,High,7.3,1381.95,3.415
2024,Banana,Sandy Loam,6.57,175,106,233,30.9,1731,33.4,Low,10.5,19923.93,49.233
2025,Soybean,Sandy Loam,7.73,63,39,55,21.9,763,41.6,High,11.9,772.89,1.91
2022,Watermelon,Loam,6.28,64,82,119,40.0,343,50.7,Medium,5.2,3122.5,7.716
2024,Coffee,Alluvial,6.3,195,65,87,37.6,1160,47.6,Medium,10.8,301.34,0.745
2023,Garlic,Alluvial,5.14,29,35,60,16.8,250,56.7,Low,11.0,914.4,2.26
2025,Soybean,Peaty,6.51,51,43,21,38.8,150,63.9,High,10.2,194.43,0.48
2026,Groundnut,Red Soil,7.36,52,58,28,38.8,529,58.3,High,9.0,502.01,1.24
2025,Apple,Black Soil,6.88,169,14,99,12.5,353,92.0,Medium,10.3,2813.14,6.951
2021,Groundnut,Loam,5.22,28,55,44,36.2,256,87.7,Medium,4.1,204.93,0.506
2023,Garlic,Laterite,5.72,109,48,64,27.5,150,67.3,Low,6.3,686.66,1.697
2025,Mustard,Laterite,5.55,66,66,47,30.4,417,72.0,Low,9.7,262.7,0.649
2022,Coffee,Black Soil,4.55,159,30,100,26.9,1686,66.0,Medium,4.6,285.91,0.706
2024,Sugarcane,Sandy Loam,8.38,252,96,64,13.3,2024,83.9,Medium,9.6,5398.37,13.34
2025,Tea,Black Soil,5.01,150,21,23,13.6,1925,67.0,Medium,8.3,568.12,1.404
2021,Garlic,Red Soil,7.28,98,18,71,36.5,572,91.5,Low,4.9,1001.75,2.475
2023,Wheat,Red Soil,5.22,149,39,54,25.3,840,91.4,Low,4.0,715.57,1.768
2021,Garlic,Black Soil,6.84,89,52,108,33.7,971,82.8,High,5.6,1451.11,3.586
2020,Maize,Silt Loam,6.93,138,98,79,15.4,841,85.1,Medium,8.3,1770.05,4.374
2026,Watermelon,Red Soil,8.23,114,77,97,11.2,503,43.1,Medium,5.5,2729.78,6.745
2020,Wheat,Sandy Loam,5.89,82,81,19,21.0,482,65.6,High,8.3,1379.8,3.41
2023,Barley,Saline,7.27,98,13,35,37.8,635,56.5,Low,12.0,414.33,1.024
2023,Coffee,Peaty,6.98,153,10,112,14.6,1859,35.7,High,7.1,257.81,0.637
2020,Potato,Red Soil,8.3,162,47,91,15.7,150,85.7,Low,11.1,1884.06,4.656
2024,Onion,Alluvial,7.76,80,11,96,17.6,553,79.1,Medium,5.7,3423.77,8.46
2022,Mustard,Saline,6.01,123,33,14,27.0,861,84.3,Low,4.1,262.65,0.649
2023,Wheat,Laterite,5.92,111,74,41,16.2,473,34.3,Low,8.4,1111.99,2.748
2026,Sunflower,Peaty,6.93,56,76,14,28.4,788,56.8,Medium,9.2,944.58,2.334
2021,Garlic,Black Soil,8.56,38,82,79,32.9,489,89.5,Medium,5.1,563.54,1.393
2022,Mustard,Sandy Loam,4.93,68,36,10,26.8,255,75.0,High,8.3,190.63,0.471
2026,Sugarcane,Alluvial,5.78,179,57,88,11.4,1777,62.8,High,10.8,10525.7,26.01
2025,Sunflower,Alluvial,8.62,75,86,43,26.8,337,85.2,Medium,12.0,463.47,1.145
2024,Sugarcane,Loam,6.69,223,111,95,25.1,1876,84.6,High,5.2,23219.16,57.376
2022,Tea,Black Soil,5.23,138,22,97,35.2,1362,53.4,Medium,7.4,288.46,0.713
2021,Banana,Loam,4.97,232,91,243,10.7,1870,45.4,High,9.5,6808.06,16.823
2024,Apple,Loam,4.93,115,20,122,20.1,1215,41.0,Low,8.6,4444.79,10.983
2026,Potato,Peaty,8.24,125,42,100,15.5,203,74.5,High,5.5,1596.92,3.946
2026,Chickpea,Clay Loam,7.09,10,78,77,22.6,587,85.5,Low,10.2,882.8,2.181
2024,Sugarcane,Black Soil,8.61,198,73,114,18.7,1867,37.4,Medium,8.4,6357.37,15.709
2024,Onion,Laterite,8.42,137,40,96,29.5,150,74.1,Low,11.1,903.4,2.232
2021,Cotton,Black Soil,6.5,79,83,65,13.5,648,58.2,Medium,5.0,262.43,0.648
2021,Tea,Clay Loam,5.96,85,87,59,24.8,1850,49.2,Low,6.6,472.6,1.168
2024,Sunflower,Loam,7.7,21,49,60,21.8,964,32.9,Low,6.5,506.31,1.251
2024,Potato,Laterite,6.82,119,41,133,17.8,551,86.4,High,9.2,6363.86,15.725
2023,Sugarcane,Clay Loam,5.87,244,52,99,35.4,1764,85.4,Medium,6.0,15301.86,37.812
2021,Barley,Clay Loam,6.94,135,61,23,23.4,1070,50.1,Low,8.9,1450.32,3.584
2026,Rice,Clay Loam,6.24,99,67,52,31.7,1931,54.1,High,9.8,2100.8,5.191
2020,Coffee,Black Soil,5.65,194,10,117,35.2,1646,37.9,High,5.7,178.51,0.441
2022,Sugarcane,Laterite,5.84,249,104,66,18.3,1518,80.1,Low,5.1,5258.28,12.993
2025,Garlic,Silt Loam,5.38,80,57,26,21.6,425,62.0,Medium,6.4,1613.57,3.987
2022,Apple,Laterite,6.12,148,68,111,23.7,996,30.2,Low,6.0,3860.83,9.54
2025,Groundnut,Clay Loam,4.58,13,22,64,27.4,1027,64.4,High,10.7,547.84,1.354
2021,Onion,Silt Loam,6.53,46,32,124,35.9,374,80.8,High,11.9,2228.95,5.508
2022,Onion,Alluvial,8.56,168,33,99,11.0,785,56.3,Medium,10.3,2676.08,6.613
2023,Barley,Saline,7.28,118,93,50,37.9,150,42.9,High,10.8,309.53,0.765
2026,Tea,Black Soil,4.7,83,95,66,18.1,1877,56.7,Low,5.9,647.79,1.601
2023,Cotton,Alluvial,8.76,116,28,39,39.1,644,54.8,High,6.1,196.0,0.484
2022,Soybean,Clay Loam,8.32,63,33,84,35.8,1452,36.6,Medium,6.8,216.23,0.534
2022,Garlic,Sandy Loam,6.22,95,59,42,12.7,291,53.2,Low,8.8,1819.26,4.495
2020,Coffee,Peaty,5.48,171,38,118,10.9,1625,90.7,High,8.2,415.03,1.026
2023,Potato,Alluvial,6.22,137,95,117,22.7,150,88.9,Medium,5.3,2762.61,6.827
2023,Soybean,Alluvial,8.46,35,85,82,17.3,150,33.4,Medium,11.5,208.94,0.516
2026,Soybean,Loam,7.7,21,64,74,17.4,943,49.4,High,10.0,575.4,1.422
2023,Apple,Red Soil,8.05,82,32,124,33.7,883,73.8,Low,8.9,1706.02,4.216
2026,Mustard,Saline,7.53,10,18,11,30.2,361,62.0,Low,7.1,118.38,0.293
2020,Rice,Alluvial,7.43,84,42,59,20.8,1426,55.6,Medium,5.6,918.89,2.271
2021,Onion,Laterite,8.27,50,10,68,36.9,595,31.7,Medium,4.7,797.69,1.971
2025,Sunflower,Clay Loam,5.05,70,63,38,30.9,956,33.4,Medium,8.3,486.15,1.201
2026,Mustard,Saline,6.61,45,50,10,12.6,364,44.7,Medium,5.0,386.36,0.955
2022,Watermelon,Red Soil,6.65,75,68,60,39.3,630,81.8,Low,7.3,4756.15,11.753
2022,Tea,Silt Loam,5.41,122,70,77,19.4,1774,78.6,Low,5.8,715.89,1.769
2025,Cotton,Black Soil,6.29,135,32,25,37.8,840,66.3,Low,6.0,316.56,0.782
2022,Cotton,Saline,5.67,98,60,29,29.6,651,94.5,Medium,9.4,380.4,0.94
2021,Groundnut,Clay Loam,5.57,10,35,10,34.6,876,42.0,Medium,7.7,394.47,0.975
2020,Barley,Clay Loam,7.9,78,23,34,27.8,251,66.9,Low,10.5,407.79,1.008
2022,Chickpea,Alluvial,5.63,10,42,10,37.8,680,44.0,Low,6.0,131.11,0.324
2026,Tomato,Loam,7.87,133,97,96,16.0,960,93.5,Low,8.8,6006.26,14.842
2026,Sugarcane,Silt Loam,6.54,208,86,52,18.7,1559,38.0,Medium,10.4,12068.99,29.823
2024,Cotton,Laterite,8.59,67,46,72,29.2,770,39.3,High,5.5,378.87,0.936
2023,Cotton,Loam,6.9,84,101,25,10.8,1000,93.7,High,11.8,417.16,1.031
2024,Tomato,Red Soil,5.08,157,74,134,22.3,256,43.7,Medium,6.3,2800.1,6.919
2022,Rice,Black Soil,5.83,103,22,58,30.1,1606,81.9,High,6.1,1257.21,3.107
2025,Potato,Loam,6.77,208,57,94,37.2,234,56.8,Medium,5.1,1312.12,3.242
2021,Soybean,Peaty,8.45,62,34,65,18.8,866,90.5,Low,8.4,463.98,1.147
2026,Mustard,Laterite,5.19,137,41,10,31.6,245,63.9,Medium,8.1,136.56,0.337
2022,Banana,Saline,7.55,153,68,290,20.0,1753,54.6,Medium,11.5,10605.5,26.207
2021,Rice,Loam,7.19,133,61,47,32.0,1408,43.7,High,9.6,1757.72,4.343
2022,Barley,Peaty,5.95,38,65,69,32.3,150,31.5,Medium,11.7,164.97,0.408
2023,Mustard,Alluvial,5.0,61,30,34,37.5,150,53.6,High,8.1,146.35,0.362
2021,Groundnut,Loam,4.65,56,73,48,16.1,1159,65.4,Low,10.1,453.99,1.122
2020,Chickpea,Sandy Loam,4.67,32,41,35,21.9,1102,74.4,High,10.7,387.5,0.958
2024,Potato,Loam,4.83,85,84,133,22.7,423,89.5,Low,8.0,4982.32,12.312
2021,Maize,Clay Loam,4.82,129,86,76,39.4,841,75.1,High,6.7,460.03,1.137
2025,Garlic,Silt Loam,6.98,87,60,77,15.3,1165,68.5,High,8.3,4913.01,12.14
2022,Onion,Loam,7.1,45,10,16,12.3,446,57.3,Medium,8.8,2608.06,6.445
2024,Sugarcane,Laterite,6.43,276,27,100,13.0,1968,90.7,Medium,4.9,6769.76,16.728
2024,Garlic,Saline,5.92,129,10,65,10.6,150,72.7,Low,5.2,560.93,1.386
2021,Tomato,Sandy Loam,8.33,228,40,112,15.5,864,59.0,Medium,6.0,2201.1,5.439
2020,Rice,Red Soil,7.22,147,25,55,19.8,940,82.0,Medium,11.8,791.02,1.955
2024,Chickpea,Sandy Loam,5.71,26,40,27,22.6,621,93.0,Low,9.6,513.27,1.268
2023,Potato,Loam,6.25,189,102,99,14.7,996,31.0,Low,6.3,6752.41,16.686
2024,Chickpea,Alluvial,8.07,10,60,10,19.7,569,52.8,Medium,4.5,498.51,1.232
2023,Sugarcane,Black Soil,7.64,271,62,98,29.7,1266,60.4,High,9.6,20021.4,49.474
2023,Mustard,Sandy Loam,8.31,95,81,31,25.6,150,68.4,Medium,4.5,205.1,0.507
2021,Banana,Silt Loam,5.23,216,76,262,36.4,2057,31.0,High,4.9,8105.2,20.028
2021,Rice,Alluvial,6.63,72,43,46,20.6,1448,80.3,Low,4.2,1113.7,2.752
2024,Coffee,Laterite,6.74,169,39,123,23.7,1869,45.1,High,11.4,667.89,1.65
2026,Watermelon,Loam,4.76,157,68,111,31.7,293,66.7,High,7.7,5483.74,13.551
2025,Onion,Clay Loam,6.24,114,21,81,27.0,994,65.8,High,7.3,4058.21,10.028
2025,Sunflower,Peaty,6.74,134,131,16,36.8,829,90.4,High,11.8,472.32,1.167
2026,Potato,Sandy Loam,7.97,136,113,100,12.9,1004,83.1,Low,11.3,4062.57,10.039
2021,Watermelon,Sandy Loam,8.08,113,93,76,15.0,759,84.3,Medium,6.9,2616.5,6.466
2020,Tea,Peaty,7.48,138,113,82,32.3,1518,91.7,Low,4.2,123.86,0.306
2021,Barley,Saline,7.46,64,64,52,34.4,771,30.3,Medium,8.0,416.85,1.03
2024,Apple,Clay Loam,7.31,116,32,91,16.1,532,55.7,High,9.2,4857.67,12.004
2025,Potato,Peaty,5.04,131,70,115,36.6,563,56.7,High,7.0,2952.13,7.295
2026,Apple,Red Soil,5.53,83,45,100,21.2,150,41.9,High,5.1,1537.12,3.798
2023,Banana,Saline,4.69,191,31,237,13.9,1304,59.7,Low,6.2,1915.92,4.734
2021,Wheat,Alluvial,5.91,110,82,50,12.3,695,80.0,Low,11.7,1472.9,3.64
2026,Sugarcane,Saline,8.03,196,73,84,24.8,2312,42.1,Low,9.3,12561.98,31.041
2026,Chickpea,Saline,8.0,33,17,65,19.1,530,62.8,Low,8.2,529.7,1.309
2023,Potato,Black Soil,7.28,151,67,76,17.9,698,58.1,High,5.0,4248.7,10.499
2026,Coffee,Silt Loam,6.41,130,41,102,12.5,1754,66.2,Low,5.1,423.05,1.045
2021,Garlic,Laterite,6.14,116,69,61,12.6,354,94.7,Medium,11.2,2516.53,6.218
2022,Mustard,Alluvial,7.32,102,10,10,22.7,483,52.7,High,7.2,657.62,1.625
2022,Mustard,Laterite,8.61,96,39,10,15.9,150,37.4,High,9.9,199.15,0.492
2026,Apple,Red Soil,7.19,127,58,128,11.5,1149,74.9,Low,4.6,5535.58,13.679
2023,Rice,Red Soil,5.42,144,29,49,12.2,1326,56.3,High,4.3,534.02,1.32
2023,Potato,Red Soil,7.71,148,55,148,33.0,150,59.3,Medium,10.0,815.72,2.016
2020,Wheat,Alluvial,7.47,151,48,64,16.6,481,40.0,High,11.3,1442.24,3.564
2024,Coffee,Sandy Loam,6.34,188,105,131,24.0,1970,58.6,Low,5.1,625.47,1.546
2024,Onion,Loam,7.03,123,19,94,29.6,567,48.1,High,7.8,3797.11,9.383
2022,Banana,Red Soil,6.94,232,27,276,13.8,1905,46.7,Medium,7.3,7132.42,17.625
2020,Mustard,Peaty,6.47,95,55,10,15.6,787,52.6,Medium,9.4,683.2,1.688
2025,Wheat,Black Soil,5.97,63,32,34,15.0,578,41.7,Low,5.6,857.6,2.119
2024,Onion,Peaty,7.85,112,19,85,39.8,504,83.2,Medium,8.4,1915.42,4.733
2024,Apple,Red Soil,5.3,97,32,84,35.8,932,41.8,Low,11.7,2175.74,5.376
2025,Tomato,Saline,6.59,143,103,112,27.6,876,74.2,Medium,5.1,5826.06,14.396
2022,Potato,Silt Loam,7.32,108,59,124,30.8,150,47.8,Low,7.3,858.85,2.122
2021,Groundnut,Loam,5.65,61,42,45,24.8,613,71.6,Low,7.3,1049.99,2.595
2023,Barley,Sandy Loam,6.55,86,57,58,30.5,650,51.5,High,8.3,642.15,1.587
2022,Soybean,Laterite,5.37,50,53,63,12.4,266,87.2,Medium,4.4,126.73,0.313
2021,Wheat,Peaty,4.68,130,31,67,26.8,534,33.2,High,9.4,687.64,1.699
2025,Rice,Peaty,5.32,159,77,34,14.0,1070,54.9,High,5.6,531.67,1.314
2020,Soybean,Red Soil,6.17,29,44,13,34.2,733,80.8,Low,8.3,408.03,1.008
2024,Chickpea,Clay Loam,8.51,65,10,23,17.5,193,89.5,Medium,10.8,262.44,0.649
2021,Rice,Alluvial,8.67,231,61,99,10.6,1277,87.9,Medium,8.7,660.57,1.632
2026,Chickpea,Laterite,6.47,10,53,33,26.1,150,58.6,High,10.2,254.82,0.63
2026,Sugarcane,Peaty,7.41,232,81,76,22.0,1802,65.9,Low,9.7,16962.26,41.915
2024,Rice,Black Soil,8.23,192,10,62,18.0,1651,31.1,High,7.8,420.06,1.038
2021,Wheat,Sandy Loam,6.75,193,12,49,23.6,348,42.2,Low,8.3,683.91,1.69
2026,Groundnut,Silt Loam,8.41,10,35,77,27.0,791,44.9,High,4.3,400.87,0.991
2025,Mustard,Saline,5.05,90,59,24,18.8,150,62.4,Medium,10.6,265.84,0.657
2020,Coffee,Red Soil,6.19,150,12,144,34.1,2107,59.4,Medium,8.2,218.17,0.539
2025,Tea,Black Soil,6.3,185,18,83,20.2,1579,45.0,Medium,8.6,619.27,1.53
2024,Rice,Loam,6.07,140,53,78,31.9,1280,78.7,Medium,5.6,1826.56,4.514
2026,Sunflower,Red Soil,7.03,86,47,59,27.3,729,77.6,Medium,4.3,920.27,2.274
2025,Apple,Loam,5.03,54,31,54,32.2,338,80.3,High,8.9,1147.35,2.835
2026,Cotton,Black Soil,6.31,128,51,69,12.3,631,36.0,Low,10.3,379.8,0.939
2021,Banana,Laterite,7.02,193,78,245,15.7,1501,72.4,Medium,4.2,6692.82,16.538
2023,Soybean,Red Soil,8.55,10,70,44,19.8,453,73.5,Medium,6.6,192.49,0.476
2026,Tea,Saline,6.98,128,36,49,17.5,1537,64.8,Medium,8.7,341.79,0.845
2021,Tea,Alluvial,7.83,167,24,96,32.8,1299,38.1,Medium,6.8,142.22,0.351
2024,Watermelon,Loam,6.4,45,58,71,33.5,581,51.6,Low,8.7,9806.19,24.232
2023,Banana,Sandy Loam,6.17,211,99,250,36.3,1614,80.4,Medium,7.5,11506.69,28.434
2021,Sugarcane,Loam,7.09,219,80,77,11.3,1644,66.3,High,8.4,13519.19,33.407
2024,Garlic,Peaty,6.79,55,119,77,35.3,369,87.8,Medium,8.5,1253.15,3.097
2020,Wheat,Alluvial,6.21,145,90,12,25.0,887,78.5,High,8.5,1195.58,2.954
2020,Banana,Sandy Loam,5.37,171,59,258,36.0,1713,75.9,Low,5.5,6939.75,17.148
2026,Barley,Saline,4.86,79,50,26,29.6,744,61.7,Low,6.9,272.89,0.674
2026,Maize,Black Soil,8.38,155,60,56,11.7,1177,30.6,Medium,5.5,408.75,1.01
2026,Maize,Red Soil,6.51,191,82,113,26.2,534,33.4,Low,9.9,2024.18,5.002
2020,Rice,Loam,4.97,134,77,10,15.8,1619,75.2,Medium,7.9,481.96,1.191
2023,Wheat,Loam,6.66,127,46,10,18.3,372,41.7,High,11.2,1275.07,3.151
2021,Watermelon,Black Soil,6.89,117,66,73,27.1,150,35.0,Medium,9.2,6754.42,16.691
2025,Garlic,Red Soil,6.5,127,49,103,14.4,150,79.8,High,10.0,2092.02,5.169
2024,Sugarcane,Laterite,5.87,202,71,59,13.3,1102,44.5,Medium,9.1,5421.34,13.396
2026,Chickpea,Alluvial,7.56,24,92,64,29.9,150,56.2,High,6.5,279.49,0.691
2021,Coffee,Sandy Loam,6.11,175,44,101,29.4,2081,61.9,High,7.4,378.13,0.934
2024,Sunflower,Loam,8.66,49,88,18,13.8,1019,60.9,High,10.0,268.61,0.664
2026,Soybean,Alluvial,4.97,28,39,76,38.5,360,48.8,Low,8.2,158.66,0.392
2024,Cotton,Saline,5.71,47,59,56,31.6,547,33.0,Low,5.6,158.87,0.393
2022,Garlic,Silt Loam,8.02,112,98,76,25.7,150,61.7,Low,7.2,804.13,1.987
2022,Barley,Peaty,5.08,129,47,36,26.2,256,85.9,Low,4.8,254.71,0.629
2020,Coffee,Silt Loam,8.62,99,29,96,34.9,1852,60.1,High,4.8,120.15,0.297
2020,Maize,Laterite,7.91,198,54,66,22.7,970,34.3,Low,10.5,1696.89,4.193
2024,Watermelon,Alluvial,5.35,125,87,131,37.7,291,82.0,Medium,9.1,4190.8,10.356
2023,Garlic,Red Soil,6.97,166,31,37,28.5,349,45.2,Medium,4.6,1130.55,2.794
2026,Soybean,Loam,6.03,15,46,28,28.5,221,65.1,Medium,4.7,233.8,0.578
2026,Wheat,Red Soil,8.69,164,26,61,35.4,517,45.7,Medium,9.5,358.7,0.886
2020,Mustard,Black Soil,6.14,63,24,35,28.1,150,30.8,Low,5.4,168.92,0.417
2020,Sunflower,Black Soil,5.5,107,97,57,11.5,883,88.0,High,5.8,334.94,0.828
2026,Coffee,Silt Loam,5.94,176,11,132,37.4,901,79.8,Medium,4.1,136.09,0.336
2025,Garlic,Peaty,4.63,88,43,39,12.4,1292,73.5,Medium,5.1,1014.22,2.506
2026,Chickpea,Silt Loam,8.31,30,47,29,22.0,612,74.2,Medium,7.9,861.33,2.128
2021,Garlic,Silt Loam,6.32,128,70,65,27.5,696,88.7,Low,10.6,3498.74,8.646
2024,Sunflower,Saline,5.12,41,16,50,17.0,1067,61.7,Low,5.7,171.92,0.425
2022,Maize,Loam,7.92,107,82,88,15.3,729,64.6,Medium,6.8,854.17,2.111
2026,Banana,Alluvial,6.22,201,10,243,19.7,1336,76.1,High,11.5,12728.36,31.452
2025,Rice,Saline,7.14,142,57,39,11.8,1997,81.8,Medium,4.3,442.77,1.094
2026,Coffee,Sandy Loam,5.97,152,10,111,23.1,1921,45.5,Low,11.9,503.94,1.245
2026,Wheat,Sandy Loam,5.49,99,43,45,33.1,767,54.5,High,11.3,594.11,1.468
2026,Apple,Loam,7.9,127,20,102,29.6,329,87.3,Low,6.7,570.52,1.41
2020,Tea,Silt Loam,6.17,155,10,71,31.2,2088,53.2,Medium,10.0,260.29,0.643
2026,Garlic,Red Soil,8.32,167,68,65,20.9,150,66.3,Low,10.3,1112.8,2.75
2020,Garlic,Silt Loam,4.87,84,31,117,10.2,282,94.3,High,6.9,862.55,2.131
2026,Cotton,Red Soil,5.66,151,19,39,16.2,805,89.8,Medium,11.9,183.06,0.452
2025,Chickpea,Saline,4.71,55,71,58,17.3,931,31.5,Low,10.5,338.83,0.837
2020,Banana,Loam,7.83,196,13,243,32.2,1495,49.8,Medium,8.0,8416.94,20.799
2023,Tomato,Silt Loam,5.5,89,94,115,36.2,234,67.1,Medium,11.0,1701.56,4.205
2020,Wheat,Saline,4.71,104,18,39,37.3,1182,85.9,High,11.9,188.6,0.466
2023,Wheat,Red Soil,4.98,122,54,78,29.8,883,37.4,Medium,6.3,397.04,0.981
2021,Banana,Laterite,4.86,222,61,235,31.2,1819,61.0,High,11.9,10050.7,24.836
2024,Apple,Sandy Loam,8.25,115,10,52,35.3,199,82.4,Low,9.8,391.31,0.967
2022,Groundnut,Laterite,8.3,15,45,21,23.9,471,66.8,Low,4.8,275.71,0.681
2026,Chickpea,Loam,6.48,56,45,10,38.2,157,82.6,High,10.6,135.36,0.334
2020,Maize,Loam,7.83,138,85,37,17.6,872,45.9,Low,7.0,1113.55,2.752
2025,Tea,Loam,6.61,192,11,74,11.0,2262,70.2,High,4.4,237.87,0.588
2024,Sunflower,Silt Loam,8.0,123,78,10,37.4,939,30.6,Low,4.0,221.39,0.547
2024,Soybean,Sandy Loam,8.5,29,49,58,12.5,1388,48.5,High,8.2,195.36,0.483
2022,Barley,Red Soil,5.01,117,35,33,16.3,150,32.9,High,8.7,312.76,0.773
2026,Potato,Red Soil,4.93,105,107,94,12.1,1076,79.9,Low,4.6,4776.69,11.803
2021,Garlic,Saline,7.87,84,39,77,25.2,150,78.8,Medium,6.7,526.25,1.3
2023,Tea,Laterite,7.53,174,74,75,22.8,1722,44.4,Medium,4.7,392.5,0.97
2025,Potato,Alluvial,5.16,85,99,107,30.8,835,73.3,High,9.6,3636.6,8.986
2022,Soybean,Peaty,7.32,29,101,52,11.4,655,76.7,Medium,11.3,411.51,1.017
2025,Cotton,Peaty,8.79,99,62,28,17.6,1316,58.4,Medium,6.0,162.83,0.402
2020,Mustard,Laterite,8.28,18,49,34,16.6,544,70.0,High,11.0,380.14,0.939
2020,Watermelon,Loam,6.95,138,15,59,13.4,590,87.6,Medium,5.9,3165.91,7.823
2024,Coffee,Red Soil,7.12,120,75,149,38.1,1945,34.2,Medium,5.5,180.82,0.447
2023,Sugarcane,Black Soil,7.77,268,69,79,35.9,1224,74.8,Medium,11.1,14635.24,36.164
2026,Sunflower,Peaty,8.34,114,63,12,11.4,150,68.3,Low,9.8,96.28,0.238
2021,Tea,Loam,5.18,154,30,77,18.7,1751,31.6,Medium,8.0,1133.66,2.801
2023,Chickpea,Alluvial,7.03,39,10,10,11.1,150,72.3,Medium,8.3,136.13,0.336
2020,Mustard,Black Soil,7.2,76,45,36,21.4,150,52.7,Medium,7.9,511.33,1.264
2024,Rice,Loam,4.66,181,50,10,21.9,1620,74.2,Low,11.1,759.73,1.877
2023,Cotton,Saline,5.34,84,46,34,17.4,669,84.4,Medium,7.3,159.69,0.395
2024,Tea,Peaty,7.16,125,37,53,26.5,1224,49.2,High,6.3,229.12,0.566
2024,Maize,Loam,4.64,85,37,49,17.6,739,47.8,Low,8.7,817.56,2.02
2025,Chickpea,Sandy Loam,5.09,16,44,10,38.4,219,35.5,Medium,5.7,80.0,0.198
2025,Rice,Laterite,5.45,155,87,41,17.9,1701,45.5,Medium,8.7,995.43,2.46
2023,Mustard,Sandy Loam,7.51,76,68,20,14.8,536,72.7,Low,11.0,914.59,2.26
2026,Tea,Sandy Loam,5.87,167,40,111,28.3,1948,67.2,High,11.5,613.3,1.515
2020,Maize,Loam,7.7,144,27,60,21.4,548,32.9,High,6.7,1103.29,2.726
2024,Barley,Loam,4.66,39,80,10,10.2,956,72.4,Medium,5.3,296.94,0.734
2021,Mustard,Red Soil,5.4,71,66,37,21.5,964,82.6,Medium,8.7,456.41,1.128
2024,Barley,Black Soil,6.05,81,61,40,14.6,1028,79.2,Medium,8.2,1092.3,2.699
2020,Mustard,Clay Loam,7.62,64,68,74,28.9,150,90.8,Low,6.1,166.91,0.412
2021,Garlic,Alluvial,8.29,125,62,10,29.3,850,53.6,Medium,5.0,529.6,1.309
2024,Onion,Red Soil,7.75,108,79,88,38.4,960,48.3,Low,8.8,2951.43,7.293
2022,Banana,Silt Loam,6.18,255,89,247,29.4,1719,31.1,Low,10.2,25184.23,62.231
2022,Potato,Laterite,5.18,81,61,105,18.9,726,45.2,High,10.6,6440.29,15.914
2023,Watermelon,Saline,6.88,136,114,107,16.2,654,48.9,High,11.8,4974.81,12.293
2026,Onion,Laterite,5.14,117,47,35,23.3,291,30.8,High,5.1,1382.44,3.416
2022,Rice,Silt Loam,5.3,97,55,60,14.6,1194,58.1,Medium,10.2,733.95,1.814
2023,Onion,Black Soil,6.17,141,42,87,23.2,644,72.2,High,4.4,6122.76,15.13
2026,Tea,Silt Loam,6.97,154,88,28,14.7,1190,39.2,Medium,9.5,285.02,0.704
2026,Maize,Clay Loam,8.08,140,62,76,33.2,902,65.1,Medium,5.2,880.25,2.175
2025,Tomato,Clay Loam,6.9,96,99,90,17.9,467,68.6,High,8.4,7381.38,18.24
2023,Soybean,Saline,4.67,10,66,65,31.0,702,70.1,High,8.6,257.64,0.637
2021,Tea,Loam,5.54,95,52,68,33.7,1834,51.7,Medium,10.6,434.74,1.074
2025,Barley,Black Soil,8.51,148,36,97,19.1,508,43.0,High,8.3,918.17,2.269
2024,Sunflower,Alluvial,4.7,50,35,10,12.9,434,81.1,Low,11.4,171.53,0.424
2025,Sunflower,Peaty,6.11,65,62,42,20.4,640,66.8,Medium,11.5,1075.05,2.657
2024,Sugarcane,Saline,7.15,189,86,102,30.9,2429,82.2,Medium,11.8,24708.97,61.057
2020,Groundnut,Black Soil,5.08,50,69,26,37.1,858,36.3,High,6.0,269.28,0.665
2021,Tomato,Alluvial,6.17,201,83,129,13.4,437,81.8,Medium,10.9,6765.67,16.718
2025,Banana,Loam,6.66,257,47,263,36.5,1190,89.2,Medium,11.7,12912.16,31.907
2023,Soybean,Peaty,8.22,45,72,10,37.8,776,49.6,High,11.1,175.63,0.434
2022,Mustard,Red Soil,7.65,108,61,37,20.8,150,31.0,Medium,8.5,556.85,1.376
2026,Coffee,Black Soil,5.66,170,41,117,34.8,1567,78.7,Medium,11.6,389.35,0.962
2022,Wheat,Clay Loam,4.74,171,72,10,12.6,150,43.1,Medium,5.2,193.83,0.479
2020,Tea,Clay Loam,6.46,79,36,42,32.0,1246,53.0,Medium,9.1,190.02,0.47
2025,Soybean,Laterite,7.15,28,29,10,39.2,269,33.0,High,11.6,158.81,0.392
2026,Watermelon,Saline,8.35,123,52,84,24.9,396,72.4,High,9.7,5607.63,13.857
2024,Groundnut,Loam,7.3,81,35,44,22.3,827,35.1,Medium,11.1,1259.56,3.112
2021,Barley,Red Soil,7.97,94,23,10,29.8,881,74.4,High,7.1,322.79,0.798
2021,Watermelon,Peaty,8.26,81,60,97,14.9,240,52.5,Medium,10.6,2012.29,4.972
2022,Cotton,Red Soil,8.75,55,83,64,17.4,651,84.5,High,5.4,167.58,0.414
2024,Coffee,Peaty,7.0,197,42,105,12.5,2112,80.0,High,5.3,306.25,0.757
2021,Garlic,Laterite,6.02,96,21,86,10.0,1045,39.8,Medium,8.0,1658.04,4.097
2026,Watermelon,Peaty,8.59,135,26,103,30.2,641,41.6,Low,7.9,5378.3,13.29
2025,Soybean,Black Soil,4.77,10,62,72,37.7,445,65.9,Low,8.6,120.08,0.297
2026,Cotton,Clay Loam,6.48,61,72,10,23.4,914,38.0,High,4.3,399.43,0.987
2025,Coffee,Sandy Loam,4.97,117,10,145,14.8,2208,71.2,Medium,7.1,234.53,0.58
2024,Banana,Peaty,6.44,209,99,255,39.8,2458,33.6,Medium,7.9,9778.33,24.163
2026,Sugarcane,Peaty,5.95,207,93,144,34.5,2073,63.1,Low,11.2,24307.08,60.064
2025,Onion,Clay Loam,8.79,63,20,68,39.5,750,77.5,High,10.8,1572.72,3.886
2024,Mustard,Peaty,8.02,57,65,20,14.9,150,82.3,Medium,9.2,335.16,0.828
2024,Barley,Alluvial,7.2,133,60,73,30.5,262,92.6,High,5.7,551.95,1.364
2025,Tea,Laterite,6.51,178,75,25,17.7,1385,67.2,High,9.6,407.57,1.007
2026,Groundnut,Black Soil,7.85,10,38,72,14.3,150,72.1,Low,10.9,118.23,0.292
2026,Rice,Loam,4.59,77,47,63,33.7,1505,85.9,Medium,9.7,877.98,2.17
2022,Chickpea,Silt Loam,8.7,19,62,19,10.9,151,31.3,Low,7.2,122.29,0.302
2026,Cotton,Silt Loam,7.74,127,24,61,14.7,1027,76.7,High,6.8,302.91,0.749
2025,Groundnut,Loam,7.88,77,51,60,32.6,598,41.1,Medium,10.6,866.37,2.141
2024,Tomato,Clay Loam,5.55,161,106,77,26.3,1287,50.6,Low,10.3,8744.93,21.609
2025,Mustard,Alluvial,5.15,44,14,26,25.4,150,43.5,High,8.9,202.23,0.5
2024,Chickpea,Clay Loam,7.64,74,63,58,19.7,421,47.3,Medium,7.3,1072.98,2.651
2026,Mustard,Sandy Loam,7.17,107,61,91,11.6,763,46.6,Medium,9.1,1034.4,2.556
2021,Garlic,Clay Loam,8.78,90,29,78,21.2,524,40.0,Medium,5.9,1776.73,4.39
2026,Rice,Alluvial,4.77,189,53,53,17.2,878,79.4,Low,8.5,636.06,1.572
2022,Rice,Peaty,7.29,170,45,70,19.4,991,34.8,High,8.0,848.91,2.098
2024,Onion,Sandy Loam,7.14,81,52,57,14.3,502,40.9,High,4.4,4034.24,9.969
2023,Groundnut,Loam,7.9,62,65,42,31.7,672,74.6,Low,11.2,798.83,1.974
2020,Sugarcane,Silt Loam,6.25,246,160,72,13.0,2370,81.3,Low,9.5,12191.78,30.126
2023,Mustard,Saline,4.79,101,33,42,37.0,560,43.9,Medium,8.8,213.15,0.527
2022,Sugarcane,Silt Loam,8.4,230,87,108,30.4,2269,82.4,Medium,9.3,17197.92,42.497
2021,Maize,Loam,7.5,97,65,61,39.8,609,59.0,Low,6.5,516.12,1.275
2020,Rice,Clay Loam,6.69,113,52,61,34.2,825,66.5,High,11.5,1168.6,2.888
2026,Garlic,Loam,6.67,102,59,79,27.7,150,93.2,High,8.5,1489.28,3.68
2026,Tomato,Laterite,6.75,195,121,115,38.1,439,86.1,Low,6.3,2532.03,6.257
2020,Apple,Clay Loam,8.66,58,25,95,36.9,959,43.0,Low,4.3,1104.03,2.728
2024,Groundnut,Clay Loam,8.62,47,75,57,31.8,344,57.6,High,11.4,533.53,1.318
2025,Watermelon,Saline,7.17,83,47,87,11.2,438,46.1,High,6.1,3022.93,7.47
2025,Rice,Red Soil,4.65,127,10,45,36.1,1345,91.1,High,4.6,362.15,0.895
2021,Tomato,Black Soil,8.68,155,89,130,14.9,727,89.3,Low,8.9,4553.04,11.251
2024,Garlic,Peaty,5.46,129,18,74,27.7,150,93.1,High,4.5,467.36,1.155
2026,Tea,Silt Loam,8.39,105,42,51,33.7,1945,85.3,Low,6.4,161.57,0.399
2026,Apple,Laterite,5.4,51,56,110,38.7,1140,51.9,Medium,5.7,1630.16,4.028
2026,Soybean,Loam,8.34,122,55,76,21.4,757,90.3,Medium,10.4,755.87,1.868
2025,Wheat,Peaty,8.67,98,53,65,18.6,918,49.3,High,7.8,904.17,2.234
2026,Cotton,Red Soil,5.9,94,10,65,20.2,730,84.1,Low,4.8,212.88,0.526
2024,Potato,Sandy Loam,7.03,241,108,127,12.5,230,67.3,High,8.6,3253.97,8.041
2025,Coffee,Clay Loam,5.38,180,40,107,12.5,1862,76.8,Low,4.6,392.05,0.969
2020,Coffee,Loam,4.6,167,42,100,10.0,1306,34.3,Medium,4.4,159.5,0.394
2022,Watermelon,Red Soil,7.68,122,67,121,29.3,1004,81.6,Low,6.1,8423.55,20.815
2024,Sugarcane,Silt Loam,7.44,191,98,84,34.9,1771,85.2,High,9.1,24207.33,59.818
2025,Maize,Alluvial,6.02,142,64,54,20.8,1402,46.3,Medium,5.3,1650.6,4.079
2024,Maize,Alluvial,5.23,147,100,31,19.7,882,56.7,Low,10.5,1106.62,2.735
2024,Tomato,Silt Loam,8.59,184,134,134,34.0,987,92.3,High,8.8,3671.86,9.073
2020,Soybean,Red Soil,4.63,10,76,86,21.0,410,44.8,High,4.8,184.14,0.455
2023,Sunflower,Laterite,4.67,110,62,49,14.6,692,53.2,Low,10.2,323.77,0.8
2022,Tomato,Laterite,4.52,140,131,146,35.0,379,93.4,Low,9.1,1313.2,3.245
2020,Soybean,Alluvial,8.76,26,74,28,20.6,291,56.3,High,4.8,222.01,0.549
2026,Watermelon,Clay Loam,8.31,91,58,153,38.7,769,54.5,Low,8.9,4135.13,10.218
2026,Wheat,Loam,7.73,156,56,66,17.2,293,42.6,High,10.7,956.05,2.362
2021,Potato,Red Soil,6.94,134,110,114,28.4,258,77.4,High,10.1,2376.45,5.872
2021,Cotton,Clay Loam,4.84,150,10,54,16.8,1619,30.6,Medium,10.2,150.17,0.371
2026,Maize,Silt Loam,5.28,98,112,78,33.5,150,31.5,Medium,11.8,350.37,0.866
2022,Wheat,Black Soil,7.32,145,73,68,11.9,730,84.8,Medium,8.7,1198.49,2.962
2025,Rice,Peaty,6.06,174,71,26,18.0,1345,46.9,High,7.9,1027.04,2.538
2021,Tomato,Saline,7.15,111,84,80,16.0,150,32.4,Medium,10.5,2424.32,5.991
2024,Tea,Loam,6.85,156,22,113,33.3,2341,62.9,Medium,8.1,205.83,0.509
2025,Coffee,Peaty,6.23,212,31,122,25.1,1678,47.5,High,10.3,808.53,1.998
2023,Apple,Saline,7.12,131,67,83,23.3,1081,72.8,Medium,7.5,2851.81,7.047
2026,Garlic,Laterite,7.6,139,20,70,18.0,150,44.8,Medium,10.4,1195.09,2.953
2021,Sunflower,Red Soil,5.47,48,75,24,10.2,232,74.3,Medium,6.1,96.89,0.239
2023,Mustard,Sandy Loam,7.6,118,20,47,25.0,823,70.5,Medium,7.8,529.28,1.308
2022,Sunflower,Alluvial,8.22,99,69,46,21.4,581,71.5,Low,5.3,624.42,1.543
2023,Maize,Silt Loam,6.77,175,29,21,26.7,688,59.1,Medium,11.9,1770.39,4.375
2021,Onion,Black Soil,4.78,113,65,81,14.1,150,76.0,Medium,4.6,1196.79,2.957
2022,Sunflower,Laterite,4.85,145,10,27,28.2,851,64.8,Medium,9.5,350.59,0.866
2021,Apple,Silt Loam,7.86,82,87,81,10.2,751,64.4,High,7.3,3074.9,7.598
2024,Wheat,Red Soil,4.78,169,34,31,16.9,377,60.2,Low,8.9,536.01,1.325
2026,Groundnut,Red Soil,8.74,73,35,37,21.7,150,52.3,Medium,4.2,198.93,0.492
2026,Watermelon,Red Soil,7.15,99,70,126,19.9,959,35.8,Medium,7.1,6759.43,16.703
2023,Apple,Saline,4.73,103,10,161,24.4,636,90.7,High,5.9,988.67,2.443
2026,Onion,Silt Loam,7.43,92,98,81,15.2,398,65.4,High,9.4,5907.41,14.598
2022,Apple,Clay Loam,6.83,98,58,151,22.3,1257,84.5,Low,5.5,4413.5,10.906
2021,Rice,Red Soil,7.89,154,25,69,29.0,1004,62.0,High,9.6,950.74,2.349
2020,Banana,Silt Loam,5.56,165,66,229,24.7,1757,70.3,High,4.6,14521.75,35.884
2026,Sugarcane,Peaty,6.19,181,88,94,17.6,1453,74.9,Medium,11.7,9664.91,23.882
2024,Sunflower,Silt Loam,8.55,48,63,54,37.1,951,88.3,Medium,4.4,179.14,0.443
2021,Chickpea,Clay Loam,4.74,34,53,23,25.0,164,77.6,Medium,6.6,172.4,0.426
2026,Tea,Sandy Loam,6.06,93,55,54,14.8,2043,80.9,High,9.7,585.75,1.447
2026,Cotton,Sandy Loam,5.23,107,35,56,33.6,1036,59.6,Medium,11.9,372.54,0.921
2020,Groundnut,Alluvial,6.05,10,83,23,22.7,1095,66.7,High,11.6,878.05,2.17
2020,Soybean,Peaty,7.27,44,111,71,36.2,692,60.0,High,9.1,612.33,1.513
2023,Mustard,Clay Loam,4.89,92,10,18,20.8,164,39.3,High,4.4,198.89,0.491
2020,Soybean,Clay Loam,6.96,10,47,47,16.0,607,86.0,Low,8.3,371.4,0.918
2024,Sunflower,Silt Loam,7.78,106,108,53,36.3,986,54.8,High,8.7,522.76,1.292
2020,Groundnut,Alluvial,7.83,44,33,54,27.7,758,80.3,Medium,6.3,733.18,1.812
2021,Chickpea,Sandy Loam,8.79,29,59,10,25.5,407,40.3,Medium,7.2,325.15,0.803
2025,Maize,Saline,7.09,166,51,46,39.7,1025,60.6,High,7.5,666.17,1.646
2020,Cotton,Alluvial,8.29,95,48,53,23.1,606,38.6,Low,6.7,467.05,1.154
2026,Wheat,Loam,4.82,121,46,76,20.3,1252,67.0,Low,10.4,1118.93,2.765
2023,Watermelon,Sandy Loam,7.5,142,93,107,39.8,150,85.6,Low,6.4,1653.76,4.087
2020,Barley,Sandy Loam,4.55,23,64,56,34.9,580,80.7,Low,7.9,219.05,0.541
2025,Cotton,Peaty,8.01,139,68,23,39.2,544,76.6,High,10.7,318.07,0.786
2022,Wheat,Loam,4.58,125,40,15,13.4,150,48.0,Medium,11.2,279.39,0.69
2023,Tomato,Sandy Loam,7.61,235,64,147,39.1,397,91.3,Low,6.1,1440.13,3.559
2025,Chickpea,Loam,7.98,17,48,39,19.9,433,72.3,Medium,10.5,944.65,2.334
2024,Barley,Loam,7.35,30,54,21,37.1,666,91.9,High,6.9,446.71,1.104
2022,Potato,Laterite,5.51,105,72,94,33.6,800,30.6,Medium,11.7,3525.67,8.712
2022,Rice,Alluvial,6.53,93,16,62,39.8,1634,69.9,Low,7.7,810.84,2.004
2026,Onion,Sandy Loam,7.24,116,64,56,36.6,1308,56.5,Medium,9.4,3000.12,7.413
2020,Tomato,Silt Loam,4.94,153,55,137,33.7,912,89.9,Medium,5.0,2135.92,5.278
2025,Groundnut,Laterite,4.88,10,14,61,25.9,637,90.0,High,7.1,407.76,1.008
2021,Chickpea,Black Soil,7.03,77,69,10,37.3,150,92.1,High,5.0,103.84,0.257
2021,Soybean,Black Soil,7.98,11,74,41,11.6,732,72.8,Low,6.9,170.84,0.422
2026,Sunflower,Peaty,4.76,50,59,29,25.8,1005,31.9,Medium,4.5,450.64,1.114
2024,Watermelon,Saline,4.95,135,46,114,12.9,653,76.6,Medium,10.4,2396.85,5.923
2021,Tea,Loam,7.77,113,36,91,32.7,1697,51.0,Medium,11.5,201.35,0.498
2026,Cotton,Black Soil,8.12,77,20,10,14.4,798,34.2,Medium,9.9,250.41,0.619
2020,Sugarcane,Peaty,5.29,268,72,60,31.7,1755,42.1,High,9.9,12422.94,30.698
2022,Groundnut,Red Soil,6.19,10,10,76,31.2,904,90.9,Low,5.9,544.07,1.344
2026,Tea,Clay Loam,6.53,162,44,48,37.9,1358,67.6,Low,5.4,155.51,0.384
2021,Watermelon,Loam,8.74,135,84,92,19.1,418,47.7,Low,11.8,3942.04,9.741
2021,Banana,Peaty,6.99,237,97,219,22.2,2000,68.5,Low,4.3,16651.56,41.147
2021,Onion,Laterite,6.04,98,60,76,34.1,701,61.2,Low,4.9,2116.6,5.23
2025,Potato,Black Soil,5.4,195,89,99,15.8,351,44.3,Low,11.4,7178.42,17.738
2020,Mustard,Black Soil,8.07,111,48,57,21.4,455,51.3,Low,7.7,893.84,2.209
2022,Barley,Sandy Loam,8.42,132,27,65,39.4,342,55.2,High,10.8,297.08,0.734
2022,Banana,Silt Loam,5.36,103,67,295,36.9,1499,62.9,Low,10.0,7660.3,18.929
2025,Sunflower,Clay Loam,6.74,77,54,60,31.7,548,83.0,High,11.0,1065.3,2.632
2021,Cotton,Silt Loam,7.13,155,63,76,33.6,435,58.3,High,5.2,610.62,1.509
2025,Barley,Clay Loam,4.91,62,36,34,28.6,944,65.1,Medium,9.7,419.18,1.036
2024,Mustard,Saline,6.36,65,27,10,23.0,769,73.6,Low,9.9,517.48,1.279
2025,Onion,Peaty,7.43,111,49,45,18.8,761,75.1,Low,11.4,7107.68,17.563
2021,Onion,Sandy Loam,8.45,49,46,64,39.7,770,41.5,Low,8.5,1546.26,3.821
2023,Tomato,Red Soil,7.38,134,70,160,33.1,1347,79.3,High,9.4,4522.53,11.175
2025,Cotton,Alluvial,8.02,105,52,38,27.2,887,81.1,Medium,6.3,889.39,2.198
2021,Apple,Black Soil,6.97,61,70,86,13.0,848,75.6,Medium,6.9,5039.61,12.453
2026,Tea,Clay Loam,5.13,157,10,53,33.9,1414,34.3,Low,4.1,198.64,0.491
2024,Coffee,Clay Loam,6.04,183,10,123,13.6,1284,43.8,High,5.4,317.31,0.784
2021,Rice,Peaty,8.21,122,10,30,31.6,1455,57.6,High,5.4,475.44,1.175
2022,Sugarcane,Sandy Loam,6.91,217,82,91,33.2,1345,44.2,Low,4.5,15620.02,38.598
2021,Groundnut,Clay Loam,8.6,45,40,39,24.3,657,33.0,High,11.8,838.0,2.071
2020,Groundnut,Black Soil,6.88,16,28,68,12.5,608,73.5,Medium,4.1,390.7,0.965
2022,Rice,Sandy Loam,8.24,213,95,26,25.1,1343,48.7,High,6.9,877.6,2.169
2023,Sunflower,Red Soil,8.52,73,44,65,17.2,846,46.7,Medium,6.5,293.43,0.725
2020,Cotton,Black Soil,7.85,122,10,45,23.0,909,79.9,Low,5.7,401.17,0.991
2024,Banana,Clay Loam,7.14,247,56,250,35.6,2253,78.8,Medium,10.2,16456.15,40.664
2021,Tea,Peaty,4.77,128,10,78,25.1,1523,51.0,Low,5.4,322.12,0.796
2021,Onion,Silt Loam,5.16,104,33,56,24.2,772,49.9,High,11.5,3959.48,9.784
2023,Groundnut,Red Soil,6.72,10,57,27,27.0,342,62.5,High,6.5,562.21,1.389
2023,Wheat,Red Soil,7.49,89,32,56,21.2,1228,72.5,Low,5.3,994.88,2.458
2026,Tea,Black Soil,6.61,169,33,72,34.9,1513,68.8,High,9.5,287.67,0.711
2024,Garlic,Alluvial,6.11,56,36,93,23.6,150,80.6,Low,7.4,1329.93,3.286
2024,Groundnut,Alluvial,5.86,10,51,35,33.9,514,91.8,High,9.6,700.65,1.731
2021,Groundnut,Clay Loam,5.05,46,80,36,34.3,263,66.9,Medium,4.9,206.53,0.51
2023,Apple,Sandy Loam,8.39,76,81,147,17.9,1265,55.8,Low,11.9,3724.56,9.204
2021,Maize,Clay Loam,5.79,107,86,63,12.0,298,56.0,Low,9.3,336.17,0.831
2023,Tomato,Alluvial,7.7,176,80,131,22.1,249,62.5,Low,10.4,4681.35,11.568
2021,Apple,Black Soil,7.58,51,26,85,20.0,727,59.9,High,11.6,3479.17,8.597
2020,Garlic,Red Soil,6.73,79,37,62,16.6,150,76.3,Medium,8.1,1666.89,4.119
2025,Coffee,Alluvial,5.86,142,47,165,18.2,1745,91.0,High,9.3,938.46,2.319
2025,Chickpea,Alluvial,6.01,10,52,51,18.0,543,78.1,Medium,10.1,458.41,1.133
2026,Watermelon,Silt Loam,7.72,135,100,70,19.9,508,38.9,High,9.8,8772.49,21.677
2024,Barley,Alluvial,5.08,60,16,10,31.0,257,76.7,Low,9.3,159.61,0.394
2023,Groundnut,Red Soil,5.79,41,91,29,16.5,507,80.8,High,6.2,463.58,1.146
2026,Rice,Black Soil,6.64,109,44,49,21.9,1935,78.7,Low,9.4,2199.51,5.435
2025,Sugarcane,Clay Loam,7.11,250,79,57,28.2,1602,70.6,Low,7.5,21211.11,52.414
2026,Maize,Loam,8.69,149,75,65,19.1,1106,49.2,Low,8.4,1378.94,3.407
2024,Maize,Black Soil,8.06,159,71,58,21.4,1293,84.0,Medium,7.9,1550.66,3.832
2025,Tomato,Loam,7.56,102,70,133,23.0,548,56.3,High,5.2,7247.22,17.908
2021,Tomato,Alluvial,6.23,123,91,176,39.9,935,93.4,Medium,11.7,5920.5,14.63
2024,Sunflower,Sandy Loam,7.78,84,88,35,32.2,875,48.4,High,11.7,670.59,1.657
2026,Maize,Red Soil,6.51,175,13,85,25.5,1200,60.2,Low,7.2,1365.88,3.375
2021,Rice,Loam,8.14,170,80,24,11.4,850,83.1,Low,11.7,272.94,0.674
2021,Maize,Loam,4.74,164,61,49,20.1,463,79.4,High,7.6,835.55,2.065
2025,Banana,Clay Loam,4.63,228,56,245,25.1,1933,62.5,Low,11.1,15191.57,37.539
2024,Mustard,Sandy Loam,6.17,10,41,42,11.5,168,66.0,High,6.4,146.41,0.362
2026,Soybean,Clay Loam,5.05,22,64,70,32.1,904,32.8,High,5.6,307.0,0.759
2025,Wheat,Peaty,7.9,158,56,28,10.9,268,38.0,Medium,7.6,338.16,0.836
2023,Coffee,Alluvial,7.06,172,58,141,39.0,1670,75.0,Medium,11.1,323.51,0.799
2021,Rice,Laterite,4.74,151,73,30,16.4,1887,32.5,High,7.9,482.07,1.191
2023,Groundnut,Sandy Loam,5.63,35,41,34,13.2,922,74.0,Low,8.9,443.41,1.096
2020,Barley,Silt Loam,8.27,118,52,10,36.4,598,65.2,Medium,11.2,379.71,0.938
2022,Tomato,Laterite,8.6,143,94,144,29.4,768,71.0,High,11.9,4559.59,11.267
2026,Watermelon,Saline,5.1,34,47,86,39.3,657,50.5,High,7.4,1482.24,3.663
2021,Rice,Sandy Loam,5.51,83,40,48,20.4,1208,87.7,Low,11.3,988.87,2.444
2021,Maize,Clay Loam,7.38,166,30,53,16.3,1053,80.2,Medium,5.4,969.43,2.396
2025,Chickpea,Laterite,6.64,15,10,39,30.0,798,37.4,High,7.8,279.08,0.69
2021,Coffee,Alluvial,8.46,138,39,152,33.4,1514,63.4,Low,6.0,147.95,0.366
2022,Groundnut,Sandy Loam,6.61,10,77,32,24.8,594,34.4,Low,9.5,885.05,2.187
2024,Onion,Sandy Loam,6.02,98,92,82,22.3,533,89.9,High,8.0,5943.65,14.687
2021,Tomato,Sandy Loam,8.14,184,87,94,10.0,933,42.9,Medium,9.1,2389.79,5.905
2026,Groundnut,Sandy Loam,5.53,10,45,33,25.6,1512,38.7,Medium,8.1,607.44,1.501
2025,Potato,Red Soil,5.48,115,66,108,37.6,486,72.9,Medium,6.2,2829.48,6.992
2023,Potato,Saline,5.69,125,77,147,29.6,150,85.9,High,5.1,1021.94,2.525
2026,Sunflower,Saline,8.36,84,89,42,11.8,338,55.1,Medium,10.4,161.08,0.398
2022,Sunflower,Laterite,4.86,85,63,29,19.8,876,34.8,Medium,11.1,487.38,1.204
2024,Cotton,Peaty,8.74,71,58,29,24.4,519,77.9,Medium,11.3,356.7,0.881
2023,Onion,Saline,4.56,213,91,101,38.3,221,59.3,Medium,10.0,738.92,1.826
2021,Watermelon,Black Soil,6.06,185,87,87,28.2,827,93.7,Low,4.3,9377.01,23.171
2020,Wheat,Peaty,5.59,129,42,27,39.1,601,72.6,Low,8.1,536.14,1.325
2026,Tomato,Peaty,4.9,115,89,142,21.8,622,76.9,Medium,9.2,6709.32,16.579
2021,Banana,Laterite,6.2,202,80,270,17.1,1866,41.0,Medium,4.5,9370.98,23.156
2023,Mustard,Red Soil,5.81,83,48,33,19.9,894,58.1,Low,11.4,806.3,1.992
2021,Watermelon,Sandy Loam,6.33,87,56,130,26.4,382,50.6,Medium,9.9,10119.63,25.006
2025,Cotton,Alluvial,5.56,168,72,48,23.4,989,54.6,Medium,9.0,568.93,1.406
2023,Groundnut,Silt Loam,5.69,64,78,18,15.7,657,48.8,High,11.1,625.4,1.545
2022,Garlic,Loam,8.09,96,55,30,11.6,655,34.6,High,8.8,1800.78,4.45
2020,Wheat,Peaty,4.59,97,55,56,37.1,889,45.4,High,7.7,326.22,0.806
2025,Groundnut,Black Soil,6.84,10,36,64,37.1,821,67.3,Low,5.5,367.71,0.909
2026,Potato,Alluvial,8.74,69,82,96,26.3,206,41.1,Low,4.2,1019.33,2.519
2023,Garlic,Sandy Loam,7.78,76,59,57,11.1,814,46.2,High,8.1,2071.81,5.12
2020,Sugarcane,Silt Loam,5.18,190,67,10,15.2,2532,77.7,Medium,6.9,2701.5,6.676
2026,Soybean,Peaty,6.76,10,65,62,10.5,1471,94.7,High,12.0,312.62,0.772
2024,Coffee,Red Soil,7.13,135,72,110,14.4,914,53.2,Low,10.9,253.27,0.626
2023,Garlic,Saline,4.69,55,14,46,13.0,310,93.3,High,6.3,576.07,1.423
2025,Banana,Red Soil,8.46,179,61,210,39.0,1088,68.9,Medium,9.1,4184.95,10.341
2025,Watermelon,Peaty,7.65,136,82,111,38.5,497,67.7,High,6.6,4804.95,11.873
2020,Wheat,Red Soil,8.79,150,37,10,14.8,780,88.2,Medium,8.8,552.69,1.366
2024,Onion,Laterite,4.52,145,49,84,38.9,530,44.6,High,11.6,1741.74,4.304
2020,Barley,Loam,7.41,59,65,68,21.4,505,38.7,Low,7.5,1326.03,3.277
2021,Tomato,Red Soil,6.8,103,66,102,27.7,844,44.9,High,6.3,5992.98,14.809
2024,Barley,Red Soil,4.88,122,71,10,38.7,150,34.1,Medium,10.2,114.08,0.282
2022,Cotton,Loam,6.7,108,23,32,32.5,881,66.5,High,10.7,741.86,1.833
2020,Onion,Black Soil,4.72,103,55,50,35.8,243,88.7,Medium,11.1,850.51,2.102
2023,Sunflower,Silt Loam,6.1,106,59,84,27.1,931,47.6,Medium,5.2,1000.19,2.472
2025,Maize,Laterite,5.63,149,79,32,14.1,831,80.2,Medium,10.8,820.75,2.028
2022,Tomato,Laterite,8.53,176,83,104,23.3,1178,58.8,Medium,4.2,4015.44,9.922
2021,Mustard,Silt Loam,5.45,66,10,30,15.8,674,47.3,Medium,7.1,317.47,0.784
2023,Chickpea,Red Soil,6.97,96,52,25,20.1,796,62.7,High,10.8,878.49,2.171
2024,Wheat,Loam,5.71,162,22,37,11.0,722,59.0,Low,8.4,915.96,2.263
2022,Sunflower,Laterite,5.96,119,68,18,39.9,330,93.2,High,5.4,173.21,0.428
2021,Potato,Clay Loam,8.0,99,33,120,37.4,451,57.2,Low,9.3,1414.81,3.496
2020,Coffee,Sandy Loam,6.53,107,73,96,19.4,1474,58.2,Medium,6.0,430.2,1.063
2025,Rice,Peaty,8.13,165,57,30,20.8,1999,78.0,Low,9.9,801.63,1.981
2026,Sunflower,Red Soil,4.75,117,93,62,12.9,268,59.0,High,8.5,197.66,0.488
2024,Banana,Saline,4.73,187,47,292,14.0,1505,78.0,Medium,10.8,3986.75,9.851
2025,Coffee,Alluvial,8.71,154,36,133,28.5,1001,38.9,Medium,7.9,221.32,0.547
2024,Chickpea,Sandy Loam,5.38,10,75,58,18.2,885,45.2,Low,4.8,233.86,0.578
2026,Onion,Saline,5.93,89,28,101,36.9,1160,47.2,Medium,10.7,2263.71,5.594
2026,Barley,Red Soil,7.48,154,55,28,30.7,792,68.9,Medium,4.4,518.1,1.28
2021,Sunflower,Red Soil,5.74,65,74,54,33.3,150,82.6,Medium,5.5,179.93,0.445
2023,Garlic,Saline,8.46,147,56,10,20.8,150,53.5,Low,6.2,334.72,0.827
2026,Sugarcane,Clay Loam,7.46,182,87,119,14.4,1742,74.9,High,5.9,7988.62,19.74
2026,Coffee,Sandy Loam,6.43,166,39,154,28.9,1024,61.0,Medium,5.0,286.26,0.707
2023,Banana,Sandy Loam,7.36,190,27,260,22.8,1825,31.2,Medium,11.6,16191.33,40.01
2026,Mustard,Loam,7.44,111,39,28,34.7,335,70.8,Low,11.9,470.84,1.163
2026,Tea,Saline,7.08,139,26,118,20.1,1883,57.7,High,7.1,352.56,0.871
2023,Watermelon,Red Soil,5.02,105,69,77,10.7,422,83.6,Medium,11.3,2719.49,6.72
2026,Soybean,Alluvial,5.91,10,54,10,33.9,429,45.4,Medium,8.6,326.53,0.807
2026,Mustard,Alluvial,6.59,28,54,21,12.5,150,64.2,Low,10.7,283.52,0.701
2025,Onion,Red Soil,6.62,59,24,43,19.6,150,73.9,Low,6.4,2055.27,5.079
2026,Chickpea,Clay Loam,6.2,33,41,51,37.8,341,31.6,High,11.9,284.62,0.703
2020,Garlic,Laterite,6.45,154,11,68,30.7,634,72.1,High,11.2,1139.9,2.817
2023,Tomato,Loam,6.64,165,74,135,16.1,912,86.0,Medium,6.7,8917.92,22.037
2023,Barley,Red Soil,8.1,77,32,35,39.6,574,58.4,Medium,6.0,349.1,0.863
2026,Banana,Peaty,8.5,239,46,187,38.2,1686,63.2,High,7.7,4823.62,11.919
2022,Cotton,Peaty,5.67,139,66,46,19.6,763,55.2,Medium,5.3,280.96,0.694
2024,Maize,Alluvial,7.83,165,84,38,17.2,248,34.2,Medium,8.2,621.32,1.535
2026,Groundnut,Red Soil,8.61,10,74,67,38.0,861,53.5,Medium,8.4,223.28,0.552
2026,Watermelon,Laterite,4.85,78,21,81,14.2,310,53.8,High,7.9,1509.17,3.729
2025,Apple,Alluvial,8.72,131,51,138,35.5,582,37.5,High,10.0,2042.81,5.048
2025,Coffee,Saline,8.44,113,22,74,31.2,1356,86.6,Low,10.3,111.36,0.275
2022,Banana,Silt Loam,4.87,202,48,273,16.5,1271,67.7,High,9.9,5730.35,14.16
2023,Banana,Saline,8.31,242,50,271,37.0,1485,74.5,High,4.8,4745.21,11.726
2022,Watermelon,Sandy Loam,8.04,138,104,39,18.4,476,60.1,High,8.2,3609.06,8.918
2024,Banana,Loam,7.07,214,92,281,39.6,1714,41.8,Low,9.5,10039.33,24.808
2022,Potato,Red Soil,5.82,143,82,135,15.1,806,88.6,Medium,4.6,7173.63,17.726
2020,Cotton,Loam,6.51,94,77,63,22.8,645,81.3,Medium,5.9,582.57,1.44
2022,Watermelon,Loam,6.62,131,67,94,23.3,689,42.0,High,6.8,10091.62,24.937
2022,Sunflower,Sandy Loam,7.55,74,24,11,37.0,150,78.2,High,11.8,116.05,0.287
2026,Apple,Loam,6.78,119,13,91,10.7,693,81.1,Medium,4.9,3573.66,8.831
2022,Rice,Silt Loam,7.75,107,67,51,11.8,2270,48.1,Low,12.0,543.04,1.342
2025,Garlic,Clay Loam,5.62,57,36,76,29.5,837,94.7,Low,10.4,1569.86,3.879
2023,Maize,Silt Loam,7.84,171,42,54,13.5,619,91.7,Low,6.7,562.51,1.39
2025,Groundnut,Clay Loam,7.47,89,49,80,15.0,1081,56.8,Medium,9.6,551.2,1.362
2026,Wheat,Red Soil,7.92,121,38,23,31.2,2167,78.4,Low,9.8,365.44,0.903
2022,Maize,Laterite,8.57,107,61,52,18.6,469,87.4,Low,10.6,527.02,1.302
2022,Apple,Peaty,8.07,166,39,148,19.9,1320,60.0,High,4.6,2550.94,6.304
2024,Garlic,Laterite,7.11,54,59,36,12.1,885,50.2,Medium,4.4,1725.52,4.264
2025,Chickpea,Red Soil,4.77,20,44,43,19.7,232,82.3,Medium,5.4,240.86,0.595
2026,Watermelon,Clay Loam,5.48,107,95,99,12.3,150,42.4,Medium,7.7,1749.14,4.322
2025,Apple,Laterite,5.71,57,80,165,21.9,1230,60.2,Medium,5.7,3191.92,7.887
2022,Wheat,Laterite,5.06,140,35,25,37.9,819,93.2,Medium,8.0,349.01,0.862
2024,Maize,Silt Loam,7.55,206,95,31,34.2,1316,64.7,Medium,4.8,751.77,1.858
2022,Soybean,Alluvial,7.72,18,71,41,25.9,422,50.1,High,7.4,536.29,1.325
2021,Chickpea,Peaty,6.39,44,40,59,29.5,605,57.6,High,5.8,348.97,0.862
2020,Coffee,Red Soil,8.06,123,20,143,10.4,1422,48.5,High,10.3,176.97,0.437
2024,Tomato,Saline,5.54,104,93,108,35.0,1076,54.8,Medium,10.6,2695.95,6.662
2025,Barley,Red Soil,8.58,22,52,103,35.2,523,90.3,Low,4.5,177.26,0.438
2021,Rice,Silt Loam,4.87,165,31,25,23.1,1567,39.2,High,10.8,1237.16,3.057
2020,Maize,Red Soil,7.97,122,84,81,32.5,850,74.3,Medium,8.8,1088.1,2.689
2020,Rice,Black Soil,5.17,151,95,37,29.6,1681,32.6,High,8.9,1606.3,3.969
2021,Tomato,Loam,5.59,209,107,144,13.9,662,62.6,Medium,7.1,6274.44,15.504
2024,Soybean,Alluvial,6.74,10,36,33,36.6,150,77.7,Low,9.3,155.0,0.383
2020,Maize,Peaty,5.38,149,76,42,12.3,378,39.5,Low,4.0,217.71,0.538
2025,Chickpea,Black Soil,7.08,10,28,10,15.7,1013,59.4,Low,11.5,474.04,1.171
2025,Groundnut,Peaty,5.69,41,29,35,20.3,183,30.4,Medium,6.7,300.1,0.742
2021,Cotton,Sandy Loam,8.03,48,69,21,28.7,264,45.0,Low,11.4,279.68,0.691
2023,Maize,Alluvial,5.67,154,40,55,22.5,936,77.9,Medium,6.8,1585.75,3.918
2021,Sunflower,Saline,6.9,79,39,10,29.7,1018,45.9,Medium,9.8,617.79,1.527
2025,Potato,Saline,8.33,109,52,67,34.3,941,90.2,Medium,8.3,1532.22,3.786
2025,Banana,Loam,4.8,170,10,258,28.3,2078,49.3,Low,10.7,9251.34,22.861
2021,Mustard,Laterite,5.44,51,24,36,14.4,688,85.9,High,11.8,382.51,0.945
2026,Garlic,Clay Loam,8.22,82,82,78,29.7,427,49.2,High,7.7,1036.93,2.562
2024,Sunflower,Laterite,5.08,119,37,33,16.0,569,82.4,Medium,8.7,328.26,0.811
2022,Maize,Peaty,5.98,148,93,47,20.2,1117,78.9,Medium,10.3,2018.45,4.988
2025,Tomato,Loam,5.75,183,78,50,11.9,150,76.3,Low,9.2,1825.29,4.51
2025,Tea,Sandy Loam,5.27,179,75,27,37.3,1515,93.0,Low,8.0,255.21,0.631
2026,Garlic,Silt Loam,8.02,63,10,59,27.5,150,57.5,High,9.3,476.91,1.178
2025,Wheat,Saline,7.72,100,64,75,33.6,759,32.2,Medium,11.3,465.34,1.15
2023,Chickpea,Peaty,6.92,53,85,18,22.1,220,38.6,Medium,5.1,388.54,0.96
2022,Watermelon,Saline,7.12,172,88,69,19.4,150,76.3,Medium,5.3,2029.02,5.014
2025,Barley,Black Soil,6.41,84,54,34,14.2,205,63.3,Medium,10.1,836.41,2.067
2024,Chickpea,Silt Loam,8.2,127,81,29,30.4,849,35.6,Low,5.4,451.97,1.117
2020,Mustard,Black Soil,5.86,10,79,10,10.5,487,72.0,Medium,6.9,211.13,0.522
2022,Apple,Sandy Loam,7.22,66,33,71,25.0,150,87.5,Medium,8.8,984.9,2.434
2022,Tea,Loam,8.58,194,56,81,28.0,1696,93.1,High,6.8,315.81,0.78
2022,Tea,Black Soil,4.75,191,23,100,25.7,1488,57.1,Low,10.5,617.27,1.525
2025,Maize,Sandy Loam,5.24,173,86,80,39.2,715,39.0,Low,5.5,367.51,0.908
2020,Sugarcane,Peaty,6.48,169,116,85,27.8,1542,48.7,High,10.8,25570.77,63.187
2026,Sunflower,Laterite,5.55,54,34,103,30.0,642,67.8,Low,10.8,597.19,1.476
2023,Wheat,Clay Loam,7.68,147,63,20,20.5,431,81.5,Low,4.7,648.15,1.602
2026,Tea,Peaty,6.78,149,37,92,17.7,2044,36.3,High,10.0,474.44,1.172
2026,Tomato,Alluvial,7.96,202,87,128,16.3,609,32.5,Low,11.0,5585.38,13.802
2024,Groundnut,Laterite,6.89,56,54,42,10.4,332,64.0,High,6.3,316.38,0.782
2024,Apple,Sandy Loam,7.08,66,25,81,36.9,150,66.4,Medium,6.3,658.33,1.627
2020,Cotton,Sandy Loam,4.68,169,30,18,36.0,496,54.7,High,5.0,136.81,0.338
2020,Sugarcane,Saline,6.83,295,71,81,22.1,1751,94.0,High,5.5,11481.08,28.37
2026,Garlic,Silt Loam,6.25,90,50,24,33.8,551,80.3,Medium,4.8,1302.65,3.219
2023,Garlic,Red Soil,5.23,47,53,57,13.3,1256,89.3,High,9.4,1387.14,3.428
2024,Soybean,Clay Loam,5.04,67,10,18,20.5,637,43.3,Medium,4.0,270.3,0.668
2021,Onion,Black Soil,7.47,33,44,43,37.8,593,33.5,Medium,10.9,2452.26,6.06
2024,Watermelon,Sandy Loam,5.73,117,72,89,20.3,926,85.3,Medium,6.6,4473.72,11.055
2021,Rice,Silt Loam,5.37,148,66,69,37.2,1484,38.8,Medium,5.2,846.95,2.093
2021,Maize,Clay Loam,6.14,210,10,93,36.5,407,59.0,Low,7.4,302.06,0.746
2023,Barley,Clay Loam,4.89,91,72,54,12.1,1172,68.7,Medium,4.1,468.86,1.159
2023,Sugarcane,Alluvial,5.85,213,112,106,25.0,1715,84.1,Low,9.4,21655.5,53.512
2020,Cotton,Peaty,5.55,110,16,38,26.4,838,76.2,Low,10.9,371.63,0.918
2024,Maize,Alluvial,7.67,217,64,50,28.4,1190,66.3,High,5.8,1527.36,3.774
2023,Soybean,Black Soil,7.29,12,10,76,38.3,265,89.4,Medium,9.3,150.58,0.372
2026,Mustard,Loam,8.73,80,41,43,39.8,435,55.3,High,8.7,353.49,0.873
2025,Soybean,Saline,5.74,58,90,62,30.9,707,91.4,Low,6.5,555.59,1.373
2026,Watermelon,Black Soil,6.68,95,64,114,31.5,1309,62.8,Medium,11.7,11444.64,28.28
2021,Barley,Alluvial,7.39,52,38,46,31.3,1090,57.2,Low,4.5,411.5,1.017
2025,Barley,Sandy Loam,7.63,50,11,50,28.1,616,63.9,Medium,7.0,529.37,1.308
2020,Sugarcane,Peaty,5.98,257,86,126,34.4,1497,43.8,Medium,11.2,19704.26,48.69
2021,Tea,Red Soil,6.22,106,19,46,28.8,1535,91.3,High,6.7,289.27,0.715
2024,Mustard,Sandy Loam,5.46,91,49,66,17.7,150,74.8,Low,6.5,213.17,0.527
2026,Maize,Black Soil,5.32,168,28,61,32.9,1080,67.6,Low,11.9,741.38,1.832
2021,Potato,Alluvial,5.12,181,111,115,23.0,915,93.3,Medium,5.8,6047.66,14.944
2020,Tea,Black Soil,6.99,132,10,102,19.5,1455,46.4,Medium,4.3,258.7,0.639
2021,Mustard,Black Soil,7.21,102,10,10,35.1,622,40.6,Medium,4.2,251.44,0.621
2024,Tea,Clay Loam,4.63,169,42,60,32.7,1342,78.0,Medium,7.3,301.88,0.746
2021,Onion,Saline,7.19,98,63,130,17.2,1162,77.9,Medium,9.8,5804.93,14.344
2020,Tomato,Sandy Loam,6.71,130,102,131,35.4,1038,43.8,High,9.9,4178.43,10.325
2020,Sugarcane,Sandy Loam,5.94,211,28,82,34.2,2190,37.5,High,11.2,13831.19,34.178
2022,Banana,Silt Loam,6.64,185,88,213,11.3,1673,82.7,High,9.4,11865.3,29.32
2020,Rice,Saline,4.64,118,60,12,23.7,1769,44.0,Low,10.9,648.22,1.602
2023,Rice,Clay Loam,6.27,144,45,60,36.0,1756,75.6,Low,9.7,1643.83,4.062
2022,Banana,Clay Loam,6.69,193,70,239,26.9,928,82.6,High,5.5,15618.93,38.595
2021,Tomato,Alluvial,5.54,178,84,95,24.0,1166,86.8,High,4.8,7003.76,17.307
2023,Onion,Saline,8.51,54,14,137,23.6,156,46.4,Low,10.5,876.03,2.165
2020,Onion,Red Soil,5.84,109,48,79,33.0,672,60.3,Low,8.3,2490.53,6.154
2021,Rice,Black Soil,8.09,139,10,38,14.9,1235,81.3,High,4.0,255.78,0.632
2020,Mustard,Laterite,6.05,42,42,10,39.4,291,90.6,High,11.0,214.83,0.531
2022,Sugarcane,Silt Loam,4.88,215,160,102,27.7,1400,72.4,High,4.2,12908.04,31.896
2021,Groundnut,Clay Loam,7.11,69,38,65,37.4,379,36.2,High,6.1,369.33,0.913
2024,Garlic,Alluvial,5.92,108,31,37,22.4,150,58.2,Low,7.3,1415.25,3.497
2024,Sunflower,Black Soil,7.94,90,86,43,39.7,1136,79.0,High,5.9,322.13,0.796
2020,Apple,Silt Loam,8.63,106,38,72,29.7,1627,83.0,Medium,7.2,1222.34,3.02
2024,Cotton,Laterite,6.65,125,87,72,10.7,767,42.4,Low,9.1,389.61,0.963
2023,Tomato,Black Soil,5.8,197,101,86,30.4,738,90.9,Medium,5.7,5660.12,13.986
2021,Mustard,Red Soil,4.77,64,43,55,19.9,150,59.6,Low,6.7,180.47,0.446
2021,Soybean,Black Soil,7.4,49,13,52,29.2,421,43.7,Medium,10.0,479.02,1.184
2025,Tomato,Sandy Loam,4.86,167,131,172,21.7,150,78.3,High,4.3,2108.73,5.211
2020,Sunflower,Alluvial,8.43,91,56,24,36.2,150,93.7,High,6.0,93.69,0.232
2023,Wheat,Alluvial,8.34,130,50,20,17.3,1068,79.4,Medium,9.8,889.73,2.199
2020,Barley,Black Soil,7.69,75,32,16,16.4,454,39.7,Low,11.6,1035.77,2.559
2022,Garlic,Black Soil,6.58,79,10,31,18.0,1031,50.2,Low,5.5,2389.42,5.904
2025,Mustard,Peaty,7.52,55,128,44,12.7,300,86.5,Low,7.0,493.91,1.22
2025,Sunflower,Black Soil,5.07,110,95,69,32.4,920,79.8,Low,8.6,641.29,1.585
2024,Chickpea,Black Soil,6.08,10,90,37,26.6,483,62.9,Low,6.5,291.75,0.721
2026,Wheat,Red Soil,7.36,60,70,10,38.6,910,79.1,Medium,6.6,359.05,0.887
2024,Tea,Loam,8.48,112,25,56,36.5,2056,74.9,High,9.3,217.19,0.537
2026,Chickpea,Alluvial,6.1,19,39,92,16.0,515,35.2,High,8.8,494.98,1.223
2020,Garlic,Sandy Loam,7.94,51,36,46,23.9,568,83.1,High,9.8,1886.9,4.663
2020,Cotton,Saline,7.55,108,59,77,30.3,150,67.0,Low,6.1,267.04,0.66
2023,Garlic,Clay Loam,5.03,120,34,94,15.3,316,57.6,Low,4.9,1097.07,2.711
2020,Potato,Peaty,6.54,95,69,115,10.6,389,93.7,High,8.9,4735.11,11.701
2020,Cotton,Saline,7.19,119,22,81,27.5,1195,41.9,Low,8.8,719.06,1.777
2022,Sunflower,Clay Loam,8.16,69,70,56,12.3,1075,50.3,Medium,7.2,274.28,0.678
2020,Tea,Red Soil,4.88,151,45,43,11.4,1320,31.0,High,7.8,420.27,1.039
2020,Sugarcane,Loam,8.06,260,81,117,37.4,1968,77.7,Medium,4.8,12111.08,29.927
2021,Onion,Loam,5.27,58,61,95,37.5,268,40.3,Low,11.7,786.18,1.943
2023,Sugarcane,Alluvial,7.06,164,52,23,28.7,1161,87.5,Medium,9.3,17594.27,43.476
2020,Potato,Clay Loam,7.89,139,64,128,18.4,150,94.1,High,11.2,2370.65,5.858
2026,Apple,Black Soil,5.5,142,32,87,26.1,616,70.4,Low,7.8,2283.22,5.642
2020,Wheat,Silt Loam,5.5,123,67,50,32.2,532,48.5,Medium,7.0,590.73,1.46
2026,Wheat,Sandy Loam,4.97,121,45,43,35.8,337,61.4,Medium,7.6,249.96,0.618
2020,Maize,Clay Loam,8.14,126,42,10,25.6,658,65.4,High,6.7,764.23,1.888
2020,Tomato,Red Soil,7.27,137,96,133,11.4,822,65.6,Low,7.7,3852.54,9.52
2021,Tomato,Sandy Loam,4.62,132,50,75,39.5,807,49.0,Low,7.5,1836.78,4.539
2022,Barley,Sandy Loam,6.01,73,16,46,16.0,480,50.2,Low,8.4,756.14,1.868
2020,Groundnut,Laterite,4.69,31,98,93,15.9,513,93.8,Low,9.2,319.0,0.788
2024,Coffee,Sandy Loam,6.74,91,40,128,15.5,1593,89.7,Low,12.0,425.95,1.053
2023,Maize,Loam,6.9,185,123,43,30.1,1386,37.9,High,6.1,1372.04,3.39
2020,Rice,Sandy Loam,5.6,141,66,37,32.8,1816,83.8,Low,11.1,1393.37,3.443
2026,Maize,Peaty,6.01,120,100,100,22.1,1213,63.3,Low,9.8,2142.74,5.295
2025,Rice,Silt Loam,8.14,139,32,75,24.1,1209,74.3,Medium,11.0,1005.63,2.485
2025,Rice,Clay Loam,7.85,80,13,10,34.8,1272,60.2,High,6.4,409.47,1.012
2023,Tea,Black Soil,4.75,154,19,70,10.9,1260,78.3,High,11.2,466.71,1.153
2025,Maize,Black Soil,4.98,190,105,79,25.6,810,94.4,Medium,8.1,1572.81,3.886
2024,Coffee,Alluvial,7.76,114,27,145,32.9,1741,57.6,Medium,11.9,195.73,0.484
2023,Sunflower,Sandy Loam,4.61,208,52,38,38.7,544,57.7,High,5.5,204.73,0.506
2020,Chickpea,Peaty,6.04,25,36,39,36.3,457,60.0,High,5.9,179.16,0.443
2021,Groundnut,Laterite,5.27,41,10,48,17.3,854,58.6,High,7.1,273.26,0.675
2023,Apple,Loam,6.86,78,35,102,15.4,644,89.4,Low,7.8,4829.58,11.934
2022,Soybean,Silt Loam,6.63,10,99,20,18.3,476,73.8,Low,7.0,357.42,0.883
2020,Wheat,Alluvial,8.4,113,29,47,37.4,1006,94.1,Medium,4.6,291.28,0.72
2021,Cotton,Black Soil,7.21,161,49,51,17.3,945,69.5,High,11.8,555.43,1.372
2026,Groundnut,Alluvial,8.49,38,119,31,17.7,1184,62.0,High,6.4,339.05,0.838
2021,Sunflower,Alluvial,6.14,27,34,33,30.6,150,78.2,High,10.2,314.96,0.778
2021,Sugarcane,Silt Loam,8.55,198,80,13,38.8,1893,51.6,High,4.3,3465.24,8.563
2021,Watermelon,Silt Loam,4.53,108,105,114,18.5,508,79.5,Low,8.6,4156.38,10.271
2023,Barley,Alluvial,7.93,149,87,56,39.6,540,63.9,Medium,5.3,585.65,1.447
2025,Wheat,Clay Loam,8.7,143,75,76,24.6,179,44.8,Low,10.1,444.42,1.098
2024,Tomato,Sandy Loam,5.72,116,86,139,27.6,150,44.5,Medium,9.5,3257.57,8.05
2024,Rice,Clay Loam,7.89,122,28,41,10.1,1533,86.6,High,6.6,334.0,0.825
2021,Banana,Laterite,8.34,125,73,308,19.8,1928,59.0,Low,11.3,6772.76,16.736
2026,Wheat,Red Soil,7.89,63,46,46,27.7,963,69.7,High,9.8,609.83,1.507
2020,Garlic,Peaty,8.19,98,50,81,24.9,823,93.9,Medium,5.5,1449.3,3.581
2020,Rice,Alluvial,6.63,148,42,85,23.9,1555,43.3,Medium,4.2,1627.94,4.023
2024,Watermelon,Black Soil,8.11,117,65,79,21.3,150,43.7,High,5.4,2145.74,5.302
2021,Chickpea,Alluvial,5.04,68,10,18,26.7,527,47.9,Low,8.9,344.13,0.85
2022,Wheat,Black Soil,5.73,128,32,50,13.5,150,48.2,Low,7.7,404.96,1.001
2025,Garlic,Red Soil,6.6,111,75,50,36.0,502,41.0,High,11.4,1877.78,4.64
2024,Barley,Saline,8.47,80,18,55,15.5,233,45.0,High,9.3,339.81,0.84
2020,Maize,Peaty,5.75,131,69,22,27.3,540,64.0,Low,7.8,746.16,1.844
2023,Banana,Peaty,8.56,185,81,228,11.6,1195,80.0,Medium,10.9,4811.98,11.891
2021,Soybean,Black Soil,5.0,10,32,59,36.7,353,89.3,Low,10.3,94.96,0.235
2025,Apple,Loam,5.94,84,46,112,24.5,1256,53.3,Medium,7.4,4255.53,10.516
2024,Sugarcane,Silt Loam,4.71,201,112,96,35.5,1661,68.2,Low,5.3,9726.82,24.035
2021,Mustard,Loam,8.54,103,94,51,38.0,442,49.3,High,12.0,366.59,0.906
2025,Coffee,Saline,7.64,84,27,125,34.4,1990,61.7,Low,10.0,120.48,0.298
2020,Cotton,Alluvial,5.05,144,75,69,16.1,583,81.5,Medium,7.9,241.98,0.598
2022,Soybean,Black Soil,5.53,24,91,102,32.9,492,45.0,Medium,11.7,417.09,1.031
2021,Tea,Peaty,6.52,70,61,117,27.0,1816,31.1,High,11.2,438.46,1.083
2024,Banana,Silt Loam,6.28,189,82,228,29.7,901,47.0,High,4.2,13809.02,34.123
2024,Mustard,Red Soil,4.9,41,33,41,28.6,337,59.3,Low,8.8,215.3,0.532
2021,Chickpea,Loam,8.63,11,40,20,24.5,519,61.5,Low,6.5,420.08,1.038
2023,Apple,Saline,5.56,111,10,60,15.3,994,45.8,Low,11.5,3780.5,9.342
2024,Wheat,Loam,6.6,119,28,63,10.3,527,93.5,High,9.0,983.18,2.429
2024,Onion,Red Soil,6.88,107,51,59,33.7,855,39.6,High,11.9,3418.0,8.446
2022,Cotton,Alluvial,5.42,116,54,88,30.3,984,83.3,Low,11.6,656.16,1.621
2025,Chickpea,Laterite,5.71,98,67,20,28.1,150,78.0,Low,11.2,143.71,0.355
2024,Soybean,Peaty,7.15,63,42,59,35.8,611,53.6,Low,7.1,347.71,0.859
2026,Barley,Saline,8.0,99,51,32,10.7,930,66.5,Low,10.1,632.13,1.562
2022,Barley,Peaty,5.84,76,10,10,30.4,698,55.6,Low,10.4,329.66,0.815
2022,Onion,Sandy Loam,8.44,92,68,110,17.6,882,45.0,High,9.6,4041.02,9.986
2021,Groundnut,Black Soil,7.78,11,32,62,17.6,888,91.2,Medium,5.7,294.77,0.728
2025,Sunflower,Alluvial,7.76,80,71,10,15.8,894,81.9,High,4.5,374.95,0.927
2023,Tea,Loam,4.94,211,68,63,26.0,2201,94.4,Medium,8.3,856.93,2.118
2025,Garlic,Peaty,8.17,90,42,77,29.7,150,58.1,High,9.9,430.1,1.063
2022,Soybean,Silt Loam,7.7,41,56,11,34.6,150,65.6,Medium,11.1,160.33,0.396
2023,Soybean,Black Soil,5.75,101,71,82,30.8,319,43.5,Medium,11.6,492.28,1.216
2026,Maize,Peaty,7.05,141,68,68,30.1,1313,51.3,High,7.3,1614.31,3.989
2020,Apple,Alluvial,8.39,99,54,120,28.3,1118,67.8,High,11.8,1795.88,4.438
2021,Sunflower,Silt Loam,4.85,102,19,58,27.0,975,55.8,Medium,11.0,473.56,1.17
2024,Mustard,Black Soil,4.62,67,43,14,15.5,150,32.5,High,5.4,182.97,0.452
2023,Potato,Loam,6.03,181,59,99,13.6,272,59.6,High,8.4,5648.01,13.957
2022,Wheat,Laterite,5.6,186,29,23,39.6,463,42.9,Medium,5.8,291.81,0.721
2021,Watermelon,Alluvial,6.96,129,86,122,24.9,812,33.0,High,8.6,14931.64,36.897
2022,Onion,Loam,8.04,131,38,40,37.0,165,40.4,Low,7.8,834.96,2.063
2022,Tea,Laterite,7.89,152,48,65,37.6,2038,34.9,Low,9.7,195.7,0.484
2025,Apple,Peaty,6.66,146,54,143,11.2,542,88.2,Low,11.8,5310.31,13.122
2025,Coffee,Peaty,7.88,177,10,164,33.7,1680,35.8,Medium,8.6,133.05,0.329
2024,Tea,Peaty,7.39,216,42,52,28.3,915,87.7,Medium,6.0,137.48,0.34
2026,Maize,Peaty,7.93,161,69,61,10.2,1032,30.7,Low,8.4,753.87,1.863
2025,Onion,Red Soil,7.84,24,78,53,38.0,150,89.7,High,7.8,615.63,1.521
2023,Cotton,Sandy Loam,8.6,127,60,62,22.4,1057,51.1,Medium,10.8,526.23,1.3
2020,Potato,Black Soil,8.19,161,122,140,38.0,605,33.8,Medium,6.9,1908.58,4.716
2026,Cotton,Peaty,8.52,140,61,97,11.0,322,60.5,High,8.5,184.88,0.457
2020,Wheat,Loam,4.93,56,94,102,12.1,150,36.7,Low,5.4,192.36,0.475
2024,Barley,Peaty,5.34,74,32,10,12.9,484,82.1,Low,8.3,407.85,1.008
2025,Chickpea,Silt Loam,5.96,10,77,16,15.2,464,66.3,High,4.7,225.95,0.558
2024,Groundnut,Clay Loam,5.9,10,41,83,27.3,696,83.7,Medium,5.0,848.02,2.095
2021,Coffee,Clay Loam,4.91,108,67,143,39.8,1983,63.5,Low,10.9,278.27,0.688
2022,Sunflower,Sandy Loam,6.59,55,80,47,38.6,892,93.7,High,4.0,323.2,0.799
2026,Sugarcane,Alluvial,6.94,184,70,81,32.9,2210,60.3,Low,9.8,37580.11,92.862
2023,Rice,Red Soil,7.88,199,29,58,38.1,1424,57.8,Medium,9.8,498.13,1.231
2021,Garlic,Red Soil,5.3,75,65,10,36.0,150,67.7,Low,6.5,214.79,0.531
2023,Rice,Saline,6.21,112,31,38,20.2,1691,42.8,Medium,11.7,1200.2,2.966
2022,Tomato,Saline,5.72,131,85,110,19.6,682,81.2,Medium,4.4,5858.68,14.477
2024,Potato,Clay Loam,7.18,116,43,140,11.8,597,68.8,Medium,9.7,4966.03,12.271
2026,Cotton,Laterite,8.39,74,38,64,11.8,1173,38.2,Low,9.4,257.42,0.636
2024,Sugarcane,Laterite,8.14,233,93,93,15.5,1233,48.3,Low,8.1,4551.88,11.248
2024,Tea,Sandy Loam,8.54,148,35,76,18.6,1623,46.4,Medium,10.3,509.61,1.259
2022,Mustard,Sandy Loam,5.04,48,21,63,31.4,185,73.1,Medium,4.1,82.66,0.204
2022,Barley,Red Soil,6.26,72,48,29,33.6,206,87.9,High,11.7,327.89,0.81
2026,Wheat,Silt Loam,6.82,111,10,10,37.9,708,78.4,Low,5.9,449.51,1.111
2022,Garlic,Alluvial,6.94,117,35,52,25.5,150,71.0,Medium,4.5,1107.32,2.736
2022,Tea,Saline,8.31,108,26,82,36.1,1510,71.7,High,11.4,147.09,0.363
2020,Sugarcane,Alluvial,5.44,257,95,95,10.1,2008,33.0,High,10.3,9780.68,24.169
2024,Onion,Black Soil,6.8,23,49,88,36.3,535,65.1,High,6.0,1933.44,4.778
2026,Barley,Sandy Loam,7.26,81,18,51,33.9,1456,65.5,High,6.3,252.13,0.623
2020,Apple,Red Soil,6.21,159,37,80,11.5,323,72.5,Medium,9.7,3384.64,8.364
2022,Sugarcane,Black Soil,5.38,239,70,94,24.4,1916,69.1,Low,4.4,9793.27,24.2
2024,Mustard,Silt Loam,8.55,103,39,68,12.1,150,90.4,Medium,6.8,193.45,0.478
2026,Maize,Saline,5.17,152,31,48,19.1,758,76.2,Low,7.7,602.72,1.489
2022,Coffee,Black Soil,6.34,149,49,133,24.4,1963,60.8,Low,6.7,656.12,1.621
2020,Rice,Red Soil,8.48,126,54,10,20.3,1239,36.8,Low,5.1,328.73,0.812
2020,Banana,Silt Loam,8.38,270,57,238,27.6,1473,50.7,Medium,8.0,13901.28,34.351
2024,Cotton,Loam,6.32,63,37,38,16.6,557,39.0,Low,4.6,185.0,0.457
2025,Onion,Clay Loam,6.64,141,37,68,31.6,150,58.2,Medium,10.3,1538.2,3.801
2025,Sugarcane,Black Soil,4.85,281,70,78,28.2,1132,87.5,High,11.2,12861.31,31.781
2025,Tea,Black Soil,6.58,137,10,95,18.9,1764,66.4,Medium,9.9,522.08,1.29
2021,Tea,Clay Loam,6.91,143,41,70,16.1,1911,44.5,Medium,9.1,499.45,1.234
2025,Garlic,Saline,8.38,55,50,76,22.6,533,86.1,High,6.1,1199.83,2.965
2021,Cotton,Alluvial,4.51,118,33,21,12.8,417,93.0,High,9.3,142.33,0.352
2023,Apple,Clay Loam,5.16,176,31,102,13.0,734,39.1,High,5.3,4687.71,11.584
2023,Potato,Sandy Loam,8.33,146,150,92,18.4,150,78.5,Medium,10.6,2128.61,5.26
2020,Tomato,Saline,7.98,177,103,95,25.5,605,55.7,Low,8.1,4670.06,11.54
2022,Coffee,Silt Loam,5.19,89,10,103,19.5,950,66.4,High,7.5,341.14,0.843
2024,Maize,Sandy Loam,4.51,160,98,61,10.7,713,94.6,Medium,5.5,366.4,0.905
2021,Barley,Red Soil,7.8,106,24,39,35.5,782,89.6,Low,11.4,510.08,1.26
2025,Chickpea,Loam,7.56,45,47,63,29.6,305,41.7,Medium,8.3,622.85,1.539
2020,Rice,Clay Loam,6.79,149,51,83,16.9,1782,50.8,Medium,9.2,1296.2,3.203
2025,Chickpea,Red Soil,8.41,30,70,49,38.8,606,61.8,Low,8.5,366.89,0.907
2022,Chickpea,Peaty,8.11,20,31,10,31.1,738,94.8,High,10.9,374.42,0.925
2023,Chickpea,Peaty,7.07,21,83,10,13.1,150,83.0,High,10.1,196.88,0.487
2022,Chickpea,Silt Loam,6.37,34,33,10,29.6,361,75.0,High,5.1,294.67,0.728
2020,Garlic,Black Soil,5.65,93,17,50,12.1,606,86.5,High,7.6,2102.03,5.194
2025,Sugarcane,Loam,8.69,218,82,49,26.0,1657,81.9,Low,11.8,11821.89,29.212
2022,Sunflower,Peaty,8.39,108,39,29,12.4,1180,70.5,High,4.4,152.27,0.376
2024,Sunflower,Alluvial,6.55,34,81,58,12.0,801,53.9,Medium,4.4,395.52,0.977
2024,Wheat,Red Soil,6.22,90,96,64,25.7,1269,71.9,High,8.3,1219.17,3.013
2023,Sunflower,Clay Loam,5.5,99,40,20,39.9,733,53.6,High,11.7,346.43,0.856
2022,Maize,Red Soil,7.41,136,34,63,38.9,561,33.0,High,9.3,657.95,1.626
2025,Wheat,Laterite,6.1,143,78,34,20.3,659,55.4,Low,9.4,1872.06,4.626
2024,Sugarcane,Saline,6.47,253,90,68,36.6,1463,35.2,High,8.8,16510.7,40.799
2020,Soybean,Loam,6.7,10,10,82,14.4,331,82.1,High,8.4,222.75,0.55
2021,Sunflower,Red Soil,6.0,26,69,56,14.4,461,62.2,Medium,11.6,331.08,0.818
2025,Banana,Alluvial,6.49,229,10,197,34.3,1888,53.8,High,4.6,10113.56,24.991
2022,Groundnut,Loam,7.52,28,62,61,14.5,1361,60.0,High,8.4,407.5,1.007
2024,Banana,Black Soil,5.54,216,51,242,23.6,1684,94.2,Medium,9.4,19992.27,49.402
2022,Cotton,Silt Loam,6.53,130,47,40,27.6,288,63.4,Medium,10.6,515.44,1.274
2026,Sunflower,Silt Loam,6.23,43,61,47,35.7,150,30.9,Low,9.2,228.67,0.565
2021,Sugarcane,Alluvial,7.49,220,87,47,24.3,1598,86.7,Medium,4.3,12214.94,30.184
2024,Banana,Silt Loam,6.54,234,62,244,21.2,1772,93.3,High,9.6,22613.03,55.878
2025,Banana,Alluvial,6.7,161,64,248,14.3,1998,76.3,Medium,9.3,12303.95,30.404
2024,Sugarcane,Alluvial,6.41,238,79,95,26.5,1563,49.7,High,4.8,24240.34,59.899
2024,Tea,Alluvial,8.32,165,10,52,20.9,1740,56.5,High,11.2,422.85,1.045
2026,Onion,Silt Loam,7.93,46,80,71,25.3,314,44.5,Medium,5.2,1815.55,4.486
2025,Maize,Red Soil,8.63,155,74,32,12.4,562,76.1,Medium,8.0,321.4,0.794
2021,Banana,Clay Loam,4.63,289,48,281,32.3,1657,35.8,High,5.9,8620.13,21.301
2025,Banana,Laterite,7.12,250,32,269,20.4,1342,59.6,Medium,8.5,10810.63,26.714
2022,Rice,Laterite,5.51,167,19,45,26.0,1311,56.6,High,9.8,1433.12,3.541
2023,Apple,Red Soil,5.9,152,32,63,21.6,1137,49.9,Medium,8.8,5311.11,13.124
2021,Barley,Red Soil,5.83,58,31,10,25.5,1074,42.3,Low,11.6,544.05,1.344
2020,Tea,Peaty,7.45,123,65,82,33.0,1914,32.2,Low,10.6,213.9,0.529
2026,Cotton,Alluvial,6.35,149,53,26,11.4,994,50.1,Low,9.5,371.77,0.919
2022,Maize,Silt Loam,7.55,121,80,103,18.8,1364,34.5,High,7.2,1389.65,3.434
2025,Apple,Laterite,5.56,83,65,114,34.2,1156,81.6,High,4.5,1617.84,3.998
2026,Coffee,Black Soil,5.63,185,30,113,31.7,2094,67.0,Low,6.7,332.15,0.821
2024,Wheat,Peaty,6.04,159,81,12,19.2,1098,61.3,High,8.5,1218.93,3.012
2021,Chickpea,Alluvial,8.75,14,63,36,37.9,601,74.9,Low,9.4,274.99,0.68
2025,Potato,Alluvial,6.97,124,44,89,15.3,1302,44.8,Medium,9.7,6339.57,15.665
2024,Tea,Sandy Loam,6.2,141,59,38,17.3,1527,36.5,Low,10.5,483.97,1.196
2026,Sunflower,Peaty,6.98,72,55,87,17.7,418,49.0,Medium,4.4,546.54,1.351
2025,Soybean,Red Soil,7.32,10,57,10,23.4,351,57.8,High,9.0,442.71,1.094
2022,Barley,Laterite,5.4,114,44,61,16.7,533,44.0,Low,11.9,778.76,1.924
2020,Potato,Clay Loam,7.33,158,60,137,12.2,667,52.6,High,9.9,4124.26,10.191
2022,Rice,Black Soil,5.98,159,24,33,22.3,721,45.0,Low,9.1,879.34,2.173
2023,Rice,Black Soil,4.74,208,20,10,12.3,1212,59.6,Medium,10.5,357.9,0.884
2021,Maize,Black Soil,7.82,140,45,44,21.3,1136,70.2,Low,7.2,1436.0,3.548
2024,Potato,Black Soil,5.05,170,54,85,16.2,818,85.8,Low,5.5,6455.99,15.953
2021,Groundnut,Laterite,5.66,11,37,23,25.3,621,34.1,Medium,9.5,807.75,1.996
2020,Groundnut,Saline,7.72,75,70,50,14.1,448,52.1,Low,11.5,266.36,0.658
2022,Watermelon,Red Soil,7.0,110,79,73,12.0,581,88.1,Low,4.9,4498.23,11.115
2026,Soybean,Alluvial,7.58,33,24,41,33.1,150,79.5,Medium,8.1,225.74,0.558
2022,Tomato,Saline,6.1,169,61,149,26.8,374,59.5,Low,5.7,3389.23,8.375
2025,Chickpea,Silt Loam,7.07,10,28,46,21.7,366,83.4,High,5.6,588.5,1.454
2021,Potato,Red Soil,4.58,239,81,110,20.5,356,47.8,High,8.6,5379.43,13.293
2026,Garlic,Clay Loam,4.89,88,64,83,19.8,487,64.1,Low,10.8,2605.08,6.437
2022,Wheat,Loam,6.62,144,46,68,26.9,386,87.4,High,11.6,1342.19,3.317
2020,Wheat,Loam,7.62,162,54,19,10.9,337,56.7,High,7.7,498.56,1.232
2020,Potato,Peaty,8.1,112,83,117,13.6,894,82.5,High,6.8,2894.8,7.153
2021,Wheat,Clay Loam,4.74,113,102,18,26.8,685,34.8,High,8.4,669.64,1.655
2026,Mustard,Laterite,6.96,85,11,39,35.7,346,86.0,Low,7.9,267.1,0.66
2025,Soybean,Silt Loam,5.98,14,60,39,34.5,514,77.7,Medium,5.5,302.18,0.747
2024,Garlic,Silt Loam,7.62,87,48,57,22.3,216,52.7,High,5.6,1324.64,3.273
2023,Maize,Laterite,5.66,150,29,77,29.6,904,61.4,Medium,4.3,796.99,1.969
2020,Rice,Laterite,5.19,137,65,28,11.5,986,58.2,High,10.0,504.8,1.247
2022,Groundnut,Loam,6.08,34,32,29,22.1,653,56.9,High,6.7,839.68,2.075
2023,Onion,Laterite,7.83,125,14,106,27.5,150,36.2,Medium,8.5,1197.3,2.959
2021,Tea,Laterite,4.91,197,40,113,24.7,1485,58.4,High,6.3,538.36,1.33
2022,Sunflower,Peaty,4.9,47,74,90,22.9,499,81.3,Medium,11.1,481.12,1.189
2023,Apple,Peaty,5.54,65,24,116,28.4,1221,73.4,Medium,5.9,1997.42,4.936
2024,Soybean,Red Soil,7.81,10,107,33,23.7,975,41.2,Low,4.5,446.88,1.104
2022,Banana,Silt Loam,5.3,219,22,280,31.9,1741,84.1,High,5.7,9150.31,22.611
2025,Tea,Sandy Loam,4.61,144,64,76,21.4,1861,67.6,High,5.8,715.94,1.769
2021,Cotton,Peaty,5.49,106,83,85,33.4,818,71.8,High,11.5,495.42,1.224
2026,Soybean,Sandy Loam,5.44,70,110,14,24.9,339,68.1,Low,10.2,308.54,0.762
2020,Garlic,Alluvial,8.72,135,67,75,12.4,311,72.7,High,4.4,1302.93,3.22
2021,Sunflower,Black Soil,7.1,77,42,25,36.0,290,70.0,Medium,7.6,295.21,0.729
2025,Tomato,Saline,5.71,157,67,106,22.1,688,46.7,High,4.2,6508.22,16.082
2025,Soybean,Laterite,4.93,21,83,33,20.9,588,66.1,Low,4.2,235.18,0.581
2024,Cotton,Laterite,8.37,122,58,65,34.3,377,75.6,Medium,5.7,260.44,0.644
2025,Cotton,Laterite,5.25,51,51,67,31.7,757,55.9,High,11.3,409.2,1.011
2023,Garlic,Alluvial,8.57,90,95,88,38.5,647,66.4,Low,5.5,914.75,2.26
2020,Sunflower,Silt Loam,7.24,97,34,57,36.8,898,92.2,High,5.0,362.3,0.895
2026,Apple,Black Soil,7.01,149,10,73,24.6,526,44.0,Medium,7.9,1959.33,4.842
2020,Garlic,Clay Loam,7.54,71,22,74,27.9,434,76.2,Low,9.4,1406.7,3.476
2026,Tomato,Black Soil,6.03,156,58,139,31.8,1146,81.5,High,7.5,5696.8,14.077
2023,Tomato,Silt Loam,7.45,160,72,108,33.1,206,79.3,Medium,11.3,2305.26,5.696
2021,Potato,Sandy Loam,8.26,168,48,101,20.7,688,93.7,Medium,11.9,3977.36,9.828
2025,Watermelon,Sandy Loam,8.37,56,92,89,12.8,501,33.9,Medium,7.1,2019.39,4.99
2024,Barley,Alluvial,5.8,92,30,27,28.5,908,88.5,High,10.3,646.91,1.599
2020,Garlic,Black Soil,6.63,61,49,34,24.8,917,88.2,High,7.6,2472.88,6.111
2020,Rice,Sandy Loam,7.29,148,10,86,27.6,1864,41.6,Medium,4.3,738.99,1.826
2020,Tomato,Clay Loam,8.45,94,117,113,26.9,871,94.8,Low,9.8,5503.73,13.6
2022,Tea,Red Soil,4.9,139,10,66,35.1,1329,86.7,Medium,4.4,165.02,0.408
2026,Apple,Loam,4.93,73,18,106,17.7,654,70.1,Medium,8.5,3788.89,9.363
2022,Barley,Saline,4.92,97,20,36,38.5,623,58.9,Low,7.5,236.99,0.586
2026,Onion,Saline,6.7,100,12,98,22.8,1340,80.3,Medium,9.9,4146.52,10.246
2026,Apple,Saline,5.62,78,15,129,33.4,744,85.3,High,6.2,1291.76,3.192
2020,Coffee,Silt Loam,7.37,174,67,133,14.2,1755,73.0,Medium,7.4,389.75,0.963
2022,Sunflower,Saline,7.67,92,96,10,17.3,658,88.8,Medium,10.7,430.78,1.064
2024,Garlic,Red Soil,6.24,74,66,71,38.8,594,32.8,Medium,8.0,1630.81,4.03
2025,Apple,Silt Loam,4.66,21,84,117,14.9,347,48.5,Medium,10.3,1631.25,4.031
2024,Watermelon,Loam,5.79,109,72,98,32.5,934,92.8,Low,4.6,7359.18,18.185
2022,Sugarcane,Loam,8.24,200,56,144,34.2,2077,56.5,High,8.3,15342.91,37.913
2021,Sugarcane,Saline,6.72,185,106,112,23.8,1949,70.9,Medium,8.8,20503.27,50.665
2020,Onion,Loam,5.66,36,10,64,14.9,1093,46.3,Medium,5.7,2227.15,5.503
2024,Chickpea,Saline,8.33,85,50,58,38.0,900,65.3,Low,6.1,212.83,0.526
2023,Wheat,Silt Loam,4.74,58,91,62,35.6,507,68.9,Low,6.2,192.64,0.476
2022,Potato,Silt Loam,8.46,106,73,97,23.8,195,83.4,High,6.7,1750.66,4.326
2021,Potato,Black Soil,5.1,171,92,133,18.3,610,45.7,Medium,11.0,11735.34,28.999
2026,Sugarcane,Black Soil,6.04,206,93,108,36.7,1891,55.4,Medium,10.6,20916.5,51.686
2020,Cotton,Red Soil,5.08,104,43,68,25.8,972,53.3,Medium,4.0,368.57,0.911
2022,Wheat,Red Soil,6.02,57,55,35,11.3,465,83.4,Medium,7.5,648.51,1.603
2021,Cotton,Saline,5.75,60,69,10,31.0,388,69.5,High,4.2,146.85,0.363
2026,Watermelon,Laterite,8.78,60,67,57,17.1,191,38.3,Low,4.6,819.65,2.025
2023,Banana,Peaty,7.16,212,73,258,23.7,1690,37.3,Low,11.9,20715.79,51.19
2020,Tea,Saline,6.9,125,43,31,32.7,1547,47.4,High,10.6,125.53,0.31
2025,Potato,Laterite,5.67,143,98,116,15.2,1038,93.7,Medium,5.5,5981.46,14.78
2026,Tea,Black Soil,6.61,68,73,42,39.2,2331,35.7,Low,9.0,232.93,0.576
2021,Sunflower,Silt Loam,7.42,63,38,10,17.6,272,33.2,Low,10.7,297.15,0.734
2021,Sunflower,Sandy Loam,5.94,190,73,59,21.8,150,89.5,Medium,5.5,334.61,0.827
2023,Mustard,Saline,7.63,87,56,33,39.0,182,62.7,High,4.4,171.7,0.424
2020,Rice,Laterite,5.98,112,76,20,26.5,1036,90.9,Medium,4.8,1152.31,2.847
2020,Rice,Red Soil,5.75,90,10,57,30.9,780,71.0,High,11.5,876.31,2.165
2025,Apple,Peaty,5.6,148,89,105,19.6,472,37.3,Medium,8.4,4670.8,11.542
2020,Potato,Saline,7.06,67,69,105,25.4,687,37.1,Medium,4.6,2293.48,5.667
2025,Barley,Clay Loam,8.18,73,10,37,15.8,326,94.1,High,6.9,560.11,1.384
2026,Banana,Black Soil,5.44,160,44,275,15.6,1780,68.3,High,4.4,6032.82,14.907
2024,Chickpea,Alluvial,5.39,53,73,29,28.5,374,88.6,Medium,8.8,435.1,1.075
2024,Coffee,Alluvial,4.84,177,43,66,28.8,1477,33.4,Low,10.0,292.71,0.723
2024,Apple,Red Soil,8.52,102,41,126,36.5,742,48.4,Low,4.8,1154.4,2.853
2023,Watermelon,Peaty,4.65,168,98,137,29.5,213,40.9,Medium,6.6,3730.1,9.217
2026,Groundnut,Clay Loam,6.02,33,58,96,38.3,585,73.5,High,5.7,523.83,1.294
2020,Garlic,Laterite,7.37,150,24,36,31.6,467,83.6,High,9.8,1402.08,3.465
2023,Potato,Alluvial,7.61,83,71,140,33.6,150,64.2,High,9.4,897.26,2.217
2020,Barley,Black Soil,5.03,28,43,51,18.7,495,94.6,Low,5.8,436.65,1.079
2024,Barley,Loam,5.72,39,49,33,37.6,726,67.6,Medium,4.4,274.67,0.679
2025,Soybean,Black Soil,5.77,37,78,29,32.6,310,71.6,High,9.9,393.04,0.971
2023,Garlic,Clay Loam,7.8,47,81,59,17.8,480,91.3,Medium,8.0,2447.18,6.047
2026,Soybean,Peaty,5.07,93,39,28,17.3,634,54.5,Medium,8.3,370.0,0.914
2026,Apple,Red Soil,5.72,74,12,110,20.6,230,54.7,Medium,5.3,1310.88,3.239
2022,Tomato,Black Soil,4.64,116,96,128,19.3,303,58.7,Medium,6.9,2501.75,6.182
2025,Potato,Sandy Loam,7.68,205,76,67,26.6,432,48.2,High,4.0,1672.75,4.133
2023,Barley,Sandy Loam,5.7,73,42,53,28.2,252,43.4,Low,6.1,219.76,0.543
2020,Chickpea,Saline,8.15,45,29,10,15.5,150,40.3,High,11.2,191.94,0.474
2022,Chickpea,Alluvial,6.98,16,44,18,25.4,350,34.5,Medium,5.8,481.53,1.19
2022,Mustard,Black Soil,4.85,10,37,13,11.3,150,91.0,Low,7.9,83.07,0.205
2025,Sunflower,Alluvial,7.11,85,77,28,35.2,1019,46.9,High,6.3,468.16,1.157
2025,Maize,Red Soil,8.53,173,65,39,12.5,402,72.2,Low,10.1,262.28,0.648
2026,Mustard,Silt Loam,6.75,33,25,48,34.0,624,54.8,Low,5.4,304.79,0.753
2020,Watermelon,Loam,7.94,142,79,118,15.6,150,66.5,Medium,7.4,1761.81,4.354
2022,Sugarcane,Alluvial,8.78,250,54,102,12.9,2319,67.2,High,11.6,6988.5,17.269
2025,Onion,Laterite,4.75,51,77,105,20.8,1305,32.2,High,7.3,2338.31,5.778
2024,Tea,Silt Loam,5.4,165,31,92,37.1,1851,91.4,High,11.2,489.46,1.209
2021,Chickpea,Alluvial,4.61,10,90,47,35.6,758,30.0,Medium,6.8,131.84,0.326
2025,Apple,Loam,8.49,74,10,101,24.9,906,62.5,Medium,9.6,1659.1,4.1
2022,Garlic,Sandy Loam,4.59,105,63,62,31.4,150,70.8,Low,4.9,273.34,0.675
2022,Chickpea,Laterite,7.26,10,65,10,15.8,903,73.9,Medium,6.5,316.76,0.783
2024,Cotton,Saline,4.88,117,61,30,16.4,759,59.9,Medium,7.5,163.7,0.405
2024,Sunflower,Saline,8.28,63,56,93,18.3,750,82.0,Low,9.4,410.43,1.014
2024,Mustard,Black Soil,5.83,144,10,10,28.2,150,42.1,Low,11.7,156.22,0.386
2021,Banana,Sandy Loam,7.95,143,63,238,35.8,1244,34.0,High,5.7,4491.66,11.099
2024,Apple,Sandy Loam,4.94,119,83,119,30.4,801,63.8,High,9.1,2683.72,6.632
2024,Apple,Saline,6.54,122,30,60,19.1,567,51.5,High,8.1,4146.59,10.246
2022,Tomato,Sandy Loam,7.14,113,61,91,19.9,150,58.9,High,6.9,2869.84,7.092
2023,Apple,Loam,8.01,90,27,103,22.2,1022,93.7,High,6.5,2129.03,5.261
2026,Wheat,Red Soil,6.86,174,51,10,28.5,545,73.2,Low,4.5,534.27,1.32
2020,Tea,Red Soil,4.59,149,31,49,11.4,2043,92.7,Low,7.4,382.31,0.945
2025,Coffee,Laterite,8.09,174,10,185,21.5,1464,81.5,Medium,7.7,238.72,0.59
2023,Wheat,Sandy Loam,6.41,165,10,29,29.3,150,62.6,High,11.2,283.11,0.7
2026,Apple,Alluvial,4.9,141,48,119,36.3,802,36.1,Medium,5.3,2166.61,5.354
2021,Soybean,Alluvial,5.78,36,27,31,26.1,150,32.0,Medium,9.5,439.85,1.087
2024,Potato,Black Soil,8.17,127,78,109,14.6,1150,30.3,High,5.2,3153.08,7.791
2022,Maize,Black Soil,4.72,184,56,73,25.1,799,47.9,Low,5.5,971.0,2.399
2022,Maize,Sandy Loam,7.45,216,50,62,14.5,789,94.5,Low,9.4,1049.21,2.593
2023,Chickpea,Alluvial,4.79,37,62,46,18.3,730,85.8,Low,4.0,441.73,1.092
2022,Tea,Alluvial,5.5,105,24,122,23.8,1713,52.7,Low,11.7,898.11,2.219
2026,Maize,Clay Loam,7.12,171,78,60,31.6,786,43.9,High,4.9,1444.54,3.57
2021,Coffee,Sandy Loam,6.89,179,48,138,21.1,1774,69.2,Medium,6.9,553.62,1.368
2024,Garlic,Sandy Loam,5.96,34,15,63,16.5,509,71.4,Low,11.0,2644.23,6.534
2020,Wheat,Peaty,8.2,85,52,24,24.9,798,88.4,Medium,10.9,719.09,1.777
2026,Sugarcane,Saline,6.67,172,95,64,20.3,2223,71.4,High,5.9,8594.99,21.239
2026,Coffee,Black Soil,7.49,105,32,169,32.4,1600,90.0,Low,10.9,179.28,0.443
2024,Watermelon,Sandy Loam,4.52,86,95,85,28.8,303,65.4,High,4.1,4065.35,10.046
2022,Sunflower,Laterite,5.89,82,63,70,38.3,609,79.8,Medium,8.8,416.11,1.028
2026,Tea,Silt Loam,5.57,243,10,56,23.2,2284,64.8,Low,7.2,607.33,1.501
2025,Maize,Red Soil,6.99,134,75,59,34.8,513,80.0,High,6.8,779.54,1.926
2026,Rice,Red Soil,7.12,171,81,48,29.9,1137,49.2,Medium,6.5,1233.15,3.047
2023,Barley,Peaty,6.36,54,21,38,18.7,516,48.9,Medium,7.4,1167.43,2.885
2024,Banana,Red Soil,8.04,199,98,264,14.7,1272,42.4,High,9.0,5767.8,14.253
2025,Cotton,Black Soil,4.81,191,28,45,35.2,720,84.4,Medium,6.6,283.73,0.701
2023,Wheat,Red Soil,6.12,130,35,36,17.4,1217,70.4,Medium,8.3,1309.41,3.236
2022,Banana,Loam,8.32,158,71,256,11.6,2272,67.9,Medium,5.4,4129.79,10.205
2023,Tea,Loam,5.98,180,36,87,36.5,1978,57.0,High,6.8,336.97,0.833
2021,Watermelon,Alluvial,8.43,104,24,132,13.0,683,31.1,High,11.1,2433.04,6.012
2025,Garlic,Black Soil,7.06,113,55,38,31.4,1337,44.6,High,4.9,1031.29,2.548
2025,Chickpea,Saline,5.37,117,10,26,22.3,401,84.7,High,5.2,210.12,0.519
2020,Watermelon,Saline,5.42,120,78,150,28.6,528,50.1,Low,6.2,5051.72,12.483
2020,Cotton,Laterite,7.13,87,56,71,12.7,1207,42.6,Medium,4.7,269.79,0.667
2025,Tomato,Saline,4.77,177,59,139,14.2,499,92.6,Medium,11.3,2697.44,6.666
2022,Chickpea,Laterite,6.0,10,101,16,29.5,653,87.7,Low,9.0,230.96,0.571
2022,Barley,Loam,8.7,139,27,30,10.6,718,31.8,Low,11.1,544.83,1.346
2026,Potato,Saline,7.98,140,65,92,33.4,758,61.3,Medium,9.4,1734.19,4.285
2022,Tea,Silt Loam,7.01,149,12,110,19.4,1471,67.0,Low,8.9,371.53,0.918
2021,Barley,Alluvial,8.13,117,68,38,21.5,887,88.8,High,6.2,986.01,2.436
2024,Tea,Loam,8.45,167,38,82,10.7,2289,51.6,High,4.5,251.26,0.621
2023,Groundnut,Peaty,7.57,23,47,28,17.2,778,48.3,Medium,4.8,434.89,1.075
2026,Tomato,Red Soil,7.05,156,27,131,28.6,287,47.2,Low,7.7,2944.79,7.277
2022,Tomato,Saline,6.04,171,82,168,19.9,752,48.9,High,7.5,7713.77,19.061
2021,Sunflower,Alluvial,5.31,62,101,57,15.8,934,66.6,Medium,9.9,474.49,1.172
2026,Groundnut,Peaty,8.73,88,52,50,36.1,895,76.5,Low,9.8,466.26,1.152
2026,Groundnut,Silt Loam,8.17,80,89,41,17.2,683,63.4,Medium,10.0,622.62,1.539
2022,Tomato,Loam,5.28,131,114,136,23.4,434,53.2,Medium,6.7,5997.64,14.82
2023,Garlic,Laterite,7.81,99,14,88,13.5,993,52.4,Medium,6.6,1424.13,3.519
2021,Maize,Laterite,8.28,164,51,61,29.3,268,79.7,High,11.5,486.7,1.203
2026,Potato,Alluvial,8.5,94,60,95,17.6,540,34.4,Medium,5.0,4302.63,10.632
2023,Potato,Clay Loam,7.8,156,65,131,29.8,150,47.7,High,8.3,959.66,2.371
2026,Potato,Black Soil,7.68,171,108,91,38.5,538,85.4,High,7.9,2267.57,5.603
2025,Soybean,Silt Loam,7.76,27,74,88,20.2,182,50.1,Medium,7.1,258.47,0.639
2022,Tomato,Saline,8.2,190,59,126,39.5,321,49.0,Low,10.8,1116.13,2.758
2021,Tomato,Saline,5.87,117,107,109,22.6,1021,44.3,Low,5.8,5606.38,13.854
2021,Barley,Red Soil,6.21,80,34,27,10.3,396,81.6,Medium,7.7,628.49,1.553
2025,Sunflower,Silt Loam,7.41,133,90,52,31.9,1047,75.0,Low,5.0,814.65,2.013
2026,Wheat,Red Soil,6.35,176,60,10,34.8,240,85.2,Medium,5.9,234.17,0.579
2023,Tomato,Sandy Loam,6.43,141,78,108,22.7,876,93.7,High,4.6,9044.71,22.35
2022,Sugarcane,Alluvial,7.82,246,58,56,12.3,1899,68.6,Low,4.2,6660.34,16.458
2021,Garlic,Loam,6.82,76,80,109,29.3,496,49.6,High,4.3,1770.87,4.376
2026,Rice,Alluvial,7.22,163,88,75,10.8,2049,95.0,Low,4.3,708.75,1.751
2026,Rice,Sandy Loam,6.33,131,34,71,17.7,1629,83.0,Low,7.6,1018.69,2.517
2024,Tea,Saline,6.43,124,50,38,30.1,2002,71.3,Low,11.4,228.08,0.564
2025,Apple,Sandy Loam,5.56,161,101,115,20.9,379,32.3,Low,11.7,3090.96,7.638
2023,Garlic,Silt Loam,6.68,63,53,10,23.6,698,92.8,Low,5.1,1867.27,4.614
2026,Onion,Laterite,7.26,140,69,73,32.5,877,90.0,Medium,8.0,2796.66,6.911
2024,Cotton,Clay Loam,4.94,129,18,19,31.0,150,64.1,Medium,7.1,142.31,0.352
2025,Coffee,Peaty,7.62,124,91,128,14.7,1169,51.6,Low,9.4,254.57,0.629
2023,Sunflower,Silt Loam,8.65,123,94,10,35.2,1169,54.8,Medium,9.6,243.63,0.602
2020,Tea,Sandy Loam,5.91,124,51,30,10.8,1533,76.0,Medium,8.4,302.25,0.747
2026,Garlic,Alluvial,6.52,116,61,36,21.4,549,90.6,High,5.8,3868.53,9.559
2025,Apple,Sandy Loam,6.17,71,10,133,37.8,1015,38.7,High,10.3,2198.0,5.431
2020,Banana,Black Soil,5.29,275,46,258,37.3,1866,69.3,High,10.9,8687.56,21.467
2024,Chickpea,Saline,6.28,10,97,30,10.9,540,46.2,High,11.8,188.22,0.465
2020,Tomato,Black Soil,5.9,150,129,102,18.1,818,36.5,Medium,10.9,10697.13,26.433
2025,Watermelon,Black Soil,5.83,71,118,84,32.6,150,76.5,High,5.8,2821.28,6.972
2023,Mustard,Alluvial,5.25,28,18,12,29.2,793,73.8,High,7.7,180.88,0.447
2023,Garlic,Sandy Loam,6.93,72,45,39,31.4,970,44.2,Low,10.7,1612.35,3.984
2026,Chickpea,Sandy Loam,7.9,10,36,10,29.1,262,81.2,High,10.0,339.47,0.839
2023,Soybean,Black Soil,8.31,40,52,36,35.0,505,77.5,Low,9.4,253.85,0.627
2022,Coffee,Laterite,7.69,143,64,77,36.3,1339,65.6,Low,8.6,104.22,0.258
2020,Sugarcane,Black Soil,4.68,255,126,68,21.6,893,73.3,Medium,4.4,3947.3,9.754
2023,Chickpea,Black Soil,7.33,10,10,38,11.1,911,84.8,Low,4.4,208.49,0.515
2026,Coffee,Silt Loam,4.58,127,10,101,19.6,2277,70.1,Low,11.5,367.94,0.909
2024,Garlic,Alluvial,7.75,89,16,105,37.5,232,91.5,High,5.3,552.81,1.366
2023,Soybean,Peaty,7.41,19,79,53,11.2,634,42.6,Low,5.0,222.62,0.55
2022,Tea,Black Soil,7.47,198,29,108,23.5,1798,93.9,Medium,6.3,376.5,0.93
2025,Tomato,Clay Loam,5.54,129,63,157,28.9,897,54.4,Medium,8.5,8112.73,20.047
2025,Rice,Silt Loam,7.16,167,36,46,38.7,1582,48.1,High,4.5,632.91,1.564
2024,Banana,Sandy Loam,7.31,216,68,241,18.2,1615,68.8,High,10.3,14162.06,34.995
2020,Barley,Black Soil,6.04,123,43,36,29.3,364,50.6,Medium,6.3,399.39,0.987
2026,Chickpea,Saline,8.14,23,87,10,10.0,598,50.3,Low,8.8,241.36,0.596
2022,Sugarcane,Sandy Loam,5.38,198,85,111,18.4,1467,63.2,Medium,11.3,6485.21,16.025
2020,Soybean,Alluvial,8.64,60,67,67,37.7,611,74.5,Medium,6.8,234.28,0.579
2020,Onion,Laterite,7.27,141,18,92,17.2,1151,30.0,High,10.4,4895.85,12.098
2023,Tomato,Clay Loam,8.03,191,58,108,27.6,1247,69.2,Medium,9.2,5667.61,14.005
2026,Sugarcane,Black Soil,5.51,214,80,125,17.2,2208,68.9,High,8.3,8374.38,20.694
2025,Rice,Saline,7.21,81,19,33,32.4,1217,58.0,Medium,6.7,605.27,1.496
2023,Soybean,Clay Loam,7.85,74,58,79,25.5,789,81.1,Medium,6.6,763.99,1.888
2022,Rice,Saline,5.67,183,51,10,14.0,987,47.2,High,9.7,406.89,1.005
2023,Mustard,Clay Loam,4.66,88,27,49,24.2,606,85.9,High,5.3,348.8,0.862
2021,Onion,Saline,5.17,86,32,84,11.3,848,43.6,High,5.9,1499.66,3.706
2020,Sugarcane,Laterite,7.5,165,72,91,13.9,1957,56.4,Medium,6.6,6637.15,16.401
2023,Sunflower,Black Soil,7.04,99,85,72,31.2,891,31.4,Medium,6.3,851.46,2.104
2021,Onion,Red Soil,6.92,123,70,83,37.4,383,69.1,Medium,5.9,2015.68,4.981
2024,Maize,Laterite,8.42,97,67,11,14.0,886,90.1,High,9.5,398.63,0.985
2025,Sugarcane,Red Soil,7.21,265,96,50,18.7,1241,68.9,Low,11.4,7475.85,18.473
2025,Watermelon,Loam,4.9,125,109,74,13.2,150,44.0,Low,6.4,1022.11,2.526
2020,Groundnut,Peaty,7.93,50,56,43,19.8,804,50.5,Low,4.3,475.14,1.174
2023,Coffee,Peaty,8.15,103,59,104,33.9,2037,48.8,Low,4.6,114.04,0.282
2026,Banana,Clay Loam,6.02,192,120,261,34.1,2293,58.8,Medium,7.9,16638.4,41.114
2022,Sunflower,Peaty,4.62,113,110,10,39.0,469,63.0,Medium,4.5,136.07,0.336
2020,Watermelon,Red Soil,7.81,143,91,91,14.5,435,92.1,Medium,8.9,4434.35,10.958
2024,Mustard,Peaty,4.75,90,64,34,17.0,399,82.7,Low,9.2,605.16,1.495
2020,Potato,Saline,7.38,124,91,81,20.0,441,79.9,High,5.9,3033.05,7.495
2020,Soybean,Clay Loam,7.0,10,47,68,16.3,774,73.6,Low,7.7,441.69,1.091
2021,Onion,Black Soil,5.02,29,10,134,38.7,866,72.4,Medium,11.1,1319.57,3.261
2022,Watermelon,Loam,6.2,142,75,135,36.5,1071,49.9,Low,6.1,6235.88,15.409
2023,Groundnut,Peaty,6.73,12,11,36,28.0,498,62.1,Low,7.0,569.67,1.408
2025,Tomato,Red Soil,6.35,146,97,109,19.7,702,31.2,Low,6.6,8230.19,20.337
2022,Tomato,Laterite,5.37,94,122,108,23.1,768,75.4,High,7.3,6120.82,15.125
2022,Maize,Laterite,7.13,139,104,75,12.1,789,81.4,Medium,5.3,710.27,1.755
2020,Coffee,Sandy Loam,7.59,149,45,130,33.3,1361,85.4,Low,6.4,105.11,0.26
2024,Onion,Peaty,6.36,101,25,39,38.2,618,46.0,Low,4.0,1561.36,3.858
2025,Potato,Silt Loam,5.06,122,48,96,17.1,632,40.4,High,11.3,8077.5,19.96
2020,Banana,Loam,5.04,235,46,240,13.3,1820,90.0,Medium,9.2,6927.45,17.118
2021,Sunflower,Laterite,5.82,83,49,58,12.4,541,80.5,High,7.2,332.75,0.822
2025,Coffee,Loam,7.07,198,71,125,39.6,1265,75.5,Medium,9.6,290.67,0.718
2026,Sugarcane,Loam,6.49,236,74,134,22.4,1801,43.2,High,9.2,23260.35,57.477
2020,Mustard,Red Soil,5.07,150,10,57,33.8,150,87.5,Medium,6.7,80.0,0.198
2023,Watermelon,Laterite,6.65,96,78,121,38.4,524,45.1,High,5.2,5359.71,13.244
2024,Soybean,Silt Loam,5.81,37,91,60,38.1,645,46.6,Low,6.9,346.64,0.857
2023,Groundnut,Silt Loam,8.59,89,10,66,27.5,927,86.0,Medium,9.0,525.73,1.299
2026,Potato,Silt Loam,6.14,155,106,130,19.8,889,87.2,High,10.0,11482.29,28.373
2020,Cotton,Peaty,6.17,96,81,56,25.3,1102,45.4,High,11.4,742.74,1.835
2023,Tomato,Clay Loam,6.35,148,86,128,21.6,317,89.0,Low,8.2,6192.03,15.301
2025,Coffee,Clay Loam,4.67,127,10,132,38.7,1845,66.3,Medium,10.0,178.45,0.441
2024,Wheat,Clay Loam,7.29,79,76,19,35.2,270,50.3,High,7.8,347.84,0.86
2024,Mustard,Laterite,7.81,70,26,10,30.3,531,33.8,Medium,6.7,231.35,0.572
2021,Chickpea,Silt Loam,7.76,44,55,31,19.5,630,48.1,Medium,11.7,1045.8,2.584
2026,Sugarcane,Saline,7.15,199,87,72,35.2,2021,92.5,Low,5.7,13734.72,33.939
2021,Watermelon,Laterite,7.5,81,59,110,29.6,150,56.9,Medium,10.8,4444.49,10.983
2021,Mustard,Silt Loam,7.57,34,30,48,13.3,608,32.7,High,6.7,558.62,1.38
2026,Sugarcane,Loam,5.56,238,129,97,23.6,1917,66.2,High,7.1,14457.23,35.725
2026,Tomato,Laterite,5.13,148,87,170,38.2,206,70.7,Medium,9.0,1240.26,3.065
2026,Garlic,Peaty,8.05,78,23,39,27.0,150,68.2,High,6.8,461.4,1.14
2020,Apple,Red Soil,5.08,103,53,73,20.3,1494,43.8,Low,8.8,3931.87,9.716
2025,Banana,Black Soil,7.27,214,77,288,14.8,1777,61.5,High,11.4,10063.96,24.869
2025,Soybean,Sandy Loam,7.58,66,41,57,25.8,523,58.4,Low,9.5,716.54,1.771
2020,Rice,Red Soil,7.18,152,74,44,25.7,2043,44.3,Medium,11.8,1699.95,4.201
2025,Banana,Loam,8.64,176,24,260,30.7,1702,70.9,Low,8.2,9644.31,23.832
2026,Barley,Sandy Loam,6.31,133,58,48,15.1,839,50.2,High,7.8,1023.55,2.529
2025,Maize,Sandy Loam,4.91,173,89,83,33.8,813,83.0,High,6.5,636.36,1.572
2021,Garlic,Clay Loam,7.29,68,40,50,27.1,273,76.3,High,4.1,1016.53,2.512
2026,Coffee,Loam,7.01,127,10,123,21.3,1577,72.8,Low,5.8,328.57,0.812
2020,Cotton,Red Soil,4.55,92,56,76,14.7,748,85.9,Low,11.2,180.06,0.445
2021,Tomato,Loam,8.52,102,105,97,14.0,1161,45.4,Low,9.1,3438.5,8.497
2025,Chickpea,Saline,7.28,10,42,10,21.2,150,39.7,Low,8.1,219.6,0.543
2020,Apple,Red Soil,4.69,63,65,80,31.7,401,83.2,Low,8.7,717.92,1.774
2020,Garlic,Loam,4.62,51,28,109,39.2,401,76.8,Medium,7.9,682.22,1.686
2026,Maize,Alluvial,4.63,195,100,50,27.6,473,39.0,High,10.8,1083.85,2.678
2021,Watermelon,Clay Loam,4.79,74,54,79,34.6,662,73.9,Medium,6.6,3720.91,9.195
2025,Rice,Laterite,6.95,141,51,55,35.9,1310,64.3,Low,4.8,764.02,1.888
2026,Tomato,Silt Loam,5.4,149,87,100,22.5,1078,62.2,Medium,9.8,10481.1,25.899
2021,Onion,Peaty,6.67,108,50,98,14.1,258,90.3,Medium,8.7,3952.4,9.767
2026,Maize,Alluvial,7.08,170,104,69,24.9,1104,42.9,High,4.8,2416.71,5.972
2024,Watermelon,Peaty,8.16,146,81,86,32.9,589,41.7,High,5.9,5174.19,12.786
2020,Groundnut,Sandy Loam,5.76,10,49,35,33.1,684,57.1,Medium,9.8,574.47,1.42
2021,Sugarcane,Laterite,7.41,259,93,63,35.6,1927,70.8,Low,10.5,16434.08,40.609
2026,Mustard,Loam,6.77,114,81,62,13.8,437,37.5,High,11.7,1254.25,3.099
2022,Barley,Laterite,6.29,71,38,20,37.4,595,68.4,Low,9.3,522.96,1.292
2026,Barley,Silt Loam,5.63,136,10,26,34.8,235,92.3,Low,11.6,165.49,0.409
2025,Mustard,Sandy Loam,4.99,66,29,10,33.3,505,33.8,Low,4.9,121.77,0.301
2023,Potato,Red Soil,5.47,92,89,114,33.6,221,34.5,Medium,6.3,1272.98,3.146
2021,Tea,Saline,4.76,95,11,63,19.0,1521,71.2,High,11.1,594.64,1.469
2023,Maize,Clay Loam,4.53,139,103,70,22.0,1450,62.9,Low,4.1,941.45,2.326
2021,Watermelon,Alluvial,7.78,139,88,102,17.5,846,68.5,Low,8.5,6527.47,16.13
2020,Potato,Red Soil,4.81,82,54,131,15.3,1104,55.7,Medium,4.3,4092.97,10.114
2024,Tea,Loam,6.93,67,31,82,28.6,1898,43.9,Medium,11.4,325.81,0.805
2025,Wheat,Peaty,7.97,127,45,109,26.1,150,77.0,Low,6.0,259.96,0.642
2023,Groundnut,Sandy Loam,8.06,22,70,51,28.8,560,54.7,Medium,10.3,601.12,1.485
2020,Chickpea,Black Soil,7.74,10,61,10,30.9,599,81.9,Low,11.3,463.95,1.146
2026,Sugarcane,Alluvial,8.0,185,67,81,23.4,1671,63.9,High,11.3,16423.28,40.583
2026,Tea,Sandy Loam,8.29,120,25,25,32.4,1714,58.9,Low,11.2,141.95,0.351
2022,Maize,Loam,7.95,122,36,77,40.0,714,80.3,Medium,7.9,684.05,1.69
2021,Chickpea,Laterite,8.26,10,50,42,39.8,969,47.3,Low,11.2,185.72,0.459
2024,Maize,Saline,5.56,207,79,85,34.7,224,36.1,Medium,9.7,300.08,0.742
2022,Apple,Clay Loam,4.92,87,103,114,31.9,1042,92.0,High,8.0,1973.34,4.876
2020,Soybean,Saline,5.9,62,28,73,16.3,244,81.0,Medium,4.9,142.6,0.352
2024,Rice,Silt Loam,5.02,146,53,20,18.2,1536,54.2,Medium,5.1,608.28,1.503
2020,Tomato,Sandy Loam,4.53,228,116,146,21.3,321,76.7,High,5.2,3522.73,8.705
2025,Sunflower,Laterite,5.23,107,54,10,20.4,150,74.3,Medium,4.4,119.66,0.296
2024,Garlic,Alluvial,6.55,104,15,50,11.5,460,31.5,High,7.4,2434.02,6.015
2021,Coffee,Saline,8.78,139,18,141,38.6,1843,37.5,Low,9.2,109.89,0.272
2026,Rice,Alluvial,7.66,141,70,23,10.3,1910,79.2,High,11.0,511.81,1.265
2021,Watermelon,Black Soil,8.74,83,88,71,35.2,263,30.7,Low,7.3,2253.09,5.567
2025,Garlic,Alluvial,5.05,75,11,73,25.4,1011,68.5,Medium,4.8,948.93,2.345
2021,Cotton,Alluvial,5.77,109,113,76,27.3,634,63.6,Medium,4.1,559.58,1.383
2024,Maize,Silt Loam,8.01,125,56,51,11.1,548,63.2,Low,5.7,361.48,0.893
2020,Cotton,Silt Loam,8.2,112,69,39,24.1,441,84.5,Medium,6.1,418.41,1.034
2022,Soybean,Sandy Loam,7.08,27,56,58,10.4,150,67.3,High,11.1,170.04,0.42
2022,Sugarcane,Black Soil,5.42,244,82,46,20.1,1363,51.2,Medium,4.6,5130.03,12.677
2023,Watermelon,Laterite,6.65,92,93,134,34.4,640,42.9,Low,7.2,7716.29,19.067
2024,Chickpea,Peaty,6.42,60,34,10,24.8,200,83.5,Low,6.6,196.75,0.486
2023,Potato,Sandy Loam,7.2,131,91,143,31.2,1054,71.6,Medium,9.4,2390.9,5.908
2024,Onion,Laterite,4.93,121,40,96,22.1,833,50.1,Low,5.8,3168.8,7.83
2023,Garlic,Laterite,7.39,140,62,76,37.7,695,80.4,High,5.9,1414.74,3.496
2025,Groundnut,Laterite,5.08,10,15,45,13.8,666,75.2,High,6.4,185.14,0.457
2020,Barley,Laterite,6.32,97,61,10,37.2,275,31.1,Medium,6.6,200.94,0.497
2020,Watermelon,Peaty,5.38,126,51,84,14.7,541,71.5,High,11.6,3488.82,8.621
2026,Watermelon,Black Soil,6.68,84,69,55,18.2,365,44.5,Medium,6.7,4262.92,10.534
2022,Groundnut,Alluvial,6.97,10,30,10,38.8,150,74.8,Low,5.6,123.85,0.306
2026,Watermelon,Red Soil,5.55,92,63,102,39.8,204,39.4,High,4.8,1814.32,4.483
2023,Tea,Sandy Loam,7.37,75,37,114,17.1,1718,78.1,High,6.0,292.58,0.723
2021,Rice,Loam,6.3,74,55,10,34.0,1370,42.8,Low,4.6,696.58,1.721
2025,Sugarcane,Laterite,6.83,217,104,79,31.3,1804,40.2,Medium,6.6,19859.61,49.074
2021,Tea,Laterite,7.5,102,10,109,27.4,2394,67.3,Low,6.5,190.14,0.47
2020,Banana,Alluvial,4.86,151,10,220,20.1,694,30.4,Medium,5.9,2282.84,5.641
2020,Chickpea,Alluvial,7.5,16,89,26,29.4,150,69.6,Low,4.6,207.27,0.512
2023,Cotton,Laterite,6.51,82,17,100,37.6,1080,37.3,High,7.1,247.55,0.612
2024,Sugarcane,Sandy Loam,4.94,290,86,79,16.1,1695,41.0,Medium,4.7,4391.46,10.852
2026,Soybean,Laterite,5.91,90,49,17,23.1,796,40.8,Low,5.3,603.59,1.492
2024,Rice,Alluvial,6.61,111,42,46,13.0,1201,36.7,Medium,7.2,725.27,1.792
2026,Coffee,Clay Loam,7.24,150,28,116,38.4,1311,85.8,Medium,11.5,249.79,0.617
2024,Potato,Laterite,8.07,133,69,113,30.1,321,53.9,Medium,11.0,1321.06,3.264
2021,Soybean,Loam,5.84,62,18,38,23.8,592,71.4,High,5.9,689.18,1.703
2021,Tea,Silt Loam,7.06,110,42,96,35.0,1702,64.0,Low,11.2,202.96,0.502
2024,Watermelon,Saline,8.56,78,54,115,29.1,238,36.1,Low,6.8,2277.16,5.627
2022,Barley,Saline,6.32,167,10,10,10.8,976,37.6,Medium,9.8,407.34,1.007
2026,Tomato,Saline,7.97,119,123,111,13.0,1141,88.4,Medium,5.8,2107.36,5.207
2021,Potato,Alluvial,6.15,147,91,138,12.4,408,70.6,Low,10.9,6918.6,17.096
2022,Mustard,Clay Loam,7.79,117,44,11,26.5,946,89.7,High,10.3,502.05,1.241
2022,Tea,Black Soil,8.65,206,97,43,24.5,1133,39.9,High,6.9,260.16,0.643
2024,Rice,Sandy Loam,5.44,156,30,75,39.6,2690,32.4,Medium,11.7,665.46,1.644
2025,Onion,Saline,5.9,109,10,101,21.0,243,61.3,Medium,8.5,1735.07,4.287
2023,Rice,Alluvial,8.25,145,67,52,37.2,1024,59.9,High,9.8,693.19,1.713
2022,Watermelon,Black Soil,7.87,91,75,67,30.5,583,69.7,Low,11.8,10429.98,25.773
2020,Tomato,Loam,8.15,157,48,110,10.3,685,93.4,High,9.7,2739.54,6.77
2025,Mustard,Peaty,4.57,10,59,45,17.8,1139,40.6,Medium,7.2,215.72,0.533
2026,Groundnut,Loam,7.0,39,54,86,25.5,333,35.9,High,6.8,1054.68,2.606
2023,Mustard,Red Soil,6.42,115,34,45,18.1,150,94.0,Low,4.6,394.12,0.974
2022,Garlic,Saline,7.61,57,28,77,21.1,716,56.6,Low,5.8,1721.23,4.253
2025,Sunflower,Clay Loam,8.32,116,64,74,29.5,247,73.6,High,9.2,425.76,1.052
2022,Barley,Black Soil,6.15,76,17,43,17.8,150,57.5,Medium,8.6,493.24,1.219
2024,Tomato,Loam,6.48,201,80,83,23.5,319,52.4,Medium,9.8,8837.73,21.838
2023,Coffee,Black Soil,7.41,110,47,84,33.0,1771,57.7,High,4.0,153.41,0.379
2024,Barley,Laterite,7.25,107,33,26,37.5,1200,55.5,Low,5.9,420.77,1.04
2024,Coffee,Silt Loam,4.76,214,33,130,12.3,1562,64.4,Low,6.0,238.16,0.589
2026,Wheat,Loam,8.56,130,83,15,31.7,692,69.0,High,8.1,351.19,0.868
2023,Tea,Silt Loam,8.27,204,45,83,10.4,1715,87.7,High,5.6,274.66,0.679
2022,Banana,Peaty,7.25,261,39,206,29.4,1831,43.3,Medium,9.6,20139.43,49.766
2026,Barley,Loam,5.28,87,71,51,19.9,303,87.8,Low,10.8,680.58,1.682
2021,Chickpea,Clay Loam,6.43,59,105,46,33.1,716,62.5,Low,6.8,308.84,0.763
2021,Garlic,Clay Loam,6.9,50,10,46,25.6,906,68.2,Medium,7.8,1668.61,4.123
2024,Wheat,Saline,5.82,176,80,80,27.5,521,33.5,Medium,11.1,1012.44,2.502
2024,Wheat,Alluvial,7.18,105,111,66,37.9,1043,79.4,Low,10.9,916.61,2.265
2022,Banana,Red Soil,8.01,205,42,270,24.0,1772,34.4,Medium,5.7,8880.6,21.944
2024,Banana,Laterite,8.64,198,85,280,17.5,1608,90.2,Medium,5.6,5221.97,12.904
2022,Coffee,Alluvial,8.68,176,10,139,32.8,1733,53.6,Low,10.6,137.04,0.339
2023,Tea,Black Soil,5.55,113,57,92,18.3,1934,52.5,Low,7.4,868.72,2.147
2026,Banana,Saline,6.82,233,115,240,26.0,1242,80.7,Medium,9.2,18489.63,45.689
2026,Apple,Clay Loam,8.19,97,67,52,18.1,611,46.0,High,7.6,2720.25,6.722
2023,Potato,Red Soil,7.12,59,66,100,30.0,218,77.7,Medium,7.8,821.61,2.03
2022,Chickpea,Peaty,5.88,45,105,54,24.2,528,73.7,Medium,8.2,562.78,1.391
2023,Maize,Black Soil,5.79,184,59,71,16.5,968,59.1,Low,6.5,1079.75,2.668
2022,Cotton,Black Soil,8.05,71,69,65,30.7,150,84.4,High,10.9,353.66,0.874
2022,Watermelon,Black Soil,4.61,97,79,71,34.5,983,63.1,Medium,6.6,3442.84,8.507
2024,Rice,Black Soil,5.5,98,46,64,38.2,1088,43.9,Medium,4.7,538.19,1.33
2022,Rice,Peaty,6.51,85,36,75,29.6,1147,94.3,Low,5.6,1082.89,2.676
2020,Barley,Sandy Loam,7.27,95,39,59,22.6,364,62.3,Medium,6.3,842.38,2.082
2026,Onion,Silt Loam,6.48,125,91,58,12.7,161,81.1,Medium,6.6,1923.44,4.753
2020,Wheat,Silt Loam,5.47,168,40,10,34.3,563,38.0,Medium,7.5,372.62,0.921
2024,Soybean,Peaty,6.69,22,75,36,20.9,975,38.3,High,4.8,690.85,1.707
2021,Barley,Peaty,5.4,18,10,29,23.6,339,42.8,High,6.9,284.82,0.704
2023,Coffee,Red Soil,5.08,139,36,83,12.7,1556,56.7,Medium,6.8,327.74,0.81
2020,Sunflower,Laterite,6.08,98,44,95,28.2,346,42.2,Medium,8.0,549.73,1.358
2026,Maize,Black Soil,7.05,96,89,63,21.2,642,89.0,Medium,4.3,1422.6,3.515
2020,Tea,Peaty,4.52,165,55,35,31.9,2204,35.1,Low,11.2,330.02,0.815
2026,Watermelon,Black Soil,5.04,82,91,128,28.5,975,47.4,Low,6.1,5718.89,14.132
2020,Tea,Loam,7.31,98,17,72,28.7,1817,56.9,High,4.1,205.46,0.508
2025,Tea,Clay Loam,5.62,135,10,89,17.2,1081,71.3,Medium,10.8,509.59,1.259
2021,Cotton,Sandy Loam,8.42,56,73,80,10.9,279,65.2,Low,6.1,80.0,0.198
2022,Banana,Saline,7.34,186,100,213,25.2,1567,58.7,Low,6.8,9639.38,23.819
2023,Cotton,Black Soil,4.82,74,81,86,29.4,1129,43.5,Medium,9.0,558.87,1.381
2024,Barley,Laterite,5.5,95,32,12,27.1,842,33.9,Medium,11.7,396.76,0.98
2020,Tea,Clay Loam,6.62,120,42,84,39.0,2566,60.5,Low,9.9,286.77,0.709
2021,Potato,Loam,7.31,93,107,136,11.6,314,79.4,High,10.5,3283.69,8.114
2022,Maize,Black Soil,6.71,151,56,16,10.1,595,78.3,Medium,8.5,628.29,1.553
2024,Groundnut,Peaty,7.34,23,56,95,36.2,1360,33.3,High,7.4,389.41,0.962
2026,Rice,Peaty,6.39,151,95,28,33.1,1593,91.0,Medium,4.3,1257.14,3.106
2026,Coffee,Clay Loam,7.04,116,17,143,15.0,2173,87.5,Medium,9.4,463.28,1.145
2021,Onion,Laterite,7.61,62,30,70,34.9,680,74.9,Medium,6.5,1564.16,3.865
2023,Groundnut,Alluvial,8.02,47,68,65,17.4,266,43.9,High,8.4,364.61,0.901
2020,Sunflower,Loam,6.34,95,71,58,27.4,243,57.2,High,6.3,569.63,1.408
2021,Soybean,Laterite,7.6,89,37,20,22.6,659,38.6,High,4.9,533.45,1.318
2022,Cotton,Silt Loam,8.55,73,90,38,24.8,338,85.3,Medium,4.6,248.18,0.613
2022,Sunflower,Red Soil,8.29,93,51,10,32.3,572,56.7,Low,8.3,295.59,0.73
2023,Groundnut,Peaty,6.63,48,28,10,36.9,150,52.9,Medium,5.7,131.71,0.325
2026,Garlic,Alluvial,5.47,55,51,59,34.7,688,80.0,High,9.7,1345.19,3.324
2022,Mustard,Loam,8.38,110,32,10,20.9,1087,60.6,Medium,9.3,511.64,1.264
2026,Wheat,Black Soil,5.77,76,24,39,13.3,630,80.6,High,6.9,897.44,2.218
2026,Soybean,Black Soil,7.26,46,32,59,23.7,150,64.1,Low,7.9,432.55,1.069
2020,Maize,Alluvial,8.18,140,91,99,32.5,1237,63.8,Medium,8.1,1076.69,2.661
2022,Maize,Clay Loam,7.4,182,34,47,36.2,871,82.7,Medium,11.9,955.58,2.361
2022,Onion,Red Soil,6.04,89,53,93,22.0,817,71.5,High,10.9,6744.17,16.665
2021,Rice,Saline,6.27,167,38,65,19.4,1636,55.3,Medium,9.1,1281.96,3.168
2020,Tomato,Black Soil,8.39,176,77,90,30.6,624,91.1,High,8.6,4553.72,11.252
2025,Barley,Alluvial,8.07,132,23,10,16.0,929,64.3,High,5.0,639.63,1.581
2025,Groundnut,Sandy Loam,5.72,68,62,71,18.0,150,74.9,Medium,9.6,382.12,0.944
2025,Sunflower,Sandy Loam,5.77,60,66,60,22.7,150,84.5,Low,7.9,360.93,0.892
2024,Banana,Silt Loam,7.67,204,56,266,36.0,1749,34.9,Medium,5.1,9465.85,23.391
2026,Sugarcane,Alluvial,6.94,306,64,108,31.9,1942,70.8,Low,10.0,31300.6,77.345
2021,Barley,Laterite,8.57,38,47,49,34.1,1189,41.5,Medium,6.1,148.68,0.367
2024,Soybean,Clay Loam,4.6,37,64,68,33.2,437,33.3,High,11.5,353.74,0.874
2026,Potato,Sandy Loam,8.62,85,68,45,25.5,166,82.5,Low,9.2,1143.39,2.825
2025,Cotton,Red Soil,7.42,82,17,102,29.2,431,62.3,Low,7.7,435.8,1.077
2022,Sugarcane,Silt Loam,8.12,210,123,83,32.6,1995,60.8,Medium,11.2,20636.08,50.993
2023,Potato,Silt Loam,7.69,131,67,110,17.8,855,84.7,Low,4.8,4227.13,10.445
2024,Banana,Red Soil,8.2,173,91,225,21.5,1896,54.5,High,5.9,7793.96,19.259
2020,Chickpea,Peaty,5.99,51,10,35,31.0,150,91.0,Low,6.1,80.0,0.198
2026,Potato,Black Soil,5.44,156,64,128,23.7,933,63.0,High,6.1,5595.12,13.826
2023,Sunflower,Peaty,5.63,70,27,10,13.5,340,34.4,Medium,6.6,125.0,0.309
2023,Soybean,Silt Loam,6.16,12,50,31,39.6,440,84.3,Medium,4.1,173.36,0.428
2026,Sunflower,Peaty,7.22,113,69,41,33.6,374,30.5,Medium,9.9,697.0,1.722
2024,Sunflower,Loam,5.11,59,46,75,20.2,558,88.9,Medium,8.4,609.33,1.506
2025,Rice,Loam,5.54,133,67,11,37.1,2046,80.5,Medium,6.1,631.13,1.56
2026,Maize,Peaty,7.1,213,12,63,36.6,854,70.1,High,7.9,719.86,1.779
2022,Mustard,Peaty,6.04,70,74,43,15.1,1154,59.7,Medium,7.1,534.95,1.322
2026,Banana,Red Soil,7.37,205,19,246,15.2,1521,31.4,Medium,6.9,5012.72,12.387
2025,Banana,Laterite,6.01,207,75,269,30.7,1898,34.0,High,4.7,14548.85,35.951
2020,Mustard,Alluvial,4.72,106,28,25,22.7,315,84.7,Low,6.0,310.75,0.768
2026,Barley,Silt Loam,6.17,80,55,51,14.6,1060,35.9,High,7.7,1142.7,2.824
2022,Wheat,Red Soil,5.18,107,44,38,17.7,505,71.5,Low,7.7,867.77,2.144
2026,Barley,Loam,7.45,115,30,10,36.9,898,31.7,High,4.8,356.61,0.881
2020,Potato,Clay Loam,8.59,63,31,137,24.3,807,43.9,Low,10.2,2996.23,7.404
2025,Banana,Black Soil,5.09,181,36,238,15.2,1811,92.2,High,10.4,6531.18,16.139
2022,Tea,Laterite,6.27,158,51,40,28.9,2225,62.9,Low,7.7,324.21,0.801
2021,Mustard,Clay Loam,7.63,89,47,51,10.6,615,50.1,High,6.5,544.17,1.345
2026,Maize,Peaty,5.11,187,54,10,26.8,672,46.9,High,7.2,699.79,1.729
2026,Rice,Red Soil,8.07,119,51,44,24.9,2019,92.7,Medium,8.6,1148.36,2.838
2024,Tomato,Black Soil,5.0,84,26,111,39.2,1480,48.9,High,11.0,1780.92,4.401
2020,Sugarcane,Sandy Loam,6.66,190,67,60,18.2,2122,70.6,Low,10.8,9010.45,22.265
2022,Cotton,Saline,7.93,204,21,87,36.7,1088,91.9,High,11.5,350.7,0.867
2021,Banana,Clay Loam,8.39,203,59,270,36.0,1653,57.2,Medium,9.8,8948.43,22.112
2023,Tomato,Laterite,4.82,123,91,94,35.2,343,42.6,Low,10.5,1274.28,3.149
2021,Onion,Black Soil,6.5,151,50,73,38.6,735,92.5,Low,10.9,3607.28,8.914
2025,Barley,Red Soil,5.8,44,57,10,20.4,1000,49.9,High,9.4,760.27,1.879
2024,Coffee,Black Soil,5.28,157,13,107,12.5,2266,78.9,High,7.2,267.17,0.66
2023,Rice,Sandy Loam,6.02,135,75,91,20.5,1612,82.0,Low,7.5,1500.56,3.708
2020,Groundnut,Peaty,4.76,53,17,43,28.9,160,56.8,High,5.9,158.42,0.391
2020,Wheat,Sandy Loam,8.03,118,55,33,16.5,621,51.3,Low,4.2,678.84,1.677
2020,Apple,Red Soil,8.8,126,39,72,17.4,739,34.0,Medium,8.2,3109.28,7.683
2023,Tomato,Clay Loam,6.74,173,92,120,35.4,778,35.5,High,8.2,5839.02,14.429
2022,Soybean,Sandy Loam,7.28,104,106,29,17.0,651,46.9,Medium,6.5,460.88,1.139
2026,Banana,Silt Loam,8.1,190,56,252,19.3,1562,58.8,Medium,10.5,9602.73,23.729
2025,Cotton,Loam,7.64,72,58,11,37.5,534,68.3,Medium,4.7,258.15,0.638
2024,Groundnut,Sandy Loam,5.45,66,33,10,40.0,150,54.9,Medium,6.0,94.49,0.233
2020,Chickpea,Alluvial,4.65,42,10,34,19.2,724,76.2,Low,11.5,356.37,0.881
2023,Soybean,Laterite,6.51,50,56,47,29.6,874,83.0,Low,10.5,1089.17,2.691
2022,Coffee,Black Soil,5.86,200,33,61,25.2,1818,75.0,Medium,5.1,457.29,1.13
2021,Tea,Peaty,8.76,108,29,57,31.4,2000,41.6,Medium,4.1,147.33,0.364
2020,Cotton,Black Soil,7.77,72,60,94,32.3,150,58.3,Low,10.7,355.52,0.879
2025,Tea,Black Soil,5.27,81,34,69,10.3,2013,36.0,Low,6.3,395.83,0.978
2026,Sugarcane,Saline,8.2,267,128,64,26.4,1955,68.9,Medium,4.2,9760.72,24.119
2024,Tomato,Alluvial,5.96,137,94,118,33.8,516,32.0,Low,10.8,4577.33,11.311
2020,Watermelon,Red Soil,7.45,100,82,113,12.2,796,61.6,High,6.6,3739.91,9.242
2020,Groundnut,Alluvial,8.69,56,42,25,28.6,479,59.6,Low,11.4,560.52,1.385
2022,Mustard,Peaty,6.03,79,37,67,31.5,150,34.2,Medium,6.9,156.66,0.387
2026,Rice,Saline,7.66,98,56,50,31.9,983,78.8,Medium,5.8,487.12,1.204
2026,Barley,Alluvial,6.38,61,20,37,30.9,343,94.9,Medium,8.7,466.95,1.154
2026,Soybean,Black Soil,7.34,33,28,39,19.3,1205,94.4,High,11.5,686.17,1.696
2023,Watermelon,Sandy Loam,8.46,56,52,121,18.6,150,46.2,Low,10.0,1248.86,3.086
2023,Groundnut,Peaty,8.04,10,33,89,29.0,886,53.2,Medium,8.0,425.91,1.052
2026,Soybean,Peaty,5.97,51,44,69,11.2,1044,83.3,High,6.0,333.8,0.825
2024,Groundnut,Red Soil,8.64,102,30,66,19.9,714,83.9,Medium,7.0,433.02,1.07
2023,Rice,Laterite,7.97,132,10,12,32.4,1360,32.3,Medium,9.4,509.44,1.259
2024,Mustard,Laterite,7.97,59,10,67,32.8,599,76.5,Medium,9.8,245.05,0.606
2022,Tomato,Silt Loam,5.38,135,57,84,32.4,1053,69.2,Low,9.9,5606.58,13.854
2023,Coffee,Loam,7.95,213,39,126,24.9,1608,86.2,Low,5.5,314.81,0.778
2020,Coffee,Black Soil,7.9,159,25,115,29.1,1767,57.6,High,5.0,197.09,0.487
2022,Tomato,Peaty,8.01,107,115,92,36.5,744,42.2,Low,8.2,2875.36,7.105
2024,Apple,Clay Loam,7.51,110,18,107,28.7,1124,87.3,High,5.2,1319.86,3.261
2026,Sunflower,Black Soil,8.74,146,89,22,22.9,352,36.2,Low,4.6,297.76,0.736
2026,Rice,Alluvial,7.06,110,23,39,31.0,1221,42.1,Medium,4.6,1173.59,2.9
2020,Groundnut,Loam,5.58,10,46,39,37.3,585,74.0,Low,6.7,254.11,0.628
2026,Banana,Red Soil,8.52,204,61,250,32.6,1857,62.5,Medium,9.7,10913.34,26.967
2023,Groundnut,Silt Loam,5.94,10,41,86,18.2,656,91.0,High,5.6,512.04,1.265
2023,Apple,Peaty,4.58,80,67,81,13.8,763,85.9,Low,5.7,2753.04,6.803
2021,Mustard,Saline,5.56,98,36,40,16.7,927,57.6,Medium,10.2,454.22,1.122
2023,Barley,Clay Loam,4.6,114,10,41,12.4,494,81.8,Medium,9.3,563.98,1.394
2022,Maize,Alluvial,5.63,105,75,62,16.8,1272,70.6,High,11.6,1207.6,2.984
2025,Onion,Black Soil,8.43,88,28,78,38.7,595,45.7,Low,5.8,1130.81,2.794
2025,Maize,Sandy Loam,6.76,131,90,93,19.2,1162,94.7,Medium,4.8,1496.78,3.699
2021,Sugarcane,Sandy Loam,8.61,188,92,100,38.5,1103,79.5,Low,5.3,3986.44,9.851
2022,Chickpea,Red Soil,8.59,10,44,10,21.2,425,70.8,Medium,5.4,391.33,0.967
2020,Coffee,Red Soil,4.89,139,10,135,35.7,1486,44.6,Low,8.8,137.98,0.341
2025,Tea,Alluvial,5.79,140,51,85,29.6,1829,92.3,Low,4.9,415.76,1.027
2026,Cotton,Clay Loam,6.26,142,42,52,32.7,944,37.6,High,6.2,522.92,1.292
2022,Potato,Silt Loam,6.14,131,11,104,30.6,150,59.7,Medium,4.3,773.17,1.911
2026,Maize,Silt Loam,7.48,105,69,25,16.5,533,49.1,Medium,4.0,813.24,2.01
2026,Tea,Loam,6.62,141,47,53,26.3,1701,85.9,High,10.9,475.7,1.175
2025,Tea,Silt Loam,6.27,193,84,63,36.3,1668,68.0,High,11.2,407.16,1.006
2020,Wheat,Clay Loam,8.34,163,72,16,22.4,798,64.8,Medium,6.9,680.91,1.683
2025,Sugarcane,Saline,5.2,193,88,116,35.0,2990,70.0,High,7.0,6957.99,17.194
2022,Mustard,Red Soil,8.6,83,34,19,23.0,150,63.8,Medium,11.9,214.03,0.529
2025,Barley,Laterite,8.54,68,76,26,29.4,562,67.8,Medium,9.2,426.08,1.053
2020,Garlic,Saline,5.36,86,36,107,35.1,680,67.9,Low,5.5,752.9,1.86
2023,Banana,Black Soil,7.48,204,53,245,17.9,1380,88.7,Low,5.6,6275.94,15.508
2022,Potato,Sandy Loam,7.11,112,71,120,10.3,904,47.4,Medium,6.8,2893.41,7.15
2023,Garlic,Silt Loam,4.88,18,73,22,14.0,150,85.6,Low,4.4,401.0,0.991
2023,Soybean,Alluvial,8.12,48,64,64,22.1,608,71.2,Medium,7.4,700.01,1.73
2026,Mustard,Silt Loam,5.31,10,39,31,37.7,314,46.5,High,10.2,150.71,0.372
2024,Maize,Black Soil,6.16,142,54,55,23.4,215,42.0,High,8.9,996.51,2.462
2025,Watermelon,Red Soil,5.35,125,40,140,30.4,277,81.2,Medium,8.4,4541.78,11.223
2023,Garlic,Red Soil,6.28,104,77,31,34.5,353,66.4,Medium,11.9,1325.51,3.275
2026,Sugarcane,Silt Loam,7.67,184,83,62,25.3,1526,63.7,High,6.6,14279.54,35.285
2020,Apple,Red Soil,4.83,138,25,122,27.3,781,90.4,Low,11.9,1782.3,4.404
2025,Watermelon,Alluvial,7.05,55,60,105,33.0,842,63.1,High,6.2,7204.11,17.802
2025,Cotton,Red Soil,6.07,151,94,42,18.8,765,89.1,Low,7.4,363.78,0.899
2023,Onion,Loam,5.8,147,49,118,26.1,772,40.5,Low,8.4,6233.82,15.404
2026,Watermelon,Clay Loam,6.57,102,26,100,26.8,462,45.2,High,9.2,12967.77,32.044
2024,Barley,Clay Loam,4.68,110,63,43,35.7,880,49.8,Low,9.7,477.99,1.181
2021,Groundnut,Black Soil,7.99,18,10,77,34.9,258,44.0,Low,11.6,140.96,0.348
2022,Watermelon,Loam,7.48,133,66,142,12.8,150,91.7,High,8.1,2712.05,6.702
2026,Garlic,Clay Loam,6.29,93,11,22,30.2,542,37.7,High,4.5,981.65,2.426
2025,Coffee,Silt Loam,5.96,88,31,91,37.1,1849,39.2,Low,6.8,246.23,0.608
2020,Apple,Black Soil,7.47,63,47,95,11.3,975,49.5,Medium,6.7,3247.93,8.026
2024,Sunflower,Saline,4.53,62,91,63,15.1,363,73.8,Low,7.4,139.61,0.345
2024,Watermelon,Black Soil,8.2,94,43,131,30.3,875,65.9,High,11.6,6051.22,14.953
2026,Wheat,Peaty,6.75,134,72,29,40.0,916,86.7,High,12.0,760.19,1.878
2024,Banana,Laterite,7.75,206,16,268,29.6,1959,35.1,High,4.4,7515.22,18.57
2026,Apple,Sandy Loam,5.21,97,57,154,29.8,761,32.9,High,10.1,2812.32,6.949
2021,Coffee,Alluvial,7.12,193,39,118,17.2,1927,91.4,Low,9.9,705.67,1.744
2021,Coffee,Red Soil,5.13,176,11,113,35.6,945,34.5,High,8.7,152.14,0.376
2020,Rice,Peaty,8.28,178,44,49,38.6,1231,46.4,Medium,6.1,360.09,0.89
2026,Wheat,Loam,5.32,126,39,29,20.0,939,75.6,Medium,11.6,1384.26,3.421
2020,Barley,Laterite,7.92,81,41,59,35.4,500,37.6,Medium,11.7,508.34,1.256
2021,Watermelon,Sandy Loam,6.68,65,81,126,17.9,250,67.8,High,7.1,3252.07,8.036
2020,Maize,Silt Loam,7.48,165,77,49,21.9,911,94.0,Low,11.9,2605.28,6.438
2022,Sunflower,Black Soil,5.09,116,66,42,30.9,481,36.3,Medium,5.4,429.97,1.062
2023,Onion,Laterite,8.1,67,52,66,21.2,162,88.4,High,8.0,1867.38,4.614
2022,Tea,Clay Loam,4.59,132,41,118,36.3,1264,82.3,Medium,6.4,242.34,0.599
2023,Onion,Sandy Loam,5.22,77,49,79,16.5,457,30.6,Low,6.4,1552.48,3.836
2024,Onion,Alluvial,6.74,81,85,73,37.1,922,31.0,Low,11.4,4457.75,11.015
2023,Watermelon,Sandy Loam,7.65,164,61,52,16.1,531,57.4,Low,4.3,2732.41,6.752
2022,Banana,Laterite,7.28,195,35,231,31.2,1424,45.5,Low,11.6,12174.25,30.083
2020,Mustard,Sandy Loam,7.83,57,74,29,20.0,150,54.3,Low,6.1,284.4,0.703
2020,Tomato,Loam,6.58,173,87,90,17.6,495,93.1,Low,10.4,8003.55,19.777
2023,Chickpea,Silt Loam,6.04,69,110,72,24.2,150,31.4,Medium,10.5,309.9,0.766
2023,Watermelon,Sandy Loam,7.66,74,79,78,34.8,567,50.3,Medium,5.3,5747.63,14.203
2023,Apple,Black Soil,8.6,149,47,103,22.2,229,42.8,Low,8.9,1191.18,2.943
2021,Groundnut,Saline,8.62,50,101,59,19.5,1131,30.7,Low,4.3,366.7,0.906
2022,Soybean,Black Soil,4.87,23,44,59,19.0,745,85.6,Low,8.0,392.99,0.971
2026,Tea,Silt Loam,7.61,154,10,115,33.8,2162,72.5,Low,10.4,190.96,0.472
2020,Barley,Alluvial,8.65,98,52,31,26.7,411,76.1,Medium,6.4,432.66,1.069
2021,Chickpea,Peaty,8.43,10,12,10,22.2,975,53.3,Low,4.2,309.1,0.764
2020,Sunflower,Red Soil,4.62,39,56,10,28.1,470,94.4,High,8.4,376.12,0.929
2021,Coffee,Black Soil,7.91,157,56,128,16.0,1769,50.9,Low,8.1,350.08,0.865
2020,Soybean,Sandy Loam,5.37,29,76,64,10.4,614,42.6,Medium,7.4,258.18,0.638
2022,Cotton,Red Soil,7.62,157,35,96,10.5,467,57.7,Medium,5.4,201.93,0.499
2025,Onion,Black Soil,6.7,101,65,79,10.7,1047,93.2,Low,11.7,5879.94,14.53
2025,Potato,Silt Loam,6.9,125,51,122,32.6,352,32.7,High,7.8,2231.56,5.514
2020,Rice,Red Soil,5.57,126,69,69,26.9,1826,57.1,High,9.4,2244.85,5.547
2020,Rice,Laterite,5.96,62,32,64,20.9,767,81.9,Low,9.8,650.21,1.607
2022,Wheat,Silt Loam,6.15,59,42,62,14.0,405,78.3,Low,6.3,634.66,1.568
2020,Tea,Peaty,5.26,174,80,114,21.2,1480,79.8,Low,7.0,726.6,1.795
2025,Maize,Silt Loam,8.44,176,86,33,31.4,560,59.3,High,8.2,729.45,1.803
2022,Cotton,Black Soil,6.74,157,64,111,17.7,540,40.8,Low,9.3,402.46,0.994
2026,Soybean,Silt Loam,7.2,17,67,63,24.3,334,77.9,High,6.2,454.13,1.122
2026,Banana,Silt Loam,7.75,217,29,285,25.3,1741,62.8,High,8.7,16801.96,41.518
2025,Sugarcane,Red Soil,5.9,164,65,42,13.1,1899,42.2,High,11.3,7363.23,18.195
2023,Rice,Silt Loam,7.0,175,54,65,37.3,1119,47.1,High,8.3,1137.06,2.81
2020,Apple,Saline,7.9,85,35,95,39.1,623,81.5,High,7.8,994.12,2.457
2025,Wheat,Black Soil,6.93,59,48,34,35.6,216,93.9,Low,4.1,206.82,0.511
2026,Potato,Silt Loam,8.42,114,69,108,27.4,549,51.7,High,7.1,2760.84,6.822
2023,Soybean,Silt Loam,7.95,10,93,48,34.7,761,37.0,Low,9.6,305.81,0.756
2021,Soybean,Red Soil,6.76,50,79,45,21.2,538,61.3,Low,5.4,560.27,1.384
2021,Wheat,Silt Loam,6.77,188,44,49,30.0,967,47.1,High,9.1,1054.02,2.605
2021,Mustard,Silt Loam,8.33,69,67,28,15.4,234,39.3,Medium,7.1,415.43,1.027
2021,Onion,Loam,5.36,81,10,110,29.9,1021,52.1,Low,9.2,1889.67,4.669
2023,Potato,Saline,8.56,126,62,105,15.2,416,70.3,Medium,10.2,3467.41,8.568
2025,Sugarcane,Black Soil,5.27,222,21,50,36.2,1868,62.7,Low,8.5,7874.57,19.458
2020,Tomato,Red Soil,5.5,119,72,97,22.7,938,94.7,Low,4.8,6510.95,16.089
2026,Chickpea,Loam,7.46,26,10,24,28.8,673,83.7,Low,5.4,437.04,1.08
2022,Chickpea,Peaty,5.33,47,47,10,20.6,562,69.8,Medium,6.8,274.38,0.678
2023,Watermelon,Saline,6.18,120,113,113,38.6,1023,50.0,Low,10.8,5448.5,13.464
2024,Groundnut,Peaty,4.97,53,37,42,39.1,800,70.7,Medium,7.3,258.09,0.638
2021,Coffee,Laterite,7.81,182,101,130,32.6,1479,77.3,High,10.1,189.03,0.467
2022,Rice,Black Soil,7.28,124,10,76,10.8,1488,42.7,High,7.7,420.76,1.04
2023,Watermelon,Peaty,6.54,127,59,116,10.4,150,82.9,Low,10.4,2695.4,6.66
2024,Cotton,Red Soil,7.26,130,38,57,25.4,680,85.1,High,8.9,1168.65,2.888
2025,Sunflower,Saline,7.53,109,72,94,15.5,585,40.4,Medium,8.6,572.11,1.414
2020,Cotton,Laterite,7.05,44,48,38,24.1,1115,85.0,Low,4.7,417.27,1.031
2025,Banana,Sandy Loam,5.49,141,10,224,20.5,1144,60.5,Low,10.9,4965.69,12.27
2021,Groundnut,Alluvial,5.25,25,31,29,17.8,170,36.0,Medium,8.5,267.61,0.661
2022,Apple,Peaty,6.23,63,83,85,13.5,355,52.0,Medium,4.2,2712.54,6.703
2023,Banana,Saline,6.45,175,81,248,33.7,1666,74.0,Low,4.7,10444.83,25.81
2020,Mustard,Peaty,6.13,87,124,33,33.1,1136,51.6,High,5.0,248.38,0.614
2023,Onion,Laterite,5.22,64,90,100,20.8,625,69.8,High,6.9,3016.48,7.454
2025,Soybean,Peaty,7.57,10,44,16,21.4,1083,38.0,High,7.4,419.93,1.038
2022,Apple,Black Soil,8.79,131,48,112,11.2,1021,63.6,Medium,6.6,3068.4,7.582
2021,Sunflower,Silt Loam,6.17,62,96,12,12.7,391,37.0,Medium,5.7,208.7,0.516
2024,Wheat,Peaty,6.4,131,44,11,24.2,1012,49.3,Medium,9.8,1243.69,3.073
2026,Rice,Red Soil,6.21,108,55,28,34.1,1176,70.4,Medium,6.7,1036.33,2.561
2022,Rice,Loam,6.3,116,43,63,24.9,986,34.6,Medium,8.4,1917.96,4.739
2020,Maize,Red Soil,6.52,126,100,62,31.1,866,66.1,High,7.6,1326.93,3.279
2024,Tomato,Clay Loam,4.54,168,103,136,30.7,1271,93.8,Low,7.1,3758.7,9.288
2021,Chickpea,Saline,7.39,72,18,16,24.8,150,78.7,High,11.2,276.78,0.684
2025,Tomato,Black Soil,8.14,194,96,123,37.3,1030,85.1,Medium,11.7,3095.41,7.649
2025,Chickpea,Peaty,8.42,36,25,54,20.2,367,35.3,Medium,5.1,516.03,1.275
2022,Garlic,Black Soil,8.37,90,29,79,29.9,519,52.7,High,9.7,912.27,2.254
2025,Tomato,Black Soil,7.28,194,113,113,29.5,763,48.2,High,4.5,6721.37,16.609
2022,Soybean,Clay Loam,5.53,98,140,68,10.9,347,74.9,Low,7.7,222.57,0.55
2022,Coffee,Clay Loam,5.35,218,44,130,38.5,1723,73.4,Medium,8.4,348.31,0.861
2024,Soybean,Sandy Loam,5.59,57,86,39,20.0,1044,31.6,Low,10.1,715.45,1.768
2021,Banana,Red Soil,6.29,158,65,224,33.8,857,72.6,Low,6.2,6909.57,17.074
2026,Banana,Silt Loam,7.24,208,67,274,18.6,1854,71.4,High,8.7,15894.15,39.275
2023,Banana,Clay Loam,5.87,214,45,255,28.8,1638,53.5,Low,5.9,15591.11,38.526
2023,Barley,Peaty,6.24,66,10,39,18.7,448,31.3,High,6.5,795.55,1.966
2023,Tea,Saline,7.65,124,41,37,11.0,2406,57.0,Medium,4.9,146.08,0.361
2022,Potato,Black Soil,5.98,82,142,91,27.4,733,87.9,Medium,4.2,3939.25,9.734
2020,Sunflower,Alluvial,8.19,157,43,10,16.4,496,85.8,Low,7.6,273.21,0.675
2021,Potato,Peaty,6.89,52,78,92,28.7,646,43.8,High,5.0,1830.25,4.523
2020,Barley,Alluvial,4.75,120,10,33,10.1,310,48.8,Medium,11.0,275.89,0.682
2021,Soybean,Black Soil,8.0,12,33,47,35.6,511,54.6,Medium,11.3,208.25,0.515
2021,Watermelon,Saline,7.81,100,86,111,30.0,262,81.2,Medium,11.2,5403.32,13.352
2020,Sugarcane,Laterite,7.7,236,68,56,10.4,1372,94.2,High,8.9,6752.38,16.685
2023,Apple,Clay Loam,8.59,94,32,86,17.6,586,31.2,Low,4.0,2236.68,5.527
2024,Mustard,Laterite,8.37,95,64,24,25.8,670,48.3,Low,4.1,335.38,0.829
2026,Cotton,Red Soil,8.13,107,54,58,26.6,944,41.9,High,7.2,784.19,1.938
2025,Groundnut,Red Soil,5.4,51,46,53,14.0,338,64.1,Medium,8.3,279.26,0.69
2020,Watermelon,Alluvial,6.0,143,56,99,18.0,150,86.6,High,11.5,3259.45,8.054
2020,Soybean,Laterite,6.98,67,14,66,30.7,1642,72.2,High,11.2,469.01,1.159
2023,Soybean,Laterite,5.14,39,30,69,23.7,150,68.9,Low,4.2,160.93,0.398
2022,Coffee,Loam,7.05,150,25,136,31.7,1016,34.5,Medium,11.1,203.9,0.504
2022,Potato,Saline,4.62,78,108,142,38.2,228,70.1,Low,8.5,859.52,2.124
2024,Mustard,Peaty,5.15,21,72,44,26.6,379,39.7,High,7.5,249.1,0.616
2023,Barley,Saline,7.46,77,85,29,21.9,454,91.8,Medium,10.4,1095.21,2.706
2026,Chickpea,Peaty,7.16,81,48,35,21.9,435,51.6,Medium,11.0,1215.67,3.004
2021,Wheat,Alluvial,6.35,110,102,10,28.2,863,67.5,Medium,10.1,931.81,2.303
2025,Apple,Sandy Loam,6.89,86,18,68,36.7,808,76.2,High,4.2,1425.36,3.522
2020,Barley,Alluvial,4.72,90,10,35,24.3,150,59.2,High,7.8,199.57,0.493
2020,Sugarcane,Loam,6.36,227,88,83,23.1,1604,62.8,Low,10.8,18554.33,45.849
2024,Wheat,Laterite,5.03,108,61,11,21.7,323,38.3,Medium,7.1,401.27,0.992
2022,Chickpea,Red Soil,6.1,57,31,13,11.5,200,42.2,Medium,7.0,91.49,0.226
2020,Cotton,Red Soil,7.14,45,85,23,26.7,1405,51.6,Low,7.4,646.81,1.598
2026,Sugarcane,Saline,6.41,187,54,81,35.5,1353,30.0,Medium,11.4,14226.64,35.155
2020,Rice,Black Soil,5.3,122,59,63,18.0,1494,75.4,Medium,4.8,893.11,2.207
2025,Groundnut,Red Soil,4.98,20,67,11,26.4,616,91.0,High,11.2,568.52,1.405
2022,Barley,Sandy Loam,8.52,68,53,10,36.4,677,38.7,High,7.4,169.92,0.42
2025,Groundnut,Black Soil,6.8,10,60,38,30.0,512,78.6,Low,11.4,737.84,1.823
2023,Soybean,Red Soil,8.14,10,81,40,19.2,955,36.7,High,11.4,283.92,0.702
2025,Rice,Sandy Loam,8.75,138,43,44,10.2,1786,40.3,Low,7.5,401.1,0.991
2025,Maize,Black Soil,7.34,166,95,27,21.5,1162,63.1,Low,9.6,2233.25,5.518
2025,Sugarcane,Laterite,5.56,225,72,71,34.6,1714,74.4,Medium,7.6,12556.12,31.027
2021,Potato,Laterite,6.95,114,77,119,23.2,840,68.4,Medium,11.0,5138.51,12.698
2021,Tea,Red Soil,8.59,227,35,103,34.7,1980,31.8,High,9.9,232.22,0.574
2021,Tea,Laterite,8.35,174,19,116,38.4,1789,53.0,Low,7.1,125.03,0.309
2021,Cotton,Saline,8.73,169,48,35,28.6,923,65.6,Medium,9.9,495.79,1.225
2020,Potato,Peaty,5.74,150,62,105,33.2,700,76.5,Medium,7.0,3657.52,9.038
2020,Rice,Silt Loam,5.34,112,80,49,14.9,1568,79.3,High,11.1,824.86,2.038
2025,Potato,Black Soil,6.73,130,108,77,27.5,618,63.0,Medium,10.6,4950.39,12.233
2026,Coffee,Clay Loam,8.44,225,19,85,28.4,2226,46.9,Medium,7.0,227.83,0.563
2023,Mustard,Alluvial,5.59,73,70,47,23.9,627,38.8,High,9.8,667.42,1.649
2025,Wheat,Silt Loam,7.83,134,99,31,17.2,448,32.5,Medium,7.0,826.1,2.041
2026,Potato,Loam,7.71,141,92,103,14.9,545,80.4,High,10.0,5210.62,12.876
2026,Rice,Clay Loam,6.58,57,82,29,38.4,2049,47.0,High,9.0,695.4,1.718
2026,Maize,Silt Loam,5.24,176,10,48,15.3,150,38.5,Low,5.0,158.39,0.391
2025,Onion,Silt Loam,7.07,112,65,120,30.7,587,89.3,High,6.1,3904.31,9.648
2023,Watermelon,Saline,8.51,73,68,124,33.0,795,73.7,Medium,8.3,4084.19,10.092
2020,Soybean,Black Soil,5.22,45,59,22,13.5,378,68.8,Medium,4.7,128.83,0.318
2021,Maize,Clay Loam,4.92,153,97,67,26.1,891,48.0,Medium,9.0,1524.66,3.768
2022,Barley,Laterite,5.52,85,61,66,33.2,796,77.8,High,6.3,264.34,0.653
2023,Coffee,Loam,6.39,216,56,108,16.8,1799,86.9,Medium,8.8,894.93,2.211
2021,Soybean,Clay Loam,8.13,39,43,59,35.0,820,69.3,Low,12.0,368.99,0.912
2025,Tomato,Laterite,6.0,145,112,83,25.7,583,37.1,Medium,8.3,8124.97,20.077
2026,Maize,Silt Loam,5.17,112,68,17,32.7,404,71.7,Medium,11.5,394.19,0.974
2025,Cotton,Sandy Loam,7.47,123,16,68,20.5,1330,56.4,High,5.1,351.91,0.87
2020,Sugarcane,Black Soil,5.22,223,58,118,33.8,2165,89.6,Medium,6.9,10491.31,25.925
2026,Potato,Saline,5.44,115,75,102,31.8,991,58.5,Medium,5.4,2134.06,5.273
2025,Wheat,Clay Loam,8.42,47,73,17,27.8,473,67.8,Medium,10.4,451.61,1.116
2026,Apple,Loam,6.34,67,42,107,33.5,496,46.7,High,6.1,1890.38,4.671
2020,Banana,Saline,6.91,209,58,265,37.6,1574,85.0,Low,7.3,6999.36,17.296
2020,Mustard,Alluvial,7.46,86,54,40,32.3,463,90.8,Low,5.5,454.55,1.123
2021,Mustard,Sandy Loam,8.28,49,53,36,37.6,613,59.0,Medium,11.5,240.08,0.593
2023,Potato,Laterite,5.94,123,90,101,26.0,783,63.3,High,10.7,5944.76,14.69
2026,Tomato,Black Soil,7.62,122,103,80,12.8,324,68.0,Low,11.9,2740.13,6.771
2025,Potato,Laterite,6.71,206,88,59,26.6,948,81.3,Medium,4.2,2945.57,7.279
2021,Soybean,Black Soil,5.9,18,39,74,15.2,183,77.6,Medium,6.4,164.22,0.406
2023,Sunflower,Peaty,7.03,84,71,10,30.2,1132,30.8,Medium,6.7,598.31,1.478
2023,Tea,Laterite,8.4,148,59,72,26.1,2221,66.6,High,12.0,379.72,0.938
2025,Tea,Clay Loam,7.38,139,25,98,20.5,1109,46.8,High,11.9,401.88,0.993
2026,Apple,Loam,8.72,98,32,87,14.8,826,46.8,High,9.8,4786.47,11.828
2025,Mustard,Saline,8.06,100,10,35,14.1,150,85.9,Medium,8.3,213.31,0.527
2025,Chickpea,Sandy Loam,5.28,26,68,36,28.8,402,61.4,Low,8.6,307.21,0.759
2023,Wheat,Laterite,7.43,136,51,64,39.8,337,74.0,Low,8.2,364.79,0.901
2021,Coffee,Saline,7.92,154,10,136,15.1,1427,42.9,Low,4.9,106.53,0.263
2024,Chickpea,Clay Loam,6.3,10,18,34,18.0,361,68.4,Medium,6.3,285.52,0.706
2024,Apple,Saline,5.73,92,27,71,23.2,150,64.0,High,10.9,1398.33,3.455
2026,Chickpea,Loam,7.55,10,47,22,33.1,154,88.8,Medium,4.5,110.14,0.272
2021,Banana,Red Soil,7.26,190,107,245,25.4,1990,75.2,Low,8.2,20260.03,50.064
2025,Tea,Loam,8.03,105,45,52,39.4,2398,93.4,Low,8.4,221.13,0.546
2023,Onion,Laterite,6.73,79,40,81,29.4,970,46.5,High,5.5,2781.28,6.873
2021,Tomato,Alluvial,7.27,133,46,125,31.2,662,42.7,Medium,8.0,5845.64,14.445
2026,Barley,Saline,5.28,76,17,58,26.9,378,85.5,Low,5.2,211.47,0.523
2026,Tea,Red Soil,7.34,68,10,87,16.8,1618,90.0,High,11.5,357.6,0.884
2024,Sunflower,Saline,5.98,51,38,60,37.2,288,81.1,High,9.4,209.39,0.517
2020,Mustard,Laterite,4.96,17,10,48,15.8,422,68.9,Medium,5.1,210.47,0.52
2021,Chickpea,Red Soil,8.71,29,53,17,23.3,303,70.3,High,10.8,486.93,1.203
2024,Mustard,Peaty,6.45,25,103,10,16.6,150,43.2,Low,6.2,223.75,0.553
2024,Maize,Saline,8.36,166,77,91,25.2,377,88.8,Low,4.5,433.27,1.071
2025,Watermelon,Alluvial,7.42,124,116,111,29.2,248,57.9,High,5.2,8565.44,21.166
2023,Mustard,Silt Loam,7.77,71,33,30,26.3,295,62.5,Low,6.5,460.36,1.138
2025,Sugarcane,Black Soil,8.23,205,93,85,11.7,1762,77.0,Medium,7.0,6121.76,15.127
2021,Banana,Black Soil,4.95,165,65,260,32.5,1509,84.8,Medium,4.8,7878.95,19.469
2024,Sugarcane,Laterite,6.74,204,96,45,29.2,2203,36.0,Low,10.2,23647.71,58.435
2026,Sunflower,Silt Loam,4.87,46,61,20,19.1,805,62.3,Low,8.7,478.37,1.182
2020,Tea,Alluvial,6.98,164,32,71,38.9,1703,35.4,Medium,4.6,179.49,0.444
2026,Sugarcane,Black Soil,7.66,206,32,93,20.5,1819,49.4,High,7.6,11099.08,27.426
2020,Apple,Clay Loam,5.72,105,44,99,21.1,1180,50.3,Low,5.9,4405.97,10.887
2025,Onion,Red Soil,5.99,126,19,99,25.1,150,44.1,Low,6.1,1603.03,3.961
2024,Cotton,Laterite,5.11,147,85,10,40.0,849,94.9,Medium,10.4,150.05,0.371
2021,Wheat,Peaty,6.75,14,37,26,15.5,195,77.8,Low,5.6,216.45,0.535
2026,Soybean,Black Soil,7.39,67,90,41,31.9,1065,83.9,Low,8.3,826.0,2.041
2020,Groundnut,Silt Loam,8.78,66,46,86,22.7,739,32.6,Medium,9.2,748.94,1.851
2022,Sunflower,Loam,5.65,96,48,37,11.1,657,86.1,High,6.1,304.73,0.753
2021,Apple,Sandy Loam,5.09,61,30,107,39.0,527,74.1,High,11.9,1592.1,3.934
2025,Watermelon,Sandy Loam,7.39,104,90,53,19.0,260,64.8,High,4.2,3415.39,8.44
2025,Cotton,Red Soil,5.43,127,15,10,30.8,878,87.8,Medium,4.3,276.17,0.682
2024,Coffee,Black Soil,8.59,95,35,133,21.9,1823,37.9,Medium,6.8,311.37,0.769
2021,Rice,Peaty,8.07,96,75,63,31.1,1659,34.4,Low,4.3,758.73,1.875
2021,Groundnut,Black Soil,5.81,34,79,69,30.3,547,32.6,High,11.3,1402.72,3.466
2026,Maize,Sandy Loam,8.74,168,24,111,31.5,1370,55.6,High,9.4,594.04,1.468
2024,Tomato,Laterite,7.65,192,101,161,19.7,428,93.8,Medium,5.5,4677.3,11.558
2024,Potato,Loam,5.3,145,62,100,16.8,467,87.7,High,6.2,7347.67,18.156
2025,Sunflower,Alluvial,6.12,145,28,36,21.8,290,41.8,Low,7.0,469.31,1.16
2025,Soybean,Clay Loam,4.76,59,40,10,27.9,150,81.3,Low,5.3,136.21,0.337
2023,Rice,Black Soil,7.62,163,56,28,11.3,1444,88.9,Low,7.8,385.56,0.953
2026,Watermelon,Loam,7.39,100,60,105,13.0,425,32.2,High,5.0,4388.57,10.844
2026,Groundnut,Silt Loam,8.41,38,78,45,35.3,715,84.8,Medium,5.4,398.42,0.985
2023,Onion,Black Soil,7.69,88,40,89,36.3,886,39.1,High,7.2,2279.49,5.633
2024,Rice,Silt Loam,5.31,88,68,65,21.2,1299,94.1,High,9.8,1553.42,3.839
2024,Banana,Saline,7.38,178,71,236,31.4,2128,90.2,Low,9.0,15051.11,37.192
2024,Wheat,Alluvial,8.5,124,97,40,10.9,150,72.0,Low,11.3,310.15,0.766
2021,Garlic,Laterite,6.31,134,63,63,26.3,669,54.2,Low,11.1,3049.66,7.536
2024,Coffee,Sandy Loam,7.55,215,21,108,12.5,1100,85.6,Medium,4.0,125.55,0.31
2022,Groundnut,Clay Loam,4.84,10,59,50,34.5,1058,83.0,Medium,4.7,232.03,0.573
2024,Coffee,Saline,5.45,235,71,135,39.3,1395,44.7,High,10.1,300.28,0.742
2026,Tomato,Red Soil,6.35,116,133,75,23.4,315,44.1,Low,4.8,4502.63,11.126
2026,Soybean,Sandy Loam,7.2,30,94,20,15.0,560,51.2,Medium,7.9,372.12,0.92
2022,Potato,Black Soil,4.94,156,71,116,27.2,900,37.3,High,5.6,3451.32,8.528
2021,Garlic,Black Soil,6.39,31,57,43,15.0,1227,44.8,Medium,4.6,1980.33,4.893
2020,Potato,Alluvial,8.15,105,90,121,21.7,360,91.7,Low,11.5,3283.44,8.114
2023,Banana,Laterite,6.09,268,65,247,13.5,1661,33.1,Medium,9.8,10685.79,26.405
2020,Potato,Silt Loam,5.17,90,39,143,16.9,694,43.4,Low,5.8,6478.38,16.008
2023,Soybean,Black Soil,8.13,10,60,36,34.4,959,87.6,Low,5.1,185.82,0.459
2025,Cotton,Silt Loam,5.71,58,53,10,24.9,1172,38.5,Medium,11.8,390.86,0.966
2022,Banana,Red Soil,5.97,162,18,216,22.3,1351,31.2,High,7.9,12412.86,30.673
2021,Groundnut,Red Soil,4.98,35,61,51,37.8,490,47.1,Medium,5.1,240.66,0.595
2022,Sunflower,Laterite,7.29,72,20,53,12.1,775,84.7,Medium,6.1,284.54,0.703
2024,Groundnut,Loam,8.54,34,42,10,29.3,150,82.7,Medium,6.2,167.36,0.414
2024,Garlic,Sandy Loam,8.05,139,16,47,30.3,500,35.6,Low,8.8,677.67,1.675
2022,Potato,Loam,7.05,140,45,94,31.1,257,46.1,Medium,7.2,1326.48,3.278
2025,Potato,Saline,6.27,77,14,74,28.8,611,65.9,High,11.2,2162.61,5.344
2026,Tomato,Clay Loam,6.67,130,108,136,25.6,316,45.2,Medium,7.9,7923.34,19.579
2022,Chickpea,Clay Loam,8.0,10,45,62,19.0,887,34.2,High,11.6,615.71,1.521
2020,Onion,Loam,6.68,52,10,64,15.3,698,44.8,High,7.3,4496.9,11.112
2020,Wheat,Alluvial,5.85,91,33,55,36.6,257,44.2,Medium,6.0,256.89,0.635
2025,Chickpea,Red Soil,8.26,21,26,48,39.1,150,83.0,High,4.3,100.39,0.248
2026,Chickpea,Sandy Loam,7.82,10,46,26,28.8,150,85.4,High,6.6,183.38,0.453
2021,Soybean,Loam,5.89,10,86,60,19.3,611,75.4,Medium,6.8,412.74,1.02
2024,Barley,Silt Loam,8.47,76,45,60,24.8,387,72.5,High,7.8,723.79,1.789
2023,Garlic,Red Soil,8.12,116,53,54,14.1,875,71.0,Medium,11.0,2238.97,5.533
2024,Barley,Black Soil,7.7,62,49,12,39.9,309,88.4,High,9.0,376.77,0.931
2026,Onion,Saline,5.77,115,65,94,27.3,717,63.3,High,11.8,4180.06,10.329
2021,Rice,Laterite,5.14,127,60,42,30.2,881,52.2,Low,8.6,891.33,2.203
2021,Groundnut,Clay Loam,6.26,10,48,43,33.7,720,72.6,Medium,4.9,495.18,1.224
2025,Mustard,Saline,4.93,40,55,59,24.7,460,33.5,High,9.9,398.69,0.985
2021,Mustard,Laterite,7.49,102,24,10,29.7,337,68.8,Medium,5.4,234.48,0.579
2026,Maize,Loam,8.79,189,62,71,15.9,783,82.4,High,9.8,945.15,2.336
2020,Barley,Black Soil,5.56,92,38,41,24.3,564,90.3,Medium,5.6,575.65,1.422
2026,Coffee,Red Soil,5.92,152,73,102,36.0,1866,79.8,High,9.9,383.96,0.949
2022,Groundnut,Laterite,4.69,38,45,37,21.0,707,50.2,High,5.2,424.36,1.049
2026,Maize,Clay Loam,5.61,222,39,50,27.7,1156,85.6,High,10.7,1553.93,3.84
2022,Chickpea,Black Soil,4.89,10,36,61,16.9,464,77.5,High,7.2,280.04,0.692
2020,Banana,Laterite,7.17,227,73,233,39.3,1880,59.1,High,6.8,7196.45,17.783
2024,Garlic,Saline,8.08,134,10,106,10.1,880,84.8,Low,6.1,766.49,1.894
2024,Maize,Loam,7.46,146,87,71,17.7,595,76.0,Medium,11.8,1712.78,4.232
2024,Onion,Sandy Loam,7.65,28,55,104,18.8,1418,47.5,Low,7.9,3315.72,8.193
2025,Tomato,Red Soil,8.12,151,98,152,29.4,609,47.1,High,5.2,3776.33,9.332
2023,Sugarcane,Alluvial,7.07,221,62,10,20.9,2396,54.4,Low,7.4,8493.83,20.989
2021,Sugarcane,Clay Loam,5.51,220,71,87,14.3,1383,82.0,Low,10.7,5879.47,14.528
2023,Sugarcane,Saline,4.53,274,65,60,12.2,2148,61.8,Low,5.3,3696.44,9.134
2021,Tomato,Loam,7.7,190,25,151,13.9,1086,67.8,Low,4.7,2860.51,7.068
2022,Barley,Loam,7.47,88,19,22,33.8,589,44.4,High,8.0,538.94,1.332
2025,Maize,Saline,8.51,173,100,71,13.7,986,41.6,Low,10.7,639.82,1.581
2021,Groundnut,Red Soil,5.96,10,43,67,16.7,296,56.5,Medium,6.2,230.43,0.569
2023,Watermelon,Sandy Loam,8.06,63,87,76,22.6,543,79.5,High,6.2,4498.29,11.115
2021,Maize,Red Soil,5.53,88,52,48,10.8,329,56.1,High,5.8,224.35,0.554
2021,Tea,Peaty,8.74,132,26,55,30.5,1743,58.0,High,11.8,227.85,0.563
2026,Soybean,Black Soil,5.23,10,97,72,12.8,703,59.4,Low,7.0,165.24,0.408
2024,Potato,Loam,6.96,181,75,162,25.7,150,78.8,Medium,7.4,1973.28,4.876
2023,Tea,Red Soil,8.6,166,20,122,36.7,1571,80.1,High,11.1,207.71,0.513
2022,Sunflower,Alluvial,6.26,81,71,70,34.8,898,43.2,Low,8.4,717.18,1.772
2025,Maize,Red Soil,5.54,171,48,60,38.5,800,37.3,Low,5.9,451.43,1.116
2024,Mustard,Sandy Loam,6.18,160,17,11,36.2,611,80.0,Medium,11.6,324.36,0.802
2023,Rice,Peaty,4.75,147,57,15,27.5,1969,61.5,Low,6.2,811.27,2.005
2022,Maize,Loam,5.96,136,90,86,23.9,670,58.0,High,7.4,2211.33,5.464
2021,Sugarcane,Alluvial,5.57,222,115,94,15.9,1224,37.0,Medium,10.7,7139.03,17.641
2026,Tea,Peaty,7.21,162,64,92,36.0,2343,77.6,High,6.4,171.98,0.425
2024,Banana,Silt Loam,7.4,181,102,260,29.7,1975,44.4,High,7.3,20348.23,50.281
2023,Soybean,Sandy Loam,4.55,23,42,39,17.5,1194,51.1,Medium,11.1,301.79,0.746
2021,Groundnut,Saline,8.65,63,71,58,38.6,737,59.0,High,7.3,259.94,0.642
2023,Mustard,Clay Loam,5.8,62,56,61,27.8,507,42.7,High,8.3,497.92,1.23
2022,Tea,Red Soil,7.8,101,10,59,23.9,1246,64.4,Medium,11.7,243.42,0.602
2020,Banana,Saline,7.39,228,55,286,35.6,1581,54.5,High,8.1,10215.96,25.244
2020,Groundnut,Alluvial,6.04,86,45,21,13.8,375,64.3,High,4.0,300.7,0.743
2023,Barley,Black Soil,5.78,153,10,66,34.2,150,75.0,High,10.6,158.84,0.393
2026,Cotton,Sandy Loam,7.84,82,27,13,20.8,574,45.5,Medium,12.0,394.16,0.974
2026,Coffee,Peaty,5.26,162,49,105,36.6,1384,47.7,High,9.2,314.06,0.776
2024,Potato,Saline,4.55,73,67,87,36.3,600,38.9,High,8.7,1974.71,4.88
2024,Sunflower,Peaty,4.72,44,56,81,31.6,637,47.1,High,5.1,341.75,0.844
2021,Sugarcane,Sandy Loam,5.47,298,36,67,16.3,1354,59.9,Low,11.9,4601.55,11.371
2024,Wheat,Sandy Loam,5.23,76,67,15,16.9,371,74.2,Medium,8.3,593.07,1.466
2024,Tea,Silt Loam,5.7,162,56,116,12.8,2204,85.7,Medium,10.2,887.54,2.193
2021,Cotton,Alluvial,8.64,115,24,82,16.1,844,52.1,High,6.3,184.86,0.457
2026,Groundnut,Clay Loam,8.39,61,69,76,16.9,802,75.4,Medium,4.5,359.14,0.887
2024,Tomato,Saline,8.44,159,71,91,18.5,979,71.4,High,5.9,2986.69,7.38
2020,Maize,Loam,5.44,192,50,72,14.3,1353,82.2,High,6.5,635.73,1.571
2021,Maize,Loam,5.54,192,74,33,28.0,1428,83.0,High,11.3,1379.1,3.408
2020,Soybean,Alluvial,7.23,95,56,16,13.3,426,47.8,Medium,11.9,299.97,0.741
2026,Mustard,Clay Loam,5.21,99,42,48,29.0,851,63.6,High,10.6,328.48,0.812
2024,Rice,Clay Loam,7.76,98,55,65,10.5,744,58.4,High,10.0,374.2,0.925
2026,Tea,Silt Loam,5.94,178,10,60,35.1,2815,87.4,Low,4.1,222.87,0.551
2025,Sunflower,Peaty,7.23,73,50,58,19.7,1193,58.1,High,4.7,712.43,1.76
2024,Tomato,Peaty,5.47,222,71,122,12.2,930,89.4,Medium,4.1,3283.59,8.114
2023,Cotton,Sandy Loam,7.27,39,50,30,21.8,253,43.7,Low,7.2,186.1,0.46
2026,Potato,Black Soil,8.38,132,62,79,14.0,558,90.4,High,5.7,3830.58,9.466
2023,Coffee,Red Soil,5.86,145,10,111,38.5,2137,44.4,Medium,5.8,177.16,0.438
2024,Apple,Sandy Loam,7.97,107,69,118,36.0,686,90.7,Medium,4.9,1042.7,2.577
2020,Mustard,Peaty,6.72,31,45,19,39.8,443,31.7,High,4.4,276.24,0.683
2025,Apple,Silt Loam,7.27,82,20,114,13.1,693,40.0,High,8.3,5006.12,12.37
2023,Potato,Silt Loam,4.7,157,86,134,17.5,1027,62.1,Medium,9.8,8438.14,20.851
2026,Rice,Saline,5.43,91,50,70,24.4,1299,93.4,High,7.4,1233.43,3.048
2021,Garlic,Red Soil,7.16,67,30,50,37.5,1014,32.8,Medium,10.4,1412.6,3.491
2024,Tea,Peaty,6.59,131,39,82,18.7,1695,59.4,Medium,8.8,596.78,1.475
2025,Soybean,Silt Loam,7.18,58,47,88,24.9,1132,89.1,Low,9.6,1242.9,3.071
2024,Onion,Silt Loam,8.77,78,71,74,15.1,831,35.9,High,8.8,3893.81,9.622
2026,Apple,Laterite,6.43,82,65,86,37.9,936,57.2,Low,5.8,2216.55,5.477
2023,Tomato,Silt Loam,7.62,166,14,87,36.5,757,75.8,Low,9.4,2702.56,6.678
2023,Sugarcane,Red Soil,5.8,234,89,86,26.5,2046,88.9,High,6.5,14327.96,35.405
2023,Watermelon,Saline,4.5,111,46,110,39.5,566,73.5,High,10.6,2151.88,5.317
2026,Tomato,Laterite,5.58,220,115,163,22.6,669,30.3,Medium,6.1,9214.3,22.769
2022,Chickpea,Red Soil,5.68,10,73,10,26.4,258,64.5,High,5.6,168.81,0.417
2022,Barley,Silt Loam,6.64,56,106,31,11.8,368,37.7,Medium,4.7,692.75,1.712
2025,Wheat,Peaty,7.39,105,54,37,15.2,340,43.2,Medium,10.2,898.59,2.22
2024,Banana,Red Soil,8.66,226,57,230,21.9,1138,65.5,Low,8.7,7577.68,18.725
2024,Rice,Clay Loam,7.04,116,33,69,11.1,1584,72.2,Medium,11.1,841.9,2.08
2023,Tea,Red Soil,6.25,112,27,61,29.2,2356,63.1,Low,5.4,304.32,0.752
2025,Sunflower,Silt Loam,6.78,120,79,37,11.2,150,66.4,Medium,9.2,310.48,0.767
2021,Maize,Clay Loam,8.45,159,50,68,21.1,847,49.9,Low,5.4,888.81,2.196
2025,Rice,Clay Loam,5.18,79,37,42,37.8,1265,46.1,Medium,11.2,777.01,1.92
2026,Onion,Clay Loam,7.22,120,91,73,36.1,492,31.9,Medium,8.7,3368.28,8.323
2022,Potato,Clay Loam,8.46,139,69,64,32.4,287,30.2,Medium,7.9,1099.5,2.717
2025,Cotton,Loam,4.69,90,58,10,24.3,798,40.6,Low,4.7,255.02,0.63
2026,Watermelon,Red Soil,5.84,138,60,121,17.6,216,64.6,Low,6.4,2010.72,4.969
2021,Tomato,Peaty,7.06,142,49,124,38.2,710,48.7,Low,9.4,4147.82,10.249
2021,Chickpea,Black Soil,5.08,14,25,10,33.3,357,41.7,Low,8.9,122.75,0.303
2022,Potato,Silt Loam,8.37,195,73,62,14.9,419,63.7,Medium,11.4,3872.02,9.568
2022,Groundnut,Red Soil,7.58,10,34,49,15.3,733,51.7,High,9.0,332.91,0.823
2025,Soybean,Red Soil,5.33,25,80,25,33.0,277,41.3,Low,7.1,150.79,0.373
2022,Cotton,Red Soil,6.0,83,51,78,13.0,807,69.2,Low,11.5,300.39,0.742
2022,Banana,Sandy Loam,8.24,200,14,233,30.6,1366,57.9,Medium,9.0,6315.42,15.606
2025,Barley,Black Soil,7.58,125,10,54,22.2,150,75.4,Medium,5.0,319.95,0.791
2022,Sunflower,Sandy Loam,4.68,125,82,61,11.8,264,79.4,High,5.0,138.48,0.342
2026,Tea,Saline,8.28,206,57,129,13.9,922,50.5,High,10.2,250.51,0.619
2020,Tea,Saline,4.94,125,92,67,30.5,1978,71.8,High,4.7,265.39,0.656
2026,Groundnut,Laterite,6.91,53,72,131,34.5,150,42.9,Low,10.8,382.42,0.945
2025,Wheat,Red Soil,8.5,89,29,59,34.3,1185,32.7,Medium,11.4,332.03,0.82
2024,Apple,Silt Loam,4.84,91,31,101,25.0,1324,94.4,Medium,6.1,1930.98,4.772
2025,Tomato,Loam,6.35,130,120,81,39.5,968,50.5,Medium,8.8,5577.51,13.782
2021,Wheat,Alluvial,8.34,66,82,49,12.9,273,65.1,Medium,10.1,413.33,1.021
2020,Maize,Loam,8.4,111,115,44,11.8,464,71.7,Low,7.5,260.01,0.642
2020,Coffee,Sandy Loam,5.44,140,33,109,30.0,1535,63.4,Low,11.7,335.4,0.829
2022,Coffee,Black Soil,7.03,156,67,87,27.0,1089,82.6,High,5.1,318.05,0.786
2026,Chickpea,Saline,6.65,42,76,40,19.4,709,44.9,High,10.7,786.19,1.943
2026,Maize,Silt Loam,7.74,177,36,68,17.2,551,67.2,High,5.4,913.35,2.257
2023,Chickpea,Black Soil,4.68,28,62,39,10.2,504,93.6,Medium,9.3,246.58,0.609
2024,Soybean,Laterite,7.33,64,66,67,21.5,696,45.1,Medium,4.8,847.5,2.094
2021,Wheat,Silt Loam,5.55,147,76,79,17.2,558,75.5,Low,6.4,1265.84,3.128
2026,Soybean,Loam,8.77,10,76,27,28.2,970,89.6,High,11.6,417.8,1.032
2025,Cotton,Saline,6.4,153,38,10,29.6,1192,88.8,Low,6.3,348.95,0.862
2021,Garlic,Sandy Loam,4.95,61,16,37,36.0,363,57.2,Low,11.7,416.68,1.03
2026,Barley,Black Soil,6.93,98,63,10,25.5,150,90.4,Medium,11.3,421.5,1.042
2026,Banana,Laterite,5.17,132,65,248,32.4,1499,88.0,Medium,8.7,9724.11,24.029
2025,Cotton,Alluvial,7.63,158,88,10,37.7,1249,81.0,Medium,4.9,343.73,0.849
2022,Garlic,Laterite,5.13,56,29,76,17.7,759,30.3,High,7.4,1851.83,4.576
2026,Barley,Alluvial,6.54,142,54,10,16.6,1161,84.0,High,8.4,979.74,2.421
2025,Garlic,Red Soil,8.19,76,10,97,19.3,309,64.8,Medium,12.0,1207.18,2.983
2025,Potato,Clay Loam,8.43,59,96,159,12.1,868,71.6,Medium,6.1,2637.17,6.517
2021,Maize,Peaty,5.13,120,89,10,22.8,897,58.2,Medium,9.2,795.02,1.965
2026,Soybean,Loam,7.53,46,48,62,21.2,809,31.3,Low,6.1,790.77,1.954
2021,Mustard,Black Soil,6.66,59,31,15,19.9,354,71.8,High,5.3,802.45,1.983
2026,Maize,Alluvial,7.49,152,78,86,39.3,987,84.9,Medium,6.2,909.66,2.248
2024,Barley,Silt Loam,8.14,66,14,44,38.6,1053,44.8,Low,11.0,366.77,0.906
2024,Banana,Laterite,6.15,171,34,239,35.8,1766,88.5,High,5.6,8803.63,21.754
2023,Tea,Saline,4.62,145,53,60,22.4,1757,86.4,Medium,11.8,732.64,1.81
2021,Wheat,Black Soil,6.85,117,66,14,35.6,150,93.5,High,12.0,291.54,0.72
2020,Garlic,Clay Loam,7.77,66,33,74,36.3,574,36.9,High,4.5,1014.86,2.508
2022,Onion,Loam,8.06,133,55,109,19.7,889,74.9,Low,6.9,5826.02,14.396
2022,Groundnut,Loam,8.0,54,72,26,39.8,710,40.5,High,8.8,324.54,0.802
2023,Banana,Alluvial,6.97,181,52,230,34.4,1936,51.4,Medium,9.3,19440.32,48.038
2020,Sunflower,Loam,7.38,80,66,71,32.7,178,80.8,Medium,9.2,435.37,1.076
2026,Cotton,Laterite,5.13,98,26,12,17.0,734,84.2,High,11.6,153.71,0.38
2023,Banana,Silt Loam,8.27,171,72,237,29.2,1650,59.2,High,8.6,14022.64,34.651
2025,Apple,Silt Loam,6.12,110,59,66,20.9,688,68.3,Low,5.0,3869.77,9.562
2026,Sugarcane,Saline,5.85,229,50,72,28.6,1494,78.1,High,9.9,14010.23,34.62
2025,Onion,Peaty,6.97,61,19,58,39.9,876,31.7,Medium,4.5,2087.3,5.158
2024,Rice,Loam,6.33,124,38,55,32.2,1082,33.7,Low,6.2,1086.49,2.685
2025,Barley,Clay Loam,7.64,146,65,25,38.6,150,60.3,High,5.9,229.43,0.567
2025,Rice,Red Soil,7.67,145,47,55,33.3,966,43.9,Medium,6.4,572.08,1.414
2026,Cotton,Red Soil,6.44,109,26,39,22.6,1094,30.4,Medium,4.9,420.42,1.039
2020,Garlic,Black Soil,5.13,116,53,85,26.6,470,78.7,Low,8.7,1539.55,3.804
2020,Tomato,Black Soil,8.74,150,94,138,29.8,150,52.9,Low,11.1,2201.79,5.441
2024,Maize,Peaty,6.71,129,58,79,31.4,676,81.1,High,10.2,1703.14,4.209
2025,Garlic,Saline,7.03,52,53,10,17.8,290,88.7,Medium,5.9,1062.42,2.625
2023,Watermelon,Black Soil,6.48,156,86,75,17.3,476,74.2,Low,11.2,6851.72,16.931
2022,Barley,Loam,7.32,19,53,10,12.0,259,51.8,Low,9.4,395.6,0.978
2026,Garlic,Peaty,8.45,83,19,45,38.0,699,64.2,High,8.0,792.66,1.959
2025,Sunflower,Sandy Loam,5.07,82,76,10,15.3,540,62.9,Medium,10.1,236.48,0.584
2024,Sugarcane,Peaty,5.18,245,99,110,32.6,1952,43.2,Low,8.7,14975.6,37.005
2020,Tea,Laterite,8.67,169,32,91,14.1,1475,41.0,Medium,7.1,276.38,0.683
2022,Potato,Red Soil,7.1,185,98,71,15.8,883,56.2,Medium,9.5,5455.81,13.482
2021,Apple,Alluvial,4.7,75,58,129,16.1,790,61.3,Low,7.9,4233.78,10.462
2020,Barley,Sandy Loam,5.83,35,34,12,34.7,633,65.3,Medium,11.8,290.48,0.718
2026,Tea,Clay Loam,7.76,128,69,95,22.9,1789,37.9,Low,9.4,534.57,1.321
2024,Coffee,Red Soil,6.82,115,28,116,23.6,2109,87.6,High,8.3,514.59,1.272
2022,Mustard,Clay Loam,5.77,122,56,74,23.0,150,76.4,High,8.4,489.41,1.209
2024,Tomato,Silt Loam,7.87,143,90,143,32.5,627,91.4,High,5.8,3274.26,8.091
2025,Coffee,Black Soil,5.5,161,64,138,27.1,1375,36.2,Medium,11.6,593.48,1.467
2023,Banana,Saline,7.29,260,54,254,18.7,2771,30.2,Medium,4.5,7898.81,19.518
2020,Soybean,Alluvial,6.76,10,27,45,14.9,1051,57.1,High,8.8,366.05,0.905
2025,Rice,Red Soil,7.58,141,21,48,27.5,1364,78.1,Low,4.8,725.67,1.793
2023,Tea,Clay Loam,7.22,106,100,95,39.8,1700,87.3,High,9.2,248.8,0.615
2025,Watermelon,Loam,5.43,66,77,109,38.4,180,68.3,Medium,10.4,2094.1,5.175
2020,Onion,Silt Loam,4.92,64,42,116,22.2,903,43.5,Low,5.5,3134.5,7.746
2023,Coffee,Alluvial,7.45,171,31,134,31.5,1298,64.8,High,4.0,189.13,0.467
2025,Cotton,Clay Loam,4.87,95,18,23,30.3,1094,84.0,Medium,6.1,317.91,0.786
2022,Tea,Black Soil,8.53,110,32,19,37.9,2049,92.4,Low,6.6,122.26,0.302
2023,Onion,Loam,4.77,128,26,39,30.7,208,72.8,High,8.3,894.26,2.21
2023,Sunflower,Sandy Loam,6.87,84,39,83,11.2,150,43.2,High,5.6,139.45,0.345
2023,Watermelon,Black Soil,7.34,132,109,85,30.0,295,81.0,Low,11.6,8373.13,20.69
2025,Sugarcane,Silt Loam,7.47,202,93,90,19.5,1634,32.8,Low,11.8,12915.74,31.915
2020,Chickpea,Red Soil,5.29,35,111,38,24.2,150,58.7,Low,4.7,162.82,0.402
2022,Wheat,Laterite,6.14,126,52,22,25.9,481,89.6,Medium,11.3,1085.74,2.683
2025,Chickpea,Sandy Loam,6.65,10,67,14,37.9,1117,89.5,Medium,11.1,173.86,0.43
2024,Onion,Clay Loam,5.41,88,10,82,29.3,150,86.9,Medium,5.7,612.37,1.513
2024,Barley,Alluvial,8.3,31,40,10,19.3,670,78.2,Low,8.3,875.89,2.164
2022,Tomato,Clay Loam,7.62,122,66,119,39.1,647,64.6,High,10.2,4150.01,10.255
2024,Groundnut,Red Soil,8.67,10,103,42,10.5,829,79.3,High,8.3,193.23,0.477
2020,Chickpea,Clay Loam,6.14,10,75,39,13.3,416,36.8,High,4.3,216.28,0.534
2024,Garlic,Black Soil,7.73,32,46,66,13.3,583,72.3,Low,5.3,1542.44,3.811
2021,Wheat,Loam,7.02,139,29,50,32.1,698,67.5,Low,9.4,682.92,1.688
2021,Wheat,Loam,7.06,117,48,42,21.9,548,95.0,Medium,4.7,1393.3,3.443
2021,Tea,Silt Loam,5.6,144,48,55,31.6,1330,49.4,Low,11.0,299.55,0.74
2026,Chickpea,Saline,5.79,10,32,10,28.6,747,30.6,High,9.2,206.36,0.51
2023,Barley,Laterite,6.86,67,40,69,26.7,621,48.2,Medium,6.1,663.09,1.639
2021,Banana,Loam,5.56,168,39,243,39.6,2090,53.1,Medium,10.1,8401.0,20.759
2023,Barley,Laterite,6.85,83,62,43,17.1,1080,34.4,High,6.0,940.18,2.323
2025,Wheat,Alluvial,7.79,123,68,69,36.6,707,36.7,High,10.5,685.25,1.693
2023,Chickpea,Alluvial,8.11,17,56,20,31.6,234,60.9,High,10.1,405.85,1.003
2024,Chickpea,Sandy Loam,5.91,10,65,16,32.4,150,41.2,Medium,4.4,80.0,0.198
2021,Potato,Peaty,6.04,204,43,141,17.8,1017,82.6,Low,11.3,8599.0,21.249
2024,Coffee,Alluvial,4.64,182,39,140,16.3,1675,44.7,Medium,9.0,619.5,1.531
2026,Garlic,Alluvial,8.29,10,66,84,31.7,408,88.9,Low,11.7,455.04,1.124
2026,Barley,Peaty,8.39,24,95,40,26.0,1202,55.1,Low,6.2,307.95,0.761
2024,Mustard,Clay Loam,8.26,16,66,62,27.4,192,56.1,Medium,9.1,194.39,0.48
2021,Chickpea,Clay Loam,4.7,10,75,52,11.8,150,82.1,Medium,4.4,80.0,0.198
2024,Mustard,Saline,7.08,81,67,14,20.8,150,59.4,High,7.4,343.81,0.85
2021,Banana,Loam,5.53,244,49,253,15.1,1088,52.6,Low,4.9,3942.39,9.742
2022,Tea,Sandy Loam,7.27,175,48,54,21.8,1778,84.6,Medium,5.1,356.49,0.881
2023,Apple,Silt Loam,8.41,159,56,95,11.6,543,61.7,Medium,10.7,3507.2,8.666
2023,Sunflower,Red Soil,5.2,83,71,43,22.2,280,68.4,Low,5.9,245.92,0.608
2023,Cotton,Sandy Loam,5.7,107,22,19,29.3,1016,79.8,High,8.3,399.49,0.987
2023,Onion,Peaty,5.11,79,51,41,15.9,150,49.6,Low,6.6,1074.72,2.656
2020,Chickpea,Clay Loam,8.53,35,51,20,27.9,151,73.6,Low,11.7,215.65,0.533
2026,Coffee,Sandy Loam,4.87,165,12,127,29.9,1898,36.7,Medium,9.3,285.92,0.707
2021,Cotton,Sandy Loam,6.9,88,47,18,21.2,1064,89.1,High,9.1,561.82,1.388
2020,Potato,Laterite,6.64,151,55,104,32.8,469,80.1,Low,10.3,2444.31,6.04
2020,Mustard,Clay Loam,7.55,65,16,34,31.3,150,77.8,High,8.4,207.71,0.513
2023,Soybean,Silt Loam,8.43,68,83,61,11.2,552,79.2,Low,5.7,213.81,0.528
2025,Groundnut,Peaty,6.06,25,80,43,35.6,708,61.0,Medium,6.5,624.09,1.542
2022,Onion,Alluvial,5.92,97,67,87,36.9,409,58.5,High,9.5,2688.08,6.642
2024,Wheat,Loam,6.81,150,96,12,26.6,206,80.8,Low,5.5,339.56,0.839
2024,Apple,Peaty,6.0,83,30,78,33.2,1188,32.7,Low,8.9,2944.29,7.275
2021,Cotton,Loam,6.96,90,79,17,32.8,625,77.0,Low,5.9,433.89,1.072
2023,Maize,Saline,6.43,150,85,20,28.9,927,48.3,High,4.7,1072.11,2.649
2026,Tomato,Peaty,6.76,167,82,111,14.3,749,57.9,Medium,10.4,9354.59,23.116
2021,Tea,Red Soil,5.44,135,65,75,33.9,2225,54.2,Low,11.6,459.47,1.135
2023,Cotton,Peaty,8.09,169,90,32,37.4,1412,51.5,Low,4.4,288.44,0.713
2024,Onion,Laterite,6.02,66,39,55,33.4,828,46.2,High,6.3,1635.19,4.041
2023,Maize,Sandy Loam,6.57,135,73,49,10.9,851,69.8,Low,4.5,689.17,1.703
2020,Cotton,Saline,6.02,49,42,13,17.4,747,76.3,Low,5.1,125.64,0.31
2024,Tomato,Clay Loam,6.56,176,94,148,30.0,638,90.1,Medium,5.4,9000.08,22.24
2026,Watermelon,Sandy Loam,4.92,173,77,68,17.4,1162,45.5,Low,11.4,2870.64,7.093
2025,Chickpea,Peaty,7.84,10,58,10,14.4,150,93.3,Medium,9.8,199.48,0.493
2025,Tea,Black Soil,7.55,82,17,66,28.5,1550,41.6,Low,6.4,178.19,0.44
2023,Groundnut,Saline,6.95,94,49,52,35.7,733,59.8,Medium,11.2,661.6,1.635
2026,Banana,Sandy Loam,6.43,201,66,236,38.7,1958,30.9,Medium,11.4,12031.5,29.73
2020,Sugarcane,Alluvial,6.51,237,73,86,29.2,1547,60.7,Medium,9.4,32955.02,81.434
2021,Chickpea,Silt Loam,5.07,52,41,10,37.2,612,36.1,Medium,7.8,165.04,0.408
2022,Wheat,Peaty,7.02,176,32,61,35.0,699,31.5,Medium,7.0,559.85,1.383
2020,Sugarcane,Laterite,7.67,211,88,66,16.6,1111,57.6,High,5.9,4687.27,11.582
2025,Banana,Black Soil,6.67,273,63,247,25.7,1508,35.4,Medium,4.2,19742.51,48.785
2021,Wheat,Alluvial,7.91,82,42,76,39.7,934,68.6,Medium,4.8,355.81,0.879
2025,Garlic,Clay Loam,7.29,72,91,106,38.3,593,31.2,Low,5.9,1365.9,3.375
2025,Banana,Clay Loam,6.56,197,56,207,30.3,1350,62.2,High,7.2,21216.62,52.427
2023,Cotton,Saline,6.93,92,83,20,12.4,646,87.9,Medium,9.8,238.23,0.589
2026,Mustard,Alluvial,7.52,32,97,14,39.6,866,91.6,Medium,9.7,350.25,0.865
2023,Tea,Sandy Loam,8.31,172,95,21,35.9,1582,35.7,Low,5.3,96.79,0.239
2021,Chickpea,Sandy Loam,6.36,17,42,29,21.2,970,42.1,Low,10.9,549.69,1.358
2026,Garlic,Clay Loam,4.57,122,52,36,19.6,591,51.6,Low,5.7,1994.43,4.928
2023,Garlic,Clay Loam,8.02,47,48,18,38.7,672,67.4,Low,11.7,966.91,2.389
2021,Soybean,Alluvial,6.58,71,49,34,11.4,239,54.8,Medium,8.6,237.29,0.586
2024,Groundnut,Loam,4.66,10,36,57,14.3,919,94.2,High,10.2,215.59,0.533
2025,Mustard,Alluvial,7.59,104,17,25,39.1,655,92.3,Medium,7.3,369.48,0.913
2025,Coffee,Laterite,7.5,142,39,160,28.6,665,36.5,Low,5.4,107.35,0.265
2024,Cotton,Red Soil,6.28,149,70,38,15.6,981,51.5,Medium,8.3,340.94,0.842
2024,Sugarcane,Silt Loam,8.16,280,69,92,38.8,1456,73.3,High,10.6,12535.55,30.976
2021,Onion,Saline,8.07,77,59,64,38.3,249,35.4,High,9.1,851.65,2.104
2022,Garlic,Saline,5.51,77,61,35,13.1,305,91.8,Medium,6.1,925.99,2.288
2024,Chickpea,Black Soil,7.04,30,52,12,29.6,436,92.7,Medium,10.7,527.82,1.304
2024,Maize,Alluvial,8.58,129,69,63,26.2,584,34.4,Low,5.8,767.46,1.896
2025,Barley,Loam,6.55,115,38,41,14.7,150,73.9,Medium,4.7,488.44,1.207
2025,Chickpea,Peaty,7.67,26,39,25,33.7,150,39.3,High,11.5,197.67,0.488
2022,Garlic,Clay Loam,8.29,122,43,81,33.9,1257,50.8,High,5.3,602.57,1.489
2026,Potato,Peaty,8.34,168,96,150,25.0,150,40.9,Low,4.4,1297.19,3.205
2024,Soybean,Clay Loam,7.81,52,53,57,39.6,488,84.6,Low,8.0,264.91,0.655
2021,Coffee,Saline,6.78,96,36,141,27.0,1643,63.2,Low,10.0,386.2,0.954
2020,Banana,Alluvial,7.26,225,70,247,17.7,1248,51.0,High,9.7,13202.19,32.623
2021,Barley,Peaty,8.53,64,66,61,10.7,466,67.8,High,5.9,405.38,1.002
2023,Maize,Silt Loam,6.36,166,99,21,11.7,1158,55.8,Medium,5.4,646.03,1.596
2022,Barley,Red Soil,6.49,49,34,10,28.7,724,46.4,High,5.7,411.95,1.018
2023,Barley,Laterite,6.97,121,42,19,26.1,534,87.6,Low,10.9,879.08,2.172
2022,Barley,Sandy Loam,6.27,58,89,26,38.5,150,60.4,Medium,4.6,147.93,0.366
2025,Potato,Silt Loam,5.74,133,77,160,16.7,281,52.6,Medium,8.2,7132.61,17.625
2020,Groundnut,Alluvial,4.52,10,34,80,24.9,802,42.1,High,4.5,432.91,1.07
2024,Apple,Saline,6.63,78,15,114,26.1,1393,85.9,High,6.5,1307.77,3.232
2026,Tomato,Black Soil,7.9,183,89,142,38.7,150,47.6,Low,7.8,1453.7,3.592
2020,Potato,Loam,7.88,167,37,138,34.5,556,59.0,Low,7.2,1517.84,3.751
2022,Banana,Black Soil,7.93,207,91,259,28.7,1637,81.8,Medium,4.0,13204.55,32.629
2025,Chickpea,Red Soil,7.33,19,60,16,13.4,1147,77.3,Medium,4.1,319.31,0.789
2026,Onion,Black Soil,4.53,99,72,63,35.5,150,90.3,High,4.9,626.49,1.548
2026,Tea,Loam,5.46,189,10,78,12.8,1501,67.1,High,8.7,594.18,1.468
2023,Maize,Saline,7.36,174,70,36,21.4,150,79.7,Medium,10.9,636.94,1.574
2023,Maize,Sandy Loam,6.44,136,73,55,26.5,756,72.4,Medium,6.5,1659.43,4.101
2021,Banana,Laterite,7.05,180,82,269,31.6,1470,44.7,Low,4.0,10171.31,25.134
2026,Banana,Silt Loam,8.15,215,66,283,23.2,2195,71.6,Low,5.6,10955.34,27.071
2024,Maize,Loam,6.14,170,53,52,30.9,522,88.3,Low,6.7,817.93,2.021
2024,Onion,Red Soil,6.99,147,10,82,12.7,416,78.5,Low,10.2,2492.07,6.158
2023,Coffee,Alluvial,5.16,106,53,89,24.3,1133,57.4,Low,11.5,447.51,1.106
2025,Sunflower,Laterite,7.38,97,86,10,37.4,150,89.9,Medium,11.8,142.57,0.352
2020,Groundnut,Saline,5.95,56,67,55,20.5,963,40.8,Medium,11.1,818.76,2.023
2020,Rice,Alluvial,6.83,153,47,78,35.4,1018,59.6,Low,8.0,974.56,2.408
2024,Banana,Clay Loam,6.96,212,65,247,37.2,2076,58.9,Medium,11.2,13760.7,34.003
2023,Mustard,Sandy Loam,8.41,104,79,56,13.3,729,75.8,High,8.8,543.24,1.342
2024,Sugarcane,Clay Loam,6.27,254,87,65,39.5,2098,71.8,High,8.0,14787.47,36.541
2025,Chickpea,Red Soil,5.76,72,51,35,22.6,150,34.9,Low,8.7,236.69,0.585
2023,Mustard,Clay Loam,8.56,65,35,21,32.1,150,47.7,Medium,7.5,108.7,0.269
2020,Banana,Silt Loam,5.27,214,21,243,37.1,1742,69.3,High,4.5,5222.06,12.904
2024,Watermelon,Peaty,7.61,91,93,57,16.0,461,30.0,High,11.7,4722.41,11.669
2023,Cotton,Saline,6.95,108,61,29,21.5,774,35.5,Low,4.1,432.49,1.069
2020,Tomato,Red Soil,8.11,169,98,126,17.9,1098,71.8,High,7.5,4231.49,10.456
2024,Mustard,Sandy Loam,7.0,73,63,53,18.3,426,60.4,Medium,10.8,1221.45,3.018
2021,Coffee,Clay Loam,6.33,187,61,120,33.7,2127,31.7,High,9.4,352.03,0.87
2020,Tea,Silt Loam,8.77,108,53,66,14.9,1895,52.7,Low,9.2,381.2,0.942
2023,Sugarcane,Red Soil,4.63,213,103,125,38.3,2148,63.6,High,6.6,7046.94,17.413
2025,Cotton,Peaty,6.44,70,32,11,29.7,808,68.2,High,9.7,583.2,1.441
2026,Groundnut,Sandy Loam,7.46,27,43,20,10.3,527,34.6,High,7.6,336.21,0.831
2024,Garlic,Alluvial,5.27,31,101,49,25.6,704,91.2,High,8.9,1631.95,4.033
2026,Mustard,Alluvial,5.69,34,67,49,27.4,294,36.7,Low,6.5,245.57,0.607
2020,Onion,Alluvial,6.98,72,46,71,28.5,708,89.1,High,6.8,3754.1,9.277
2024,Watermelon,Loam,5.27,81,22,97,18.9,769,33.9,Low,7.5,2946.1,7.28
2020,Tea,Clay Loam,4.76,169,20,63,26.1,1787,41.6,High,6.9,540.1,1.335
2024,Sugarcane,Black Soil,8.76,224,125,136,10.7,2230,35.2,Low,9.2,7299.44,18.037
2020,Rice,Loam,5.11,134,10,45,38.7,2631,94.0,High,4.9,337.81,0.835
2020,Cotton,Loam,6.53,122,51,34,16.7,745,58.0,Low,9.4,425.48,1.051
2026,Sunflower,Alluvial,5.33,97,79,13,32.4,513,36.3,High,5.4,316.71,0.783
2020,Wheat,Peaty,7.19,122,81,38,32.1,956,31.0,Medium,7.9,644.89,1.594
2020,Soybean,Laterite,7.75,93,67,10,25.1,734,94.6,Medium,8.6,584.48,1.444
2025,Garlic,Red Soil,8.03,160,38,25,34.6,1150,42.5,Low,5.3,663.35,1.639
2023,Sunflower,Red Soil,5.43,137,90,47,22.3,326,84.0,Medium,10.4,572.51,1.415
2023,Mustard,Loam,6.96,72,50,10,39.4,315,44.5,High,9.4,473.72,1.171
2022,Tea,Red Soil,8.79,77,11,113,24.3,1765,67.6,High,10.4,320.46,0.792
2022,Potato,Peaty,7.31,186,56,106,31.3,150,32.8,Low,6.6,667.83,1.65
2021,Sunflower,Laterite,8.46,92,57,43,19.1,223,82.2,Medium,8.1,190.21,0.47
2026,Potato,Sandy Loam,7.21,161,108,100,32.0,304,87.2,Low,4.4,1055.67,2.609
2025,Onion,Silt Loam,6.86,86,51,86,23.5,478,56.9,Medium,8.2,7132.39,17.624
2022,Cotton,Black Soil,5.76,90,22,55,26.1,759,59.1,Low,8.7,490.42,1.212
2021,Coffee,Sandy Loam,7.26,133,25,129,17.7,1753,74.2,Medium,7.6,359.27,0.888
2025,Cotton,Clay Loam,4.83,175,57,29,22.6,375,81.6,High,7.9,230.95,0.571
2024,Mustard,Saline,6.09,69,29,35,24.6,1246,50.2,Low,6.1,345.06,0.853
2026,Apple,Loam,6.63,126,65,119,35.4,555,68.9,High,11.4,3554.87,8.784
2022,Potato,Peaty,8.65,177,72,102,11.2,150,76.8,Low,11.6,1636.07,4.043
2024,Soybean,Clay Loam,7.33,24,77,84,21.5,1010,82.8,Medium,4.0,761.9,1.883
2022,Coffee,Red Soil,5.22,199,12,151,23.6,1487,70.4,Low,10.7,367.95,0.909
2025,Coffee,Silt Loam,6.16,149,72,116,22.1,2061,92.6,High,7.0,771.05,1.905
2021,Rice,Saline,4.66,115,31,59,38.7,977,48.9,Low,11.5,243.31,0.601
2026,Chickpea,Loam,6.93,18,61,39,24.8,150,34.0,Medium,8.2,422.97,1.045
2022,Soybean,Loam,6.69,60,27,19,19.9,609,48.8,High,9.7,883.4,2.183
2023,Potato,Peaty,5.14,120,115,101,30.2,1471,62.8,Medium,9.2,3073.38,7.594
2024,Cotton,Silt Loam,6.78,144,42,20,30.8,150,79.4,Low,4.0,251.52,0.622
2021,Onion,Peaty,6.12,64,37,53,23.1,150,73.7,Low,7.6,2235.34,5.524
2024,Sunflower,Saline,4.84,131,63,19,38.8,580,45.7,Low,6.2,143.89,0.356
2025,Rice,Silt Loam,5.02,77,57,38,38.6,1313,84.0,Medium,4.9,477.05,1.179
2026,Watermelon,Red Soil,7.07,136,67,129,25.0,213,66.9,Medium,11.6,6938.79,17.146
2023,Soybean,Clay Loam,4.53,26,84,75,38.4,483,78.6,High,5.4,181.0,0.447
2022,Mustard,Red Soil,5.97,59,41,10,37.6,521,69.0,Low,8.7,273.64,0.676
2022,Banana,Alluvial,5.55,216,89,293,38.7,1367,63.6,High,11.5,9949.86,24.587
2022,Garlic,Laterite,6.17,167,44,80,22.8,150,49.4,Low,4.8,1121.45,2.771
2021,Sugarcane,Silt Loam,8.5,251,103,106,38.4,1682,90.6,Medium,4.3,9049.87,22.363
2024,Soybean,Red Soil,6.58,81,73,44,23.2,1317,35.3,Low,10.1,1161.64,2.87
2025,Barley,Silt Loam,6.99,106,50,15,10.7,1155,77.3,Low,11.7,821.43,2.03
2024,Garlic,Loam,8.44,76,18,76,34.6,510,75.3,Medium,8.1,852.91,2.108
2026,Watermelon,Saline,8.07,81,67,109,27.8,150,32.8,Medium,7.5,2458.81,6.076
2023,Onion,Sandy Loam,6.23,107,29,121,11.1,481,91.5,Low,11.0,3027.36,7.481
2026,Wheat,Loam,7.39,95,75,63,26.4,494,34.4,High,8.1,1256.93,3.106
2024,Groundnut,Alluvial,4.98,81,10,80,20.2,358,80.6,Medium,6.9,274.71,0.679
2026,Wheat,Laterite,5.72,118,44,48,27.8,393,76.5,High,5.8,601.23,1.486
2021,Tomato,Black Soil,5.38,209,72,137,12.8,1032,69.5,Medium,8.9,5262.66,13.004
2025,Mustard,Loam,6.8,29,58,10,28.1,759,53.4,Medium,9.7,512.39,1.266
2025,Watermelon,Alluvial,6.17,99,35,77,17.3,276,40.6,Low,8.9,3383.09,8.36
2020,Barley,Laterite,7.01,60,73,43,15.1,897,32.0,Medium,6.3,893.66,2.208
2022,Tea,Saline,7.0,122,10,67,35.1,2339,67.8,Low,9.8,118.2,0.292
2022,Onion,Alluvial,6.02,56,66,57,33.9,257,43.7,Low,8.5,1184.83,2.928
2026,Watermelon,Alluvial,6.76,78,47,117,10.3,245,46.0,Medium,6.4,2952.59,7.296
2024,Soybean,Laterite,6.82,12,50,40,32.5,732,40.5,High,11.5,596.71,1.475
2026,Wheat,Saline,7.55,80,71,22,23.8,586,51.2,High,11.9,958.99,2.37
2026,Banana,Sandy Loam,5.65,127,89,227,31.5,1745,89.9,High,5.3,12744.22,31.492
2026,Potato,Laterite,8.32,122,60,107,28.6,667,81.7,High,9.2,2213.63,5.47
2023,Rice,Silt Loam,7.83,121,37,29,30.4,1240,43.0,Medium,5.8,756.39,1.869
2026,Maize,Silt Loam,7.3,152,51,48,21.2,432,41.9,Low,11.8,1249.58,3.088
2026,Maize,Alluvial,6.14,238,63,105,35.3,1207,87.6,Low,9.9,1252.98,3.096
2020,Potato,Red Soil,6.71,136,71,159,25.9,497,79.1,Low,6.7,3504.87,8.661
2020,Tea,Laterite,4.83,129,41,105,34.5,1486,86.1,High,8.2,358.51,0.886
2023,Soybean,Black Soil,6.5,37,50,45,30.1,678,49.3,Medium,4.7,843.71,2.085
2026,Watermelon,Silt Loam,8.12,101,31,62,29.6,150,56.1,High,8.9,3335.04,8.241
2024,Barley,Laterite,7.95,56,48,56,10.5,628,56.0,High,5.8,501.39,1.239
2020,Potato,Red Soil,6.25,146,95,108,37.2,712,67.0,Low,7.8,3738.83,9.239
2023,Maize,Clay Loam,6.06,85,57,61,36.1,260,50.2,High,7.7,357.42,0.883
2020,Watermelon,Sandy Loam,4.61,79,61,100,15.4,150,33.0,High,10.0,1115.28,2.756
2020,Barley,Saline,5.87,91,112,50,30.0,661,79.5,Low,7.6,447.15,1.105
2021,Cotton,Alluvial,8.22,114,27,30,37.9,836,63.8,Medium,9.2,407.28,1.006
2021,Maize,Sandy Loam,6.62,123,68,91,17.3,843,57.3,Low,11.9,1577.31,3.898
2023,Garlic,Alluvial,4.55,67,59,26,27.1,1305,38.7,Low,7.7,1045.57,2.584
2024,Banana,Sandy Loam,5.25,204,94,256,27.4,1423,36.9,Low,6.0,10361.18,25.603
2024,Maize,Sandy Loam,6.87,123,48,92,27.4,1371,60.8,Low,10.8,2245.34,5.548
2023,Banana,Saline,4.62,222,70,227,24.8,1441,53.9,High,11.1,10860.15,26.836
2022,Cotton,Saline,8.13,123,57,76,13.5,909,45.9,High,6.8,235.84,0.583
2024,Rice,Silt Loam,7.22,175,39,69,21.0,1809,30.9,Medium,4.9,1120.45,2.769
2024,Maize,Saline,7.26,154,22,60,21.2,955,54.9,Medium,11.7,1493.37,3.69
2021,Apple,Clay Loam,5.53,139,33,121,18.5,1073,89.8,Low,10.7,7372.87,18.219
2022,Watermelon,Red Soil,6.63,86,89,85,11.8,267,94.5,High,11.0,4365.76,10.788
2025,Tomato,Clay Loam,7.53,166,58,104,25.3,410,76.5,High,4.9,4958.4,12.252
2025,Sugarcane,Saline,7.97,186,104,60,10.5,2151,91.0,Medium,7.2,5187.61,12.819
2025,Wheat,Black Soil,8.36,44,57,44,24.9,585,61.3,Low,8.9,650.07,1.606
2024,Soybean,Loam,4.75,18,25,49,21.0,722,77.7,Medium,6.4,352.8,0.872
2026,Wheat,Laterite,4.62,183,36,10,23.7,446,68.6,Medium,8.8,549.92,1.359
2022,Onion,Red Soil,4.81,130,30,84,16.8,745,94.1,Low,7.3,3256.3,8.046
2025,Sunflower,Silt Loam,8.68,78,71,29,15.8,560,40.2,Medium,9.1,427.67,1.057
2021,Chickpea,Loam,5.31,10,58,19,29.6,882,52.4,Medium,9.4,254.05,0.628
2024,Sunflower,Black Soil,7.51,112,74,10,14.5,697,75.1,Low,10.1,453.44,1.12
2023,Coffee,Black Soil,5.13,142,65,90,35.2,1378,81.5,Low,7.1,201.86,0.499
2023,Wheat,Loam,7.93,94,41,26,18.2,481,53.7,Low,8.7,866.08,2.14
2023,Sugarcane,Alluvial,6.46,211,73,16,25.7,1365,63.0,Medium,6.7,10655.92,26.331
2026,Cotton,Red Soil,5.41,133,43,103,21.2,150,85.6,Medium,5.0,118.82,0.294
2021,Onion,Sandy Loam,7.35,54,44,79,34.7,412,48.6,Medium,10.8,1740.07,4.3
2021,Mustard,Peaty,8.34,93,57,60,35.2,478,63.9,Medium,4.9,295.64,0.731
2021,Sunflower,Silt Loam,7.84,105,47,51,21.2,692,41.5,Low,10.1,1116.34,2.759
2025,Tea,Laterite,6.98,163,53,81,29.4,2117,94.1,High,6.1,238.29,0.589
2022,Tomato,Black Soil,6.59,150,78,134,38.9,642,78.3,Low,7.1,4266.78,10.543
2026,Barley,Clay Loam,8.43,115,41,28,24.6,454,73.1,High,5.9,726.21,1.795
2022,Sunflower,Red Soil,8.59,86,54,38,28.0,941,72.4,Medium,4.6,425.67,1.052
2025,Sunflower,Clay Loam,6.47,39,48,57,16.1,425,56.8,High,10.3,620.97,1.534
2024,Tomato,Red Soil,7.79,172,79,87,22.1,541,44.4,Medium,5.1,5378.17,13.29
2023,Coffee,Sandy Loam,7.33,136,51,100,13.2,2057,52.5,High,6.5,221.2,0.547
2023,Barley,Sandy Loam,5.0,126,63,76,29.6,668,59.6,High,7.1,339.4,0.839
2026,Onion,Silt Loam,7.76,119,54,131,30.4,866,37.4,High,4.9,2773.46,6.853
2022,Garlic,Laterite,7.52,102,114,34,16.7,179,55.1,Low,5.0,994.92,2.458
2021,Soybean,Laterite,8.62,26,58,82,33.2,1079,73.4,Low,5.5,239.53,0.592
2022,Maize,Peaty,8.51,169,97,10,16.3,1033,34.1,Low,5.5,428.93,1.06
2020,Apple,Red Soil,4.83,23,47,84,32.7,810,40.8,High,11.5,1211.84,2.995
2022,Garlic,Laterite,8.25,92,60,77,18.6,957,68.2,Low,11.1,2719.98,6.721
2026,Chickpea,Silt Loam,4.56,21,53,28,39.6,525,66.3,Low,7.6,200.32,0.495
2023,Watermelon,Peaty,5.8,97,73,88,20.7,458,35.7,High,6.7,6383.89,15.775
2020,Soybean,Saline,8.47,78,36,52,38.0,434,86.2,Low,4.7,86.82,0.215
2021,Potato,Black Soil,7.41,140,52,99,29.4,655,92.3,Low,11.7,2288.5,5.655
2025,Sugarcane,Clay Loam,7.06,197,37,134,34.9,1781,59.6,High,8.0,21789.48,53.843
2020,Sugarcane,Loam,7.09,307,91,50,12.3,1834,44.2,High,10.2,10891.2,26.913
2023,Banana,Sandy Loam,6.04,206,68,254,21.2,2057,57.4,Medium,4.5,15107.36,37.331
2021,Garlic,Black Soil,6.87,103,29,47,15.3,1003,70.5,Medium,11.6,3703.01,9.15
2024,Rice,Red Soil,5.93,153,85,42,29.9,1321,54.3,Medium,4.3,1686.08,4.166
2023,Groundnut,Alluvial,5.8,10,45,23,11.2,1118,85.5,High,7.9,349.62,0.864
2021,Mustard,Red Soil,7.94,102,38,35,36.6,150,30.7,Medium,4.4,128.94,0.319
2022,Tomato,Peaty,5.46,156,86,102,12.8,316,45.3,High,11.4,3066.59,7.578
2022,Sugarcane,Loam,7.6,244,66,94,20.3,1777,89.7,Low,11.5,12887.1,31.845
2021,Garlic,Silt Loam,4.87,116,69,83,37.3,617,74.4,Low,4.9,921.26,2.276
2023,Maize,Saline,7.44,120,42,73,19.2,950,66.9,High,8.0,1169.46,2.89
2021,Onion,Alluvial,5.53,167,46,73,23.1,752,46.3,Medium,6.0,4767.22,11.78
2022,Onion,Red Soil,8.66,41,75,85,15.9,526,41.6,Medium,10.1,2743.07,6.778
2021,Tomato,Black Soil,8.75,157,100,152,31.8,671,36.5,High,7.0,3768.29,9.312
2026,Wheat,Silt Loam,7.48,71,74,41,25.4,583,47.8,Low,11.2,1101.36,2.722
2026,Chickpea,Silt Loam,6.48,38,27,26,12.5,282,30.2,High,11.7,336.09,0.83
2021,Potato,Laterite,8.46,132,75,129,19.4,961,59.8,Low,4.9,3460.76,8.552
2020,Coffee,Laterite,7.49,114,32,124,35.3,1607,35.6,Low,10.7,161.75,0.4
2020,Garlic,Red Soil,5.05,106,18,42,30.6,631,84.8,Medium,10.4,818.51,2.023
2021,Potato,Saline,4.66,122,51,99,27.0,579,50.0,Low,11.1,3322.28,8.21
2025,Banana,Peaty,6.43,232,56,250,21.9,1739,71.0,High,10.3,23100.46,57.082
2023,Barley,Peaty,5.7,97,35,50,39.7,554,85.1,High,11.9,448.0,1.107
2020,Tea,Loam,8.3,148,10,56,10.2,2194,82.7,Low,11.5,225.76,0.558
2023,Sugarcane,Laterite,4.92,211,116,18,18.8,1746,64.3,High,4.4,2955.06,7.302
2022,Onion,Sandy Loam,8.4,104,26,82,34.9,512,54.7,Medium,10.5,1214.01,3.0
2021,Watermelon,Sandy Loam,7.0,144,23,90,24.0,759,78.2,High,11.3,8433.71,20.84
2023,Banana,Loam,7.18,173,71,231,22.7,2091,62.9,Low,7.0,17404.38,43.007
2026,Mustard,Silt Loam,6.67,97,10,11,12.6,240,45.7,Low,9.9,425.91,1.052
2026,Groundnut,Silt Loam,7.18,34,69,71,33.1,1022,51.9,Medium,11.8,998.44,2.467
2023,Groundnut,Alluvial,7.86,23,57,29,33.1,1518,54.6,High,9.7,478.77,1.183
2026,Apple,Peaty,8.21,92,31,69,15.0,365,54.8,High,7.9,2280.18,5.634
2026,Groundnut,Saline,8.78,20,92,70,35.3,734,51.1,Medium,7.9,282.5,0.698
2024,Coffee,Silt Loam,8.4,156,15,158,32.9,1538,45.3,Medium,9.9,151.2,0.374
2024,Groundnut,Sandy Loam,8.02,38,60,90,30.7,150,86.9,Medium,11.1,311.93,0.771
2024,Mustard,Loam,6.27,57,13,18,39.2,469,92.4,Low,7.0,281.67,0.696
2023,Barley,Loam,7.13,137,11,26,19.7,245,88.5,Low,9.5,774.41,1.914
2026,Tomato,Silt Loam,8.0,143,84,136,23.9,567,54.5,High,7.6,8030.79,19.844
2023,Rice,Loam,6.61,158,68,72,30.0,788,31.5,Medium,7.2,1338.76,3.308
2026,Watermelon,Silt Loam,5.33,82,61,76,28.2,560,59.6,Medium,6.6,6418.2,15.86
2020,Tea,Sandy Loam,4.89,139,10,10,25.9,1615,45.1,Medium,4.9,279.92,0.692
2020,Potato,Alluvial,8.62,134,56,93,17.6,300,66.1,Medium,6.5,2661.86,6.578
2022,Soybean,Laterite,7.91,44,76,34,22.3,907,64.5,Medium,8.3,651.35,1.61
2021,Groundnut,Sandy Loam,6.01,53,57,113,11.3,150,66.3,Low,4.4,162.2,0.401
2021,Potato,Silt Loam,8.54,91,91,89,10.9,533,88.0,Low,10.9,3140.56,7.76
2025,Soybean,Silt Loam,7.83,10,54,48,30.3,342,68.3,Low,11.3,266.11,0.658
2023,Rice,Peaty,4.92,119,58,77,23.8,1157,87.4,Medium,7.2,1100.08,2.718
2022,Banana,Laterite,7.54,208,74,182,36.3,1724,50.0,High,5.9,7253.9,17.925
2024,Onion,Sandy Loam,6.31,96,81,62,32.9,736,61.4,Medium,6.9,2398.12,5.926
2025,Groundnut,Peaty,7.66,38,10,92,38.4,709,89.9,Medium,8.5,307.91,0.761
2023,Potato,Silt Loam,4.87,106,62,78,28.0,210,94.8,Medium,4.4,1462.96,3.615
2024,Tomato,Peaty,8.14,171,76,82,34.7,462,37.0,High,8.3,2177.99,5.382
2021,Maize,Sandy Loam,5.85,154,41,44,16.8,645,46.3,High,8.0,976.23,2.412
2022,Tea,Clay Loam,8.69,133,120,92,25.6,1384,71.1,High,4.4,290.41,0.718
2020,Watermelon,Alluvial,6.99,54,96,101,21.3,1072,61.4,Low,4.3,6135.58,15.161
2025,Rice,Black Soil,7.79,110,66,32,34.5,2079,35.0,High,10.8,779.73,1.927
2024,Watermelon,Alluvial,8.44,74,59,114,33.2,746,48.9,Medium,10.1,5991.65,14.806
2024,Tea,Clay Loam,8.0,143,10,21,20.4,1638,91.5,High,11.5,361.31,0.893
2026,Watermelon,Silt Loam,7.98,135,78,61,32.2,150,35.4,Medium,6.6,2908.79,7.188
2023,Cotton,Red Soil,8.29,135,21,39,32.6,348,40.5,Medium,7.9,254.88,0.63
2025,Mustard,Laterite,5.82,86,34,19,10.2,150,58.4,Medium,6.8,169.32,0.418
2021,Cotton,Laterite,8.77,144,28,29,34.7,229,65.7,High,8.8,121.77,0.301
2025,Tomato,Laterite,8.02,138,67,133,27.5,426,79.1,High,9.2,4224.48,10.439
2025,Sugarcane,Silt Loam,5.39,198,89,104,20.4,2021,30.2,Low,7.0,9526.08,23.539
2024,Mustard,Red Soil,8.55,122,38,15,36.7,225,62.2,High,11.2,156.35,0.386
2026,Onion,Peaty,8.74,90,23,109,14.5,182,62.1,Medium,10.3,1257.95,3.108
2023,Tea,Laterite,8.62,107,10,100,39.5,2031,93.0,High,11.3,129.38,0.32
2023,Apple,Black Soil,4.51,91,37,66,21.8,1179,73.9,High,11.5,2584.85,6.387
2020,Soybean,Black Soil,4.57,98,39,41,17.8,1047,41.0,Medium,8.9,441.79,1.092
2022,Soybean,Silt Loam,7.43,10,72,36,32.5,443,76.2,Low,5.9,214.8,0.531
2023,Sugarcane,Sandy Loam,8.29,216,60,130,39.9,2142,74.4,Medium,9.0,8010.91,19.795
2026,Soybean,Saline,8.29,13,62,27,18.9,903,90.2,High,4.3,220.26,0.544
2024,Garlic,Silt Loam,6.81,133,34,42,34.4,481,56.4,Medium,7.9,1771.47,4.377
2023,Rice,Saline,8.67,79,54,49,18.8,1471,84.9,Low,11.2,492.31,1.217
2023,Groundnut,Red Soil,5.42,47,43,30,15.7,886,59.2,Medium,11.2,502.56,1.242
2020,Onion,Clay Loam,6.64,206,25,115,12.3,698,79.0,Low,5.9,3954.89,9.773
2023,Sugarcane,Silt Loam,6.96,288,63,96,38.4,1815,84.1,Medium,4.8,16056.63,39.677
2026,Banana,Saline,6.41,161,88,207,35.9,1471,88.7,High,8.1,11617.47,28.707
2021,Garlic,Loam,7.84,98,47,39,21.3,355,47.2,Low,8.9,1841.52,4.55
2023,Tomato,Black Soil,6.37,212,131,128,18.5,1137,90.0,High,11.1,11423.69,28.229
2023,Wheat,Loam,8.11,88,47,10,38.5,305,47.3,Medium,5.4,138.18,0.341
2020,Mustard,Black Soil,5.35,23,10,67,35.5,150,68.5,Low,5.0,80.0,0.198
2022,Onion,Black Soil,5.91,107,18,116,29.2,671,76.5,Low,4.7,2017.23,4.985
2021,Soybean,Alluvial,7.94,10,62,32,19.2,714,88.4,High,8.9,398.56,0.985
2026,Maize,Red Soil,8.48,255,67,10,16.9,893,34.8,Low,9.7,572.45,1.415
2020,Wheat,Alluvial,4.86,66,85,36,19.2,845,49.9,Medium,7.8,829.08,2.049
2020,Tea,Black Soil,6.36,112,21,107,32.0,1821,46.3,Medium,6.1,210.85,0.521
2020,Maize,Red Soil,7.95,208,54,83,38.8,1027,57.4,High,8.5,671.19,1.659
2020,Chickpea,Red Soil,8.33,52,20,34,20.1,944,93.6,Low,6.2,397.35,0.982
2026,Barley,Red Soil,8.24,79,41,10,14.3,267,32.4,Medium,11.4,507.01,1.253
2020,Coffee,Sandy Loam,5.75,139,59,120,33.4,1141,54.1,High,9.2,295.05,0.729
2026,Rice,Red Soil,5.73,106,43,13,39.8,940,91.4,Medium,7.1,385.28,0.952
2020,Banana,Clay Loam,8.03,216,83,292,35.1,1359,52.8,Medium,6.4,6816.58,16.844
2021,Wheat,Laterite,5.07,49,68,10,18.6,814,85.1,Medium,10.8,673.86,1.665
2021,Tea,Saline,5.26,150,36,92,39.9,2209,81.5,Low,11.8,395.01,0.976
2023,Garlic,Laterite,4.55,133,10,53,39.4,501,81.6,Low,9.1,550.71,1.361
2022,Garlic,Saline,5.62,101,67,87,24.8,685,85.5,Medium,8.4,2464.65,6.09
2021,Rice,Clay Loam,8.41,117,51,61,13.1,2064,81.3,Medium,4.4,407.19,1.006
2023,Apple,Laterite,5.32,82,58,100,22.0,820,48.3,Low,5.9,2846.44,7.034
2023,Wheat,Silt Loam,7.86,130,75,24,19.7,250,72.8,High,4.9,510.08,1.26
2024,Soybean,Peaty,5.56,10,31,75,23.2,449,48.9,Low,6.4,249.48,0.616
2023,Potato,Clay Loam,5.23,147,69,77,11.2,822,30.8,High,6.9,5020.5,12.406
2024,Apple,Alluvial,4.95,90,13,126,21.0,1184,75.3,Low,4.5,2713.3,6.705
2023,Maize,Saline,8.05,111,68,63,11.1,800,86.7,High,11.2,553.02,1.367
2024,Maize,Black Soil,5.94,130,52,36,34.6,849,44.8,High,8.4,871.07,2.152
2026,Tea,Laterite,6.69,162,103,96,38.5,1583,35.8,High,7.6,204.68,0.506
2026,Onion,Red Soil,5.69,71,43,98,35.1,886,68.0,High,8.1,2275.26,5.622
2023,Sugarcane,Clay Loam,5.22,175,84,75,18.2,1693,46.8,High,10.8,6831.8,16.882
2024,Rice,Clay Loam,6.48,126,123,38,36.5,1697,56.2,Low,9.6,1447.02,3.576
2026,Garlic,Peaty,6.93,122,24,30,28.3,487,74.0,High,8.2,2009.39,4.965
2024,Mustard,Loam,7.07,34,53,30,31.7,150,56.7,High,9.6,246.23,0.608
2026,Sugarcane,Black Soil,5.89,171,100,97,25.3,2105,86.7,Medium,8.1,20535.05,50.743
2022,Coffee,Silt Loam,7.13,117,10,110,23.6,1884,93.9,Medium,11.4,421.27,1.041
2022,Groundnut,Silt Loam,5.64,43,43,67,18.4,327,45.9,High,4.0,428.2,1.058
2024,Apple,Peaty,6.28,152,34,79,10.4,419,88.7,High,9.5,4776.8,11.804
2024,Sunflower,Peaty,7.33,78,57,10,19.0,1259,39.7,Medium,4.1,415.27,1.026
2023,Potato,Sandy Loam,5.35,185,86,106,23.9,150,84.6,Medium,10.2,2943.97,7.275
2026,Garlic,Silt Loam,6.28,63,69,83,37.3,547,81.1,High,10.5,2175.1,5.375
2020,Rice,Silt Loam,6.82,126,43,24,20.4,1441,42.1,Low,9.7,1324.34,3.273
2022,Garlic,Loam,6.23,125,30,114,21.0,419,82.4,Medium,10.8,3423.9,8.461
2023,Tomato,Peaty,6.53,150,82,136,25.2,981,49.9,High,7.7,11307.81,27.942
2023,Groundnut,Sandy Loam,5.55,41,63,28,14.5,682,71.2,Medium,11.3,445.97,1.102
2021,Sugarcane,Clay Loam,7.26,166,49,68,34.6,1927,54.1,Medium,9.0,27501.99,67.959
2021,Wheat,Loam,8.26,113,20,41,37.4,895,38.1,Low,8.7,350.47,0.866
2023,Cotton,Silt Loam,6.71,114,33,10,35.6,607,54.8,High,9.6,469.97,1.161
2026,Tea,Laterite,4.9,157,44,81,30.1,1768,69.2,Low,11.5,440.56,1.089
2026,Cotton,Silt Loam,5.18,61,48,32,22.5,992,56.5,High,10.9,411.32,1.016
2020,Sugarcane,Silt Loam,5.05,194,71,72,25.3,2046,53.2,Low,4.3,9204.74,22.745
2024,Sugarcane,Silt Loam,7.97,207,65,95,25.4,1770,30.5,High,7.0,13889.28,34.321
2026,Mustard,Laterite,6.24,62,21,42,13.7,239,58.1,Medium,11.6,504.66,1.247
2023,Coffee,Laterite,8.53,138,10,64,33.2,2003,90.5,High,4.7,80.0,0.198
2024,Tomato,Black Soil,5.63,169,145,104,36.1,909,85.1,Medium,4.5,3678.64,9.09
2022,Maize,Silt Loam,6.53,95,65,80,19.9,907,70.2,Medium,6.7,1673.79,4.136
2021,Tea,Loam,6.65,190,36,96,15.7,1744,70.6,Medium,5.6,457.43,1.13
2023,Rice,Alluvial,6.11,120,79,54,20.3,1555,30.4,Low,10.4,1952.35,4.824
2025,Soybean,Sandy Loam,4.94,35,120,64,31.9,977,88.6,High,6.1,315.51,0.78
2023,Tea,Peaty,5.89,187,19,52,29.9,2249,34.8,Low,6.3,330.28,0.816
2020,Coffee,Black Soil,7.21,141,10,91,27.6,912,48.1,Medium,8.1,192.7,0.476
2026,Tomato,Laterite,7.52,164,85,108,34.6,1142,93.3,Low,11.8,3596.77,8.888
2026,Sunflower,Loam,6.6,123,82,46,15.2,150,49.2,High,11.4,404.67,1.0
2026,Watermelon,Silt Loam,8.41,62,104,79,16.6,852,81.7,Low,10.0,3039.77,7.511
2026,Wheat,Peaty,7.96,154,22,29,33.9,538,60.3,High,10.2,437.36,1.081
2024,Soybean,Black Soil,5.3,10,82,63,20.2,150,56.8,High,8.4,196.75,0.486
2024,Maize,Saline,8.3,114,74,73,30.9,751,37.2,Low,10.5,639.67,1.581
2023,Maize,Sandy Loam,8.34,163,103,18,15.3,1117,38.5,High,5.5,384.84,0.951
2024,Coffee,Silt Loam,6.24,170,26,135,34.9,1193,34.3,Low,10.2,267.38,0.661
2025,Sunflower,Red Soil,7.15,127,92,58,33.1,469,63.2,Low,8.8,784.56,1.939
2023,Rice,Black Soil,5.63,143,53,60,11.5,1294,84.2,High,6.6,703.41,1.738
2025,Apple,Black Soil,4.84,108,115,75,24.3,689,69.6,Low,9.5,2056.2,5.081
2024,Sugarcane,Black Soil,5.37,249,119,75,31.2,1856,88.4,High,9.5,17873.85,44.167
2023,Cotton,Peaty,8.53,81,49,10,20.7,748,50.8,Low,11.9,288.47,0.713
2023,Tea,Alluvial,6.65,218,37,84,22.3,1545,72.8,Medium,10.8,626.59,1.548
2025,Soybean,Saline,6.52,25,77,61,23.8,150,65.6,Low,6.5,304.18,0.752
2026,Groundnut,Loam,4.88,13,30,78,10.9,818,94.8,Medium,5.9,202.69,0.501
2026,Tomato,Silt Loam,5.27,128,60,143,27.3,513,93.3,High,9.0,7258.8,17.937
2020,Banana,Red Soil,6.74,209,42,245,14.0,1920,77.5,Medium,7.9,8983.73,22.199
2026,Watermelon,Alluvial,8.44,110,128,116,39.2,878,90.7,Low,5.0,3094.86,7.648
2022,Soybean,Alluvial,6.42,24,76,43,19.9,426,92.1,High,4.7,579.01,1.431
2026,Tea,Laterite,4.51,141,37,54,17.2,2442,74.2,Medium,8.9,710.48,1.756
2026,Wheat,Laterite,7.29,168,88,21,23.6,437,44.6,Medium,7.8,900.19,2.224
2023,Watermelon,Red Soil,7.11,97,98,83,15.3,646,71.8,Low,7.5,4894.85,12.095
2026,Potato,Clay Loam,7.12,97,72,141,33.7,474,91.7,High,10.9,2884.4,7.127
2023,Watermelon,Laterite,6.27,90,57,90,26.5,324,74.4,Medium,6.5,5613.23,13.871
2023,Barley,Sandy Loam,4.71,111,50,42,38.2,337,52.2,Medium,8.1,268.09,0.662
2022,Garlic,Peaty,5.09,96,10,59,19.3,150,66.8,Low,7.7,667.19,1.649
2025,Soybean,Silt Loam,7.13,48,73,48,29.6,898,50.0,Low,5.1,982.43,2.428
2021,Cotton,Peaty,7.76,143,66,61,14.8,1191,89.7,Medium,6.9,350.36,0.866
2026,Maize,Clay Loam,5.3,165,61,92,24.9,469,35.5,Low,11.5,950.19,2.348
2020,Tomato,Silt Loam,7.92,148,96,121,33.7,549,66.0,High,10.5,4268.56,10.548
2024,Wheat,Sandy Loam,5.28,162,84,10,15.5,319,42.8,Low,12.0,405.26,1.001
2026,Watermelon,Red Soil,6.11,158,55,68,39.5,405,62.1,Low,4.9,3078.75,7.608
2023,Wheat,Saline,5.24,149,33,29,21.6,150,68.6,High,8.0,390.81,0.966
2022,Cotton,Black Soil,6.17,63,75,10,14.1,522,58.3,Medium,11.2,187.12,0.462
2024,Groundnut,Black Soil,4.88,10,73,44,23.7,150,55.5,High,6.7,170.81,0.422
2024,Potato,Red Soil,7.48,178,115,139,37.9,417,30.4,Medium,4.6,1401.66,3.464
2022,Apple,Alluvial,6.08,126,82,81,14.2,1484,34.6,Low,7.5,7038.25,17.392
2023,Coffee,Saline,5.62,163,26,68,29.0,1512,64.7,High,4.2,271.6,0.671
2021,Cotton,Laterite,8.37,129,46,79,35.2,1063,37.4,Low,10.9,453.59,1.121
2020,Tea,Laterite,6.15,147,57,63,28.8,1568,61.3,Low,9.3,349.79,0.864
2024,Apple,Peaty,8.51,156,38,106,38.9,760,48.0,Medium,7.7,1553.97,3.84
2024,Onion,Silt Loam,4.95,143,43,111,14.1,784,56.0,Medium,4.3,3179.73,7.857
2023,Tomato,Silt Loam,6.5,105,128,109,31.8,1271,32.5,Medium,7.5,6229.49,15.393
2021,Tea,Sandy Loam,7.48,124,71,86,27.0,2247,50.7,Medium,4.9,245.75,0.607
2023,Barley,Laterite,8.5,165,26,21,33.7,152,94.7,Low,5.2,92.37,0.228
2020,Garlic,Loam,7.77,71,54,67,19.1,150,40.7,Medium,9.7,1543.23,3.813
2024,Watermelon,Peaty,6.6,59,86,89,34.4,187,47.2,High,6.3,2995.57,7.402
2020,Onion,Peaty,6.7,130,32,49,36.9,584,87.9,Low,5.9,1863.43,4.605
2021,Watermelon,Saline,7.51,70,77,110,29.3,150,59.6,Medium,6.3,2710.94,6.699
2023,Onion,Peaty,8.04,161,42,60,11.4,661,37.9,Low,6.4,2494.52,6.164
2020,Cotton,Loam,5.83,77,58,60,24.9,1181,41.2,Medium,10.0,632.61,1.563
2020,Wheat,Saline,7.44,126,62,30,34.9,695,46.5,Medium,8.5,434.68,1.074
2022,Banana,Red Soil,7.25,163,39,235,29.4,1375,64.8,Low,9.3,14980.0,37.016
2023,Wheat,Loam,4.97,109,27,46,21.3,1361,66.5,Medium,10.7,873.28,2.158
2021,Banana,Alluvial,7.63,226,89,220,27.1,1134,47.0,High,6.9,15757.76,38.938
2023,Watermelon,Laterite,6.9,122,81,110,36.1,433,70.7,Medium,4.1,6691.63,16.535
2023,Barley,Alluvial,6.52,67,81,61,26.7,553,71.2,High,8.8,1263.43,3.122
2021,Sugarcane,Silt Loam,7.26,175,92,104,35.7,1677,34.2,High,6.3,17059.29,42.154
2021,Banana,Loam,7.68,214,33,243,17.7,1290,69.3,Low,5.6,5565.98,13.754
2026,Sugarcane,Clay Loam,5.54,124,78,69,38.5,1972,94.5,High,10.2,11300.5,27.924
2020,Chickpea,Saline,6.16,10,43,12,39.2,434,70.4,Low,8.0,115.79,0.286
2022,Mustard,Red Soil,6.05,91,43,17,18.4,564,79.6,Medium,7.8,846.45,2.092
2021,Garlic,Clay Loam,6.01,123,59,51,36.9,261,35.8,High,10.5,1275.4,3.152
2022,Coffee,Alluvial,6.02,190,30,103,29.0,1729,30.6,Low,9.7,613.13,1.515
2022,Onion,Saline,8.37,119,15,100,15.4,718,55.1,Low,4.1,1712.46,4.232
2025,Sunflower,Laterite,8.76,88,60,42,23.6,999,79.3,Medium,10.2,663.4,1.639
2020,Groundnut,Silt Loam,8.19,55,34,52,29.4,422,36.6,Medium,5.7,389.41,0.962
2025,Apple,Clay Loam,5.7,124,32,64,32.6,956,89.9,Low,9.3,3072.93,7.593
2025,Wheat,Sandy Loam,6.67,79,10,30,13.2,684,72.5,Medium,7.5,722.65,1.786
2020,Sunflower,Saline,5.37,145,37,60,28.5,536,40.0,Medium,7.9,466.68,1.153
2022,Apple,Peaty,6.96,143,20,101,18.8,809,31.8,High,5.0,4108.1,10.151
2025,Rice,Red Soil,6.7,156,86,63,33.3,1374,64.8,Low,9.2,1614.42,3.989
2023,Tea,Peaty,7.68,118,44,57,25.7,1266,63.4,Medium,6.5,223.6,0.553
2022,Onion,Laterite,5.59,116,33,68,12.1,509,84.0,Low,5.0,1904.43,4.706
2024,Wheat,Clay Loam,8.45,60,41,70,14.6,760,92.5,High,11.3,783.2,1.935
2023,Apple,Black Soil,4.81,64,26,117,24.9,1117,87.6,High,5.4,1777.37,4.392
2021,Coffee,Red Soil,6.96,135,31,63,28.2,1314,39.1,High,8.2,327.53,0.809
2025,Tea,Saline,6.17,104,17,55,28.8,1513,45.6,Low,4.5,194.35,0.48
2020,Mustard,Alluvial,7.8,16,64,66,30.8,515,58.5,High,9.2,291.68,0.721
2025,Cotton,Peaty,7.11,157,31,51,39.0,729,82.0,Low,11.6,439.03,1.085
2026,Barley,Peaty,8.52,63,10,13,14.0,726,67.8,High,7.6,407.73,1.008
2026,Apple,Clay Loam,5.33,102,44,102,17.1,1206,66.9,Low,4.5,5494.27,13.577
2024,Sunflower,Black Soil,5.47,123,47,49,22.8,765,66.0,Low,5.3,739.56,1.827
2025,Cotton,Saline,8.12,80,59,35,36.5,864,63.9,High,9.9,406.81,1.005
2020,Chickpea,Peaty,4.83,40,61,22,28.3,410,56.1,Medium,9.8,367.39,0.908
2022,Rice,Loam,6.47,159,10,47,13.2,776,89.1,High,9.7,510.38,1.261
2022,Tomato,Alluvial,5.92,208,101,138,16.7,454,44.2,Medium,11.7,9224.28,22.794
2026,Watermelon,Peaty,6.51,97,61,127,29.8,664,36.6,High,11.2,14265.06,35.25
2026,Coffee,Peaty,8.74,163,17,120,20.0,1937,92.4,Medium,6.1,228.76,0.565
2020,Mustard,Sandy Loam,4.62,55,30,30,16.2,974,78.8,Low,10.0,377.95,0.934
2021,Banana,Black Soil,7.21,206,21,258,28.5,2034,32.8,Low,10.6,17259.35,42.649
2024,Mustard,Loam,8.53,112,46,32,11.0,685,53.6,Low,11.4,579.61,1.432
2020,Watermelon,Loam,5.19,109,96,59,36.3,692,90.5,Medium,9.7,4599.64,11.366
2021,Wheat,Laterite,5.21,74,39,91,23.1,178,33.7,Medium,11.8,412.86,1.02
2025,Chickpea,Saline,6.64,16,45,34,29.3,150,66.7,Medium,9.5,167.12,0.413
2023,Banana,Red Soil,5.76,128,76,216,19.2,1808,51.1,High,11.9,13087.94,32.341
2022,Tomato,Black Soil,4.8,167,92,118,25.8,661,54.5,Low,6.2,4654.78,11.502
2021,Coffee,Silt Loam,5.13,180,10,99,21.8,1570,51.0,Medium,7.1,393.59,0.973
2025,Tea,Laterite,7.49,138,44,90,13.6,2395,84.7,High,5.5,269.19,0.665
2023,Watermelon,Saline,5.34,122,118,61,38.4,150,86.0,Low,10.9,1200.87,2.967
2020,Cotton,Peaty,5.7,102,76,10,15.3,655,35.7,Medium,5.2,119.41,0.295
2021,Coffee,Sandy Loam,7.51,143,80,96,20.1,1210,44.6,Medium,10.8,345.08,0.853
2026,Maize,Loam,8.28,126,54,65,36.8,1559,87.3,Medium,11.0,601.19,1.486
2023,Apple,Alluvial,8.03,14,42,109,17.3,965,33.1,Medium,8.5,2223.28,5.494
2020,Tea,Loam,5.79,162,25,81,34.8,1404,90.8,Medium,5.7,237.24,0.586
2022,Sugarcane,Clay Loam,7.85,238,73,111,20.6,1660,62.9,Medium,7.0,11619.3,28.712
2021,Maize,Alluvial,6.55,99,47,25,35.3,921,67.9,Medium,7.4,863.42,2.134
2023,Groundnut,Laterite,4.65,62,74,52,34.6,1099,42.0,Low,4.2,324.1,0.801
2024,Potato,Laterite,8.76,87,76,88,18.0,272,36.7,Medium,7.7,2326.62,5.749
2022,Maize,Peaty,4.63,142,36,56,33.6,607,56.4,High,10.2,578.78,1.43
2020,Rice,Loam,7.77,208,60,10,23.7,2059,75.6,Medium,4.7,645.35,1.595
2023,Soybean,Silt Loam,8.32,10,106,15,39.9,471,73.4,Medium,4.6,104.68,0.259
2025,Garlic,Red Soil,7.1,116,65,55,20.5,803,81.8,Medium,6.1,2682.88,6.63
2026,Groundnut,Silt Loam,5.77,73,67,26,17.0,1536,41.3,Low,11.0,662.0,1.636
2026,Chickpea,Alluvial,5.05,10,23,60,23.1,150,82.0,High,11.8,232.2,0.574
2021,Sugarcane,Sandy Loam,5.92,210,79,117,24.4,1585,82.4,Low,9.3,14746.92,36.44
2024,Coffee,Sandy Loam,6.82,101,56,81,18.2,1506,89.0,Medium,6.2,414.54,1.024
2024,Banana,Sandy Loam,5.66,252,78,238,15.6,1208,75.4,High,10.9,8035.47,19.856
2026,Onion,Black Soil,4.87,127,43,53,26.1,630,32.6,High,9.9,3309.41,8.178
2025,Wheat,Silt Loam,8.67,106,33,79,16.5,400,94.1,Low,10.0,607.19,1.5
2022,Onion,Clay Loam,8.18,106,63,82,28.7,535,77.1,Low,7.0,2297.49,5.677
2026,Wheat,Alluvial,5.49,51,73,55,14.7,553,55.2,Low,6.1,795.55,1.966
2026,Rice,Alluvial,6.84,152,48,58,22.6,1516,85.1,High,6.0,1564.05,3.865
2020,Maize,Clay Loam,4.65,148,55,37,32.9,939,38.4,Low,8.3,766.45,1.894
2024,Rice,Loam,5.33,111,45,72,24.3,1770,58.0,Medium,7.5,1728.79,4.272
2026,Onion,Saline,8.0,87,19,56,26.3,150,82.1,High,11.1,1220.6,3.016
2026,Maize,Red Soil,5.79,122,74,71,29.4,1103,82.2,High,5.1,993.26,2.454
2026,Soybean,Red Soil,4.94,13,72,10,22.6,575,35.0,High,10.0,361.99,0.894
2021,Tomato,Alluvial,5.09,222,98,111,29.6,150,55.4,Medium,8.9,2761.49,6.824
2020,Mustard,Loam,5.4,97,37,10,11.1,150,51.6,Medium,7.0,115.95,0.287
2021,Garlic,Silt Loam,4.83,113,30,85,25.6,698,35.3,High,6.8,1224.97,3.027
2022,Garlic,Silt Loam,5.0,79,28,41,21.1,294,43.9,High,4.8,1139.56,2.816
2023,Soybean,Clay Loam,6.95,43,80,30,21.1,870,86.5,High,8.4,1121.21,2.771
2024,Apple,Saline,5.46,115,10,108,13.5,756,46.0,Medium,10.9,4074.24,10.068
2024,Mustard,Laterite,5.72,158,35,10,23.8,404,60.1,Low,5.9,348.74,0.862
2023,Rice,Black Soil,6.02,162,10,59,35.3,1118,67.2,Low,6.4,626.48,1.548
2026,Cotton,Black Soil,5.39,158,52,78,38.9,453,46.5,Low,11.9,176.36,0.436
2024,Apple,Sandy Loam,8.62,112,70,90,24.8,663,91.9,Low,11.2,1597.95,3.949
2022,Potato,Black Soil,6.96,101,103,87,32.1,150,36.7,Medium,11.0,1307.89,3.232
2021,Mustard,Alluvial,7.67,49,39,10,12.9,650,61.1,High,4.6,496.0,1.226
2021,Cotton,Laterite,4.97,156,36,76,32.5,597,73.0,High,10.9,392.52,0.97
2024,Mustard,Saline,5.38,50,18,29,10.4,1002,54.6,High,9.2,184.8,0.457
2020,Chickpea,Clay Loam,6.94,30,88,10,24.9,331,64.1,Low,4.5,388.92,0.961
2020,Sunflower,Silt Loam,5.35,17,106,66,25.1,150,51.8,Low,9.5,231.63,0.572
2022,Mustard,Alluvial,7.24,32,39,50,34.7,150,82.2,Low,4.7,142.08,0.351
2026,Apple,Sandy Loam,8.35,135,31,70,34.9,875,89.0,High,4.7,1125.11,2.78
2023,Tomato,Red Soil,5.22,183,40,103,35.8,1532,91.5,High,7.2,1905.54,4.709
2020,Potato,Clay Loam,4.81,138,74,163,31.0,279,73.2,Medium,8.1,2056.34,5.081
2026,Barley,Black Soil,7.05,64,10,32,13.1,850,75.8,High,9.4,847.95,2.095
2020,Barley,Silt Loam,8.67,79,10,36,21.5,359,46.2,Medium,11.9,429.96,1.062
2024,Chickpea,Peaty,7.7,10,32,23,33.1,523,73.9,High,11.0,370.51,0.916
2020,Groundnut,Loam,5.55,39,34,41,22.1,656,53.0,Medium,9.2,1111.11,2.746
2021,Tea,Loam,6.27,84,74,64,39.1,1665,50.1,Medium,8.5,278.15,0.687
2024,Soybean,Saline,6.52,38,40,53,32.1,675,66.8,Medium,9.3,650.88,1.608
2021,Garlic,Alluvial,5.56,93,19,70,16.9,150,78.4,High,8.7,1447.6,3.577
2020,Garlic,Black Soil,5.83,104,61,79,31.1,515,90.5,Low,7.8,1666.7,4.118
2024,Banana,Loam,7.16,113,77,251,23.0,2039,74.5,Low,6.1,16173.79,39.966
2022,Watermelon,Red Soil,6.6,139,50,87,37.0,663,71.7,High,5.4,6125.39,15.136
2022,Banana,Clay Loam,8.25,252,56,260,24.6,1484,81.7,Low,7.4,8820.3,21.795
2024,Sugarcane,Loam,6.05,194,128,155,38.6,1985,93.0,High,10.8,16028.62,39.608
2024,Onion,Saline,4.81,148,115,58,28.3,638,72.6,Low,11.7,1915.3,4.733
2020,Tea,Red Soil,5.18,122,10,76,21.2,1878,58.0,Medium,5.7,477.36,1.18
2021,Banana,Alluvial,5.0,182,32,259,35.1,1802,42.3,Medium,4.9,7188.81,17.764
2026,Wheat,Peaty,6.31,128,101,10,13.7,399,68.7,Low,10.6,787.64,1.946
2023,Onion,Alluvial,4.94,137,52,93,34.3,150,43.0,Medium,10.9,1014.61,2.507
2021,Tomato,Silt Loam,6.19,201,68,70,30.1,150,72.0,Low,6.1,3005.61,7.427
2025,Groundnut,Silt Loam,8.28,68,25,53,27.1,150,53.7,Low,7.8,295.73,0.731
2024,Soybean,Alluvial,6.36,79,73,56,16.6,643,86.3,Medium,8.1,799.6,1.976
2024,Soybean,Silt Loam,6.56,49,40,82,22.2,777,31.5,Low,10.5,1331.21,3.289
2024,Groundnut,Black Soil,8.09,10,70,77,18.4,961,46.6,Low,7.2,291.47,0.72
2026,Onion,Laterite,5.77,132,49,93,13.0,594,46.8,High,10.7,4751.42,11.741
2023,Tea,Silt Loam,7.71,196,10,73,16.9,2044,67.2,High,11.0,391.66,0.968
2023,Coffee,Black Soil,7.07,157,12,112,22.4,1359,83.5,Medium,8.0,386.75,0.956
2026,Cotton,Laterite,4.58,66,123,48,14.1,1082,55.3,Low,9.0,182.94,0.452
2021,Cotton,Laterite,8.49,106,75,68,11.3,1661,54.9,High,6.6,177.11,0.438
2026,Garlic,Silt Loam,6.15,48,12,22,10.8,771,92.5,Medium,10.0,2266.74,5.601
2021,Groundnut,Alluvial,4.7,10,41,84,35.3,958,35.1,High,9.1,294.25,0.727
2026,Tomato,Peaty,7.46,152,102,131,27.4,1075,89.5,Medium,5.4,6241.65,15.423
2023,Maize,Clay Loam,8.03,154,61,48,14.8,634,39.1,Medium,7.9,747.33,1.847
2020,Potato,Laterite,7.67,202,58,147,25.4,608,51.6,High,10.6,3079.52,7.61
2023,Maize,Black Soil,6.57,137,73,58,34.7,562,51.5,Medium,7.0,847.47,2.094
2020,Soybean,Black Soil,7.05,70,10,50,33.7,1251,75.4,Low,10.8,483.38,1.194
2023,Onion,Peaty,5.06,102,10,71,33.4,150,35.8,Medium,4.4,350.71,0.867
2025,Tomato,Red Soil,6.89,199,89,152,24.6,150,55.3,High,4.9,3945.67,9.75
2021,Wheat,Black Soil,8.58,113,74,64,31.6,631,91.2,High,4.3,332.81,0.822
2026,Sugarcane,Peaty,5.0,282,75,102,11.8,1570,39.7,Low,6.2,4206.21,10.394
2020,Garlic,Laterite,5.0,103,63,85,27.5,1109,54.5,High,6.8,835.97,2.066
2020,Tomato,Silt Loam,6.24,108,129,107,27.0,150,30.3,Low,6.1,3544.07,8.758
2023,Chickpea,Saline,5.66,66,39,60,17.2,150,55.8,High,9.5,168.56,0.417
2022,Sunflower,Silt Loam,5.83,75,37,73,14.8,864,73.2,High,5.4,374.91,0.926
2021,Barley,Saline,8.72,37,57,78,15.2,769,84.8,High,7.7,409.65,1.012
2021,Groundnut,Alluvial,5.24,49,36,10,22.7,440,40.5,Medium,11.1,541.81,1.339
2024,Garlic,Red Soil,5.34,69,86,60,23.0,150,39.0,High,6.7,825.01,2.039
2020,Tomato,Loam,8.3,173,129,128,24.3,558,41.3,Low,7.4,5131.75,12.681
2020,Wheat,Red Soil,6.03,78,65,82,22.9,162,60.3,Medium,8.0,587.51,1.452
2025,Sunflower,Saline,6.42,94,57,47,22.0,757,54.1,Medium,9.7,1150.11,2.842
2024,Potato,Clay Loam,5.88,186,55,122,31.5,709,46.1,Medium,4.4,3585.21,8.859
2023,Cotton,Black Soil,4.94,102,96,38,31.1,1017,78.1,Low,5.6,424.79,1.05
2025,Sunflower,Silt Loam,8.79,153,77,33,38.4,413,67.0,Medium,6.9,200.2,0.495
2022,Chickpea,Laterite,6.98,10,30,10,21.9,741,65.4,High,4.2,395.79,0.978
2020,Coffee,Alluvial,6.16,193,85,99,30.0,1586,51.7,Low,9.0,488.46,1.207
2021,Soybean,Peaty,5.56,10,43,72,16.5,1268,87.5,Low,7.7,306.06,0.756
2022,Soybean,Black Soil,6.63,26,78,58,18.8,653,92.5,High,9.1,921.86,2.278
2026,Barley,Silt Loam,6.42,82,31,47,39.9,864,41.2,Medium,7.2,522.36,1.291
2025,Groundnut,Loam,6.05,51,29,51,26.0,351,62.6,Low,4.6,681.62,1.684
2026,Banana,Alluvial,5.89,189,25,202,37.5,1177,52.1,Medium,4.2,6206.54,15.337
2025,Maize,Sandy Loam,4.87,121,67,66,34.2,739,84.2,High,10.2,738.64,1.825
2021,Barley,Alluvial,8.49,29,34,12,38.1,509,94.0,Medium,9.2,287.49,0.71
2026,Cotton,Clay Loam,5.07,150,77,19,15.5,557,69.8,Low,11.8,146.19,0.361
2023,Wheat,Alluvial,5.38,83,39,27,27.3,536,33.0,Low,9.3,848.06,2.096
2022,Sunflower,Saline,8.05,151,51,66,15.4,612,39.8,High,8.5,378.69,0.936
2024,Maize,Laterite,7.19,179,66,64,28.7,1483,58.8,Low,8.1,1749.78,4.324
2023,Rice,Sandy Loam,7.41,147,43,70,19.4,430,39.5,High,7.2,349.76,0.864
2021,Cotton,Peaty,7.86,137,85,60,30.5,854,79.5,Medium,5.7,787.45,1.946
2024,Barley,Silt Loam,4.71,119,80,17,36.1,927,31.6,Medium,7.6,285.92,0.707
2025,Mustard,Peaty,4.53,118,55,35,22.7,259,77.1,Low,6.9,345.37,0.853
2022,Groundnut,Peaty,5.21,10,55,67,15.5,907,51.5,High,8.5,307.18,0.759
2026,Garlic,Black Soil,8.42,20,40,65,32.8,508,52.7,Medium,6.0,462.34,1.142
2021,Tea,Black Soil,4.68,113,37,45,30.3,1934,61.3,Medium,6.5,331.3,0.819
2021,Barley,Red Soil,5.75,145,22,34,32.1,150,72.8,High,9.8,165.18,0.408
2020,Coffee,Silt Loam,8.61,147,14,129,24.3,788,93.0,High,11.5,205.65,0.508
2024,Garlic,Saline,7.63,93,60,74,36.4,364,75.7,Medium,6.3,738.45,1.825
2020,Soybean,Silt Loam,5.08,10,26,31,28.6,1205,80.0,Medium,5.5,248.96,0.615
2020,Sugarcane,Peaty,7.2,211,90,69,23.7,1746,62.9,Low,8.9,16589.94,40.995
2025,Watermelon,Loam,5.46,98,82,123,36.1,808,62.6,Low,4.5,4831.88,11.94
2021,Onion,Laterite,6.92,141,66,97,16.4,971,65.3,Medium,6.3,5920.43,14.63
2020,Sunflower,Silt Loam,4.75,118,78,57,20.4,729,42.4,High,6.8,578.04,1.428
2026,Groundnut,Saline,4.65,35,38,23,21.6,558,60.9,High,9.1,527.6,1.304
2021,Banana,Alluvial,7.09,190,42,251,30.8,1950,53.6,Low,10.2,21045.81,52.005
2025,Soybean,Black Soil,5.62,28,57,41,20.9,307,48.1,Low,5.8,281.15,0.695
2026,Sugarcane,Sandy Loam,5.22,255,91,67,37.4,1848,82.2,High,6.7,7582.03,18.736
2025,Chickpea,Sandy Loam,4.81,36,96,31,14.6,453,72.7,Medium,7.7,358.1,0.885
2022,Coffee,Saline,6.92,111,48,69,20.8,1739,72.8,High,8.7,422.85,1.045
2024,Soybean,Alluvial,8.15,37,65,45,34.0,558,65.2,Medium,7.1,316.15,0.781
2021,Onion,Saline,6.56,88,65,33,20.3,454,45.6,Low,4.8,2792.05,6.899
2026,Barley,Sandy Loam,7.82,115,10,47,22.8,150,54.2,High,5.5,304.67,0.753
2025,Banana,Peaty,4.52,215,67,260,12.9,1454,89.2,High,11.8,5668.58,14.007
2024,Potato,Laterite,6.8,112,85,141,32.8,770,92.6,Low,4.5,2145.42,5.301
2026,Cotton,Sandy Loam,8.0,35,43,30,25.3,402,93.1,High,11.2,396.41,0.98
2026,Soybean,Alluvial,6.6,52,31,68,29.3,442,67.2,Low,10.6,677.2,1.673
2024,Maize,Loam,8.43,150,67,66,17.7,1042,67.3,High,5.4,881.22,2.178
2026,Garlic,Sandy Loam,5.88,99,37,49,10.5,150,36.8,Medium,11.2,1142.82,2.824
2024,Mustard,Clay Loam,7.1,90,15,10,13.0,150,61.3,High,11.4,424.93,1.05
2026,Banana,Saline,4.54,209,96,231,36.2,1870,80.3,Low,11.1,5927.02,14.646
2022,Banana,Saline,5.26,168,55,244,33.1,1724,66.6,Low,12.0,9473.61,23.41
2026,Wheat,Alluvial,7.1,143,70,56,30.8,623,60.7,Low,7.4,942.67,2.329
2021,Sunflower,Loam,5.36,136,29,52,26.8,804,72.3,High,10.3,740.83,1.831
2021,Soybean,Red Soil,5.85,54,62,10,25.3,619,69.4,High,5.6,544.46,1.345
2024,Chickpea,Black Soil,7.88,77,70,50,36.2,804,71.6,High,4.6,321.79,0.795
2020,Maize,Black Soil,5.78,125,60,73,31.7,407,77.9,High,7.0,704.85,1.742
2024,Apple,Saline,8.2,137,63,102,16.0,862,70.2,High,7.4,3092.23,7.641
2024,Potato,Loam,6.64,105,98,134,13.9,292,83.5,High,9.0,5097.76,12.597
2025,Potato,Sandy Loam,7.14,137,45,114,18.6,862,81.3,Low,12.0,5059.94,12.503
2026,Mustard,Silt Loam,6.03,48,23,46,15.5,428,58.4,Low,5.6,608.12,1.503
2026,Garlic,Peaty,5.31,83,46,74,28.1,267,78.1,High,5.1,822.36,2.032
2022,Rice,Saline,8.06,133,86,90,25.9,1128,71.1,Low,7.8,644.02,1.591
2026,Mustard,Peaty,6.47,88,26,23,16.8,954,87.1,High,10.3,843.6,2.085
2020,Watermelon,Alluvial,6.52,104,70,101,15.2,235,65.5,Medium,6.8,3045.84,7.526
2026,Soybean,Black Soil,7.86,52,142,37,11.6,949,52.8,Low,10.1,385.71,0.953
2021,Groundnut,Peaty,5.84,26,73,17,36.9,222,51.1,Medium,8.1,190.75,0.471
2023,Maize,Black Soil,8.02,173,37,63,23.4,985,84.4,Medium,10.2,1720.3,4.251
2025,Cotton,Saline,7.2,82,48,64,27.5,724,42.0,High,9.2,960.55,2.374
2021,Tea,Sandy Loam,5.47,137,37,94,32.9,1566,54.3,Medium,10.3,364.23,0.9
2024,Apple,Peaty,7.18,43,29,147,17.4,865,69.6,High,6.1,3075.75,7.6
2020,Rice,Black Soil,7.99,152,93,14,23.7,1699,72.2,Low,7.3,781.83,1.932
2026,Sunflower,Peaty,6.4,102,32,56,19.5,988,39.1,High,10.4,806.3,1.992
2022,Rice,Clay Loam,6.37,155,70,22,26.5,1328,30.3,High,5.7,1804.13,4.458
2021,Wheat,Red Soil,7.17,75,83,16,34.7,341,54.2,High,4.5,290.91,0.719
2021,Coffee,Black Soil,5.73,181,50,78,22.5,1365,93.2,Low,4.5,465.1,1.149
2022,Barley,Black Soil,5.16,89,10,10,28.5,150,45.0,Low,5.1,101.21,0.25
2024,Mustard,Black Soil,7.48,110,65,24,22.5,150,72.8,High,6.5,449.0,1.11
2024,Cotton,Black Soil,8.11,71,55,46,17.3,356,89.9,High,8.0,222.21,0.549
2022,Sugarcane,Silt Loam,7.57,262,87,112,22.8,1875,38.3,Medium,9.8,21457.08,53.022
2020,Maize,Saline,8.55,162,82,62,32.4,619,91.2,Medium,8.6,589.62,1.457
2020,Onion,Sandy Loam,5.18,133,56,30,13.4,150,45.1,High,5.6,674.79,1.667
2026,Rice,Black Soil,6.28,96,41,67,22.9,1742,39.2,High,9.7,1918.38,4.74
2021,Soybean,Loam,4.68,105,83,64,13.9,885,50.5,Low,7.8,316.96,0.783
2020,Chickpea,Red Soil,5.17,97,41,62,10.5,150,45.8,High,10.0,94.03,0.232
2024,Groundnut,Clay Loam,7.52,21,51,68,28.0,1070,45.7,Medium,7.2,836.09,2.066
2022,Cotton,Black Soil,8.08,133,22,47,34.0,942,77.8,Low,10.9,607.47,1.501
2022,Sugarcane,Laterite,8.11,206,79,129,25.4,1245,85.8,Low,5.7,7150.12,17.668
2025,Banana,Alluvial,8.32,213,45,249,16.2,1227,51.7,Low,5.0,3126.42,7.726
2023,Tomato,Loam,7.54,189,77,75,32.9,150,65.7,High,10.4,2124.59,5.25
2020,Soybean,Black Soil,5.57,81,66,82,11.0,651,57.7,High,7.0,413.75,1.022
2020,Banana,Saline,6.2,183,63,260,35.5,2623,82.2,High,7.2,9311.13,23.008
2024,Watermelon,Sandy Loam,7.27,134,85,127,30.9,789,65.8,Low,8.5,13732.54,33.934
2023,Garlic,Loam,7.49,74,73,109,24.7,344,56.4,High,11.6,2296.76,5.675
2023,Soybean,Alluvial,6.73,16,25,86,18.9,406,77.5,Low,11.1,464.33,1.147
2021,Banana,Clay Loam,5.09,186,71,207,22.4,1775,44.2,High,8.1,13325.29,32.927
2022,Apple,Loam,8.21,148,60,120,12.6,962,54.5,Low,8.0,4752.65,11.744
2023,Wheat,Black Soil,6.88,122,87,10,29.4,800,47.3,Low,9.5,788.68,1.949
2025,Potato,Loam,5.04,116,101,106,24.0,584,90.9,Low,4.6,5493.15,13.574
2023,Rice,Loam,7.59,63,23,17,15.7,1606,40.1,Medium,9.0,545.56,1.348
2025,Cotton,Alluvial,8.6,123,59,31,11.0,1039,60.7,Low,4.7,234.66,0.58
2020,Chickpea,Loam,8.5,10,48,10,27.2,862,86.4,High,8.3,367.63,0.908
2024,Rice,Loam,6.49,142,70,99,13.7,932,72.5,Medium,4.8,718.35,1.775
2026,Cotton,Sandy Loam,5.24,130,74,45,21.7,824,80.9,Medium,11.5,467.55,1.155
2023,Coffee,Silt Loam,8.37,196,69,115,22.0,1178,80.9,Low,5.1,276.99,0.684
2023,Apple,Silt Loam,6.73,102,23,105,39.0,241,71.5,Medium,9.4,1262.6,3.12
2024,Sunflower,Sandy Loam,7.16,129,11,26,12.6,353,87.2,Low,6.0,137.81,0.341
2024,Sugarcane,Red Soil,8.2,252,59,116,35.0,1785,32.1,Medium,11.2,13261.15,32.769
2022,Garlic,Black Soil,5.67,86,52,74,35.1,470,74.7,High,9.3,1697.48,4.195
2021,Barley,Alluvial,7.55,105,53,51,22.5,1145,69.9,High,8.2,1378.24,3.406
2024,Apple,Alluvial,7.75,68,79,73,32.6,670,69.0,High,4.7,1363.47,3.369
2023,Onion,Saline,5.37,91,101,87,35.6,327,79.9,Low,11.2,1007.03,2.488
2024,Tomato,Laterite,8.29,127,52,108,11.5,1089,71.3,High,9.4,1933.5,4.778
2021,Chickpea,Laterite,7.87,67,54,17,16.9,154,62.8,Low,5.3,187.42,0.463
2024,Watermelon,Sandy Loam,8.13,76,41,42,39.1,728,52.1,Low,9.9,3116.88,7.702
2025,Coffee,Loam,8.42,153,53,138,19.7,1900,38.8,Low,8.0,495.26,1.224
2021,Mustard,Red Soil,5.7,95,26,33,20.3,314,43.8,Medium,8.2,534.31,1.32
2026,Groundnut,Black Soil,7.7,53,40,64,13.6,484,71.0,Low,9.9,354.25,0.875
2026,Apple,Saline,7.63,71,33,153,26.5,150,74.4,High,6.1,466.54,1.153
2025,Wheat,Alluvial,7.7,105,34,76,31.7,747,75.1,High,4.4,425.9,1.052
2026,Maize,Silt Loam,5.11,228,75,66,28.5,566,91.1,Low,10.7,955.49,2.361
2023,Watermelon,Black Soil,5.15,10,51,83,38.1,619,50.8,High,6.5,1256.85,3.106
2023,Groundnut,Laterite,7.69,10,84,86,16.5,1144,73.6,Low,5.6,226.01,0.558
2025,Tomato,Silt Loam,5.06,157,78,107,33.2,150,71.9,Low,9.8,1518.01,3.751
2021,Onion,Peaty,8.75,111,28,99,29.6,483,59.0,Low,7.5,1172.51,2.897
2025,Rice,Sandy Loam,6.95,127,51,80,22.4,2018,71.5,Medium,4.2,1353.54,3.345
2022,Wheat,Sandy Loam,5.17,138,27,21,18.7,529,35.0,Medium,9.3,785.16,1.94
2023,Watermelon,Red Soil,6.84,155,57,106,22.1,919,35.5,Medium,5.0,7208.25,17.812
2023,Garlic,Silt Loam,6.41,71,51,66,17.8,427,92.6,Low,11.7,4238.1,10.473
2026,Maize,Red Soil,5.11,184,63,64,20.5,558,67.5,Low,7.4,694.78,1.717
2022,Sunflower,Red Soil,6.2,120,102,59,38.4,171,40.6,Low,11.9,248.59,0.614
2022,Potato,Saline,5.56,128,90,121,38.9,1204,59.0,Medium,8.9,3109.01,7.683
2022,Cotton,Silt Loam,4.6,116,70,64,20.9,944,37.0,High,11.5,464.98,1.149
2025,Potato,Sandy Loam,7.55,154,84,66,15.5,313,47.5,High,10.4,2896.09,7.156
2025,Watermelon,Silt Loam,4.67,107,44,90,20.4,863,86.7,Medium,10.9,4887.2,12.077
2021,Watermelon,Black Soil,6.5,144,47,92,25.7,675,56.9,Medium,4.7,9795.79,24.206
2025,Maize,Alluvial,6.26,180,59,93,23.5,821,94.4,High,9.1,3077.7,7.605
2021,Watermelon,Saline,7.01,126,37,112,20.1,868,45.7,High,6.9,4238.04,10.472
2024,Coffee,Loam,8.15,199,75,119,14.8,1746,93.5,Low,6.3,267.19,0.66
2020,Apple,Peaty,6.86,94,92,128,27.5,1296,90.7,Low,6.2,2103.25,5.197
2024,Rice,Sandy Loam,4.61,129,61,25,26.6,1444,32.5,Low,10.2,950.21,2.348
2020,Chickpea,Laterite,5.31,31,36,44,10.2,150,75.4,Low,5.3,80.0,0.198
2025,Coffee,Laterite,5.3,162,15,103,24.4,1101,44.9,High,10.4,397.92,0.983
2020,Banana,Peaty,7.85,223,71,271,35.5,1018,74.2,High,4.6,6221.99,15.375
2022,Soybean,Red Soil,4.88,61,59,56,14.3,1150,76.4,Medium,10.5,305.67,0.755
2021,Potato,Silt Loam,4.95,152,109,97,29.1,150,88.2,Medium,9.9,1948.85,4.816
2024,Soybean,Red Soil,6.43,22,65,52,20.2,1038,59.3,Low,11.0,867.05,2.143
2023,Banana,Red Soil,7.96,166,29,266,32.7,1460,62.6,High,10.1,9818.66,24.262
2021,Potato,Silt Loam,6.36,90,26,104,36.1,239,90.9,Medium,5.9,1176.46,2.907
2020,Coffee,Black Soil,4.82,121,33,163,25.6,1957,87.9,Low,8.4,435.71,1.077
2024,Coffee,Black Soil,5.13,90,28,84,37.3,1873,41.6,Low,4.3,193.43,0.478
2022,Garlic,Black Soil,7.8,138,32,79,10.8,957,43.5,Low,7.4,1914.72,4.731
2026,Chickpea,Laterite,7.84,10,35,41,13.9,372,92.0,High,12.0,447.58,1.106
2025,Banana,Loam,5.23,226,54,178,11.9,2437,90.6,Low,5.8,5195.38,12.838
2026,Banana,Peaty,5.95,127,94,263,26.8,2174,51.0,Low,8.4,20954.15,51.779
2026,Maize,Alluvial,7.69,164,77,34,10.8,1023,89.0,High,7.9,652.64,1.613
2025,Apple,Sandy Loam,4.85,140,25,68,26.4,730,47.1,High,11.6,1897.1,4.688
2023,Onion,Red Soil,7.52,101,58,89,19.0,572,33.3,Low,9.3,6575.68,16.249
2022,Watermelon,Saline,6.16,184,147,54,20.5,225,47.3,High,8.6,3883.09,9.595
2021,Cotton,Laterite,7.21,79,67,42,35.7,713,36.1,Low,11.5,544.78,1.346
2026,Tea,Peaty,8.07,169,11,96,18.5,1922,79.6,High,10.8,359.31,0.888
2021,Potato,Loam,6.37,173,79,74,23.5,421,44.0,Medium,11.3,6855.19,16.94
2021,Rice,Saline,7.78,121,26,33,28.1,2164,74.0,Low,7.0,665.23,1.644
2026,Onion,Loam,6.08,134,75,89,17.7,481,81.4,Medium,9.6,8843.96,21.854
2023,Maize,Laterite,7.53,117,121,22,10.3,415,41.0,High,4.5,323.8,0.8
2023,Mustard,Clay Loam,8.4,92,33,29,18.4,729,72.5,Medium,6.9,585.06,1.446
2021,Coffee,Loam,7.14,144,10,148,31.6,1076,35.2,Medium,4.3,123.87,0.306
2024,Onion,Clay Loam,7.73,131,82,36,34.2,549,78.1,High,8.3,2340.59,5.784
2025,Apple,Alluvial,5.94,106,10,122,27.1,1290,48.9,High,10.7,2353.8,5.816
2022,Barley,Peaty,6.37,108,10,37,17.9,371,31.5,Medium,8.3,871.79,2.154
2024,Onion,Saline,6.52,81,68,51,21.4,150,43.0,High,11.3,2573.96,6.36
2025,Potato,Alluvial,8.11,125,84,109,36.6,625,39.7,Medium,8.6,2620.5,6.475
2021,Barley,Loam,7.76,101,95,10,11.3,483,45.0,Low,6.7,534.88,1.322
2025,Soybean,Clay Loam,7.69,24,90,20,36.5,533,50.4,Low,11.1,253.78,0.627
2025,Wheat,Clay Loam,5.85,159,47,10,18.9,686,60.4,Low,10.1,1491.14,3.685
2025,Sunflower,Black Soil,8.27,138,30,47,16.8,769,39.6,Low,9.5,464.53,1.148
2026,Tea,Silt Loam,7.4,102,10,80,18.8,1977,35.3,Low,6.9,320.24,0.791
2025,Garlic,Laterite,7.17,98,105,46,12.7,938,65.5,High,6.9,2353.16,5.815
2023,Coffee,Loam,6.48,223,94,135,10.6,1237,31.4,Medium,7.8,323.04,0.798
2020,Barley,Laterite,8.31,101,50,73,10.1,517,88.4,Low,9.0,545.62,1.348
2021,Rice,Sandy Loam,4.86,165,62,10,29.8,1001,34.9,High,6.4,558.14,1.379
2026,Banana,Saline,8.48,120,76,254,29.4,2158,47.4,High,8.8,9200.58,22.735
2025,Soybean,Loam,4.54,120,10,57,25.4,1346,94.5,Low,4.2,326.47,0.807
2020,Barley,Red Soil,8.64,75,73,57,32.3,577,31.1,High,6.1,259.67,0.642
2025,Soybean,Laterite,6.51,72,55,56,22.4,1604,88.0,High,9.0,949.8,2.347
2022,Sugarcane,Loam,8.45,146,105,98,13.6,1700,70.4,High,6.9,5226.48,12.915
2022,Rice,Laterite,8.77,144,73,36,22.1,2038,58.8,High,7.3,638.08,1.577
2026,Onion,Loam,8.68,142,95,76,24.3,1074,85.1,High,4.6,3044.52,7.523
2025,Apple,Laterite,6.99,75,35,121,11.5,1198,91.2,High,11.7,4630.55,11.442
2022,Maize,Clay Loam,7.75,136,89,26,16.0,675,55.3,Low,10.1,874.51,2.161
2025,Rice,Laterite,5.46,171,43,60,39.7,1576,45.8,High,7.7,788.54,1.949
2021,Onion,Alluvial,7.69,80,30,79,25.9,642,61.1,Low,9.2,4922.16,12.163
2020,Wheat,Silt Loam,8.51,73,87,50,26.8,278,42.5,High,5.9,283.9,0.702
2022,Maize,Peaty,7.52,173,101,45,36.0,691,90.6,Low,10.3,678.03,1.675
2022,Apple,Silt Loam,8.59,92,70,111,19.8,898,93.5,Medium,7.2,2954.02,7.3
2024,Garlic,Laterite,7.83,80,40,10,23.8,795,52.0,Medium,6.9,985.49,2.435
2023,Watermelon,Alluvial,6.77,151,99,89,19.3,412,62.7,Medium,8.9,9272.07,22.912
2020,Onion,Saline,5.7,79,10,127,14.3,463,85.7,Medium,10.3,1870.66,4.622
2025,Tea,Laterite,6.32,102,35,93,20.2,1834,93.9,Low,11.7,630.56,1.558
2021,Barley,Peaty,4.65,109,27,39,13.6,867,69.5,Medium,11.8,619.12,1.53
2024,Apple,Alluvial,7.43,99,10,87,34.9,633,42.9,Medium,7.6,1329.67,3.286
2023,Groundnut,Silt Loam,7.97,44,84,14,19.5,1045,79.5,Medium,10.7,415.84,1.028
2020,Mustard,Peaty,7.84,127,10,40,21.6,314,75.9,Medium,5.1,413.64,1.022
2022,Watermelon,Clay Loam,7.2,117,42,61,29.6,613,78.1,Low,8.6,13120.58,32.422
2020,Barley,Laterite,4.58,68,68,45,29.7,270,83.4,High,7.1,220.42,0.545
2025,Tea,Saline,5.07,93,23,66,29.0,1383,64.0,Medium,10.4,344.89,0.852
2020,Sunflower,Laterite,7.78,93,86,49,32.0,150,79.2,Medium,4.6,226.21,0.559
2026,Banana,Black Soil,5.91,240,70,249,17.4,2320,52.8,Medium,4.0,10041.22,24.812
2020,Soybean,Silt Loam,7.24,52,42,132,27.5,914,80.4,Low,7.8,920.91,2.276
2023,Barley,Saline,5.53,69,63,55,25.9,244,70.9,Low,8.2,232.95,0.576
2026,Garlic,Peaty,4.55,39,28,15,36.1,639,90.9,Medium,10.8,657.7,1.625
2021,Soybean,Saline,7.63,85,63,24,39.6,278,88.7,High,4.9,100.09,0.247
2023,Watermelon,Peaty,6.18,161,47,142,30.1,468,67.2,Medium,11.7,12527.55,30.956
2023,Tomato,Peaty,6.69,167,70,82,16.6,594,88.0,Low,5.5,5085.73,12.567
2026,Potato,Peaty,5.66,98,71,100,39.1,673,90.4,High,7.5,3284.7,8.117
2026,Groundnut,Black Soil,8.74,22,38,46,24.8,202,71.8,Medium,11.7,329.04,0.813
2025,Rice,Clay Loam,6.21,194,106,64,29.9,1545,93.7,Medium,10.6,3036.78,7.504
2022,Wheat,Clay Loam,6.13,82,44,79,13.7,464,83.0,Low,7.8,944.09,2.333
2022,Garlic,Peaty,5.49,103,37,63,25.1,194,81.9,Medium,5.1,846.67,2.092
2025,Rice,Laterite,6.92,195,44,64,15.5,1272,74.2,High,8.4,837.04,2.068
2023,Rice,Black Soil,5.92,206,15,32,18.5,1563,71.4,Medium,8.7,1199.02,2.963
2025,Onion,Peaty,8.3,146,38,50,35.3,246,50.7,High,11.2,887.26,2.192
2022,Rice,Silt Loam,5.76,176,64,46,20.5,1234,66.4,Medium,4.9,1328.94,3.284
2026,Tea,Peaty,5.32,165,25,70,38.0,1137,63.6,Low,10.6,265.11,0.655
2023,Barley,Silt Loam,7.85,148,19,67,39.7,150,64.8,Medium,11.9,222.08,0.549
2021,Apple,Silt Loam,6.08,112,42,80,22.5,710,93.1,Medium,5.4,4287.09,10.594
2020,Cotton,Silt Loam,6.88,132,27,12,22.6,726,87.0,Low,4.6,395.68,0.978
2021,Sugarcane,Silt Loam,7.42,214,67,107,12.4,1603,78.8,High,8.0,11140.15,27.528
2022,Chickpea,Silt Loam,5.09,10,36,31,17.5,217,40.0,Medium,8.1,203.75,0.503
2022,Tomato,Laterite,4.98,181,83,107,12.8,733,36.5,Medium,4.2,2438.21,6.025
2020,Banana,Clay Loam,7.38,226,115,258,19.8,1582,94.1,Medium,7.1,13566.16,33.523
2024,Tomato,Clay Loam,6.26,149,51,110,29.4,694,92.0,Low,6.8,7033.1,17.379
2025,Sunflower,Silt Loam,6.04,166,58,50,37.1,526,82.0,Medium,4.9,402.68,0.995
2021,Groundnut,Loam,6.5,10,42,10,30.5,494,81.7,Low,9.4,662.29,1.637
2020,Coffee,Peaty,8.12,220,18,110,38.2,1461,84.7,Low,10.3,126.85,0.313
2025,Watermelon,Saline,8.57,43,52,141,18.0,739,53.2,Medium,5.4,1708.72,4.222
2020,Banana,Sandy Loam,7.62,201,71,229,28.0,2153,37.5,High,10.5,16435.98,40.614
2023,Groundnut,Clay Loam,6.06,21,53,66,17.3,650,90.1,Low,9.1,753.83,1.863
2022,Onion,Saline,5.4,107,59,46,28.7,302,67.0,Low,8.3,1025.97,2.535
2023,Wheat,Clay Loam,4.77,115,61,27,27.6,449,56.1,Low,9.1,508.16,1.256
2020,Potato,Red Soil,7.53,115,109,86,12.4,150,71.2,Low,5.4,1105.62,2.732
2025,Groundnut,Silt Loam,6.65,50,84,80,15.8,735,49.5,Low,6.0,778.86,1.925
2025,Banana,Alluvial,4.58,237,80,276,24.5,2072,31.2,Medium,9.8,16358.41,40.422
2026,Barley,Silt Loam,8.27,82,22,40,33.0,214,42.2,Medium,10.5,257.87,0.637
2026,Sunflower,Alluvial,5.91,131,23,36,24.8,801,75.4,Medium,6.7,843.36,2.084
2024,Wheat,Peaty,6.89,189,45,30,24.1,1053,39.1,Low,9.4,1627.34,4.021
2020,Mustard,Red Soil,6.52,132,70,21,30.2,150,33.6,Medium,8.6,208.33,0.515
2023,Tomato,Laterite,5.8,155,92,99,19.2,692,48.5,Medium,8.2,8925.35,22.055
2025,Groundnut,Loam,8.64,42,94,32,24.7,150,38.3,High,6.1,230.72,0.57
2022,Onion,Loam,8.51,96,75,81,25.6,150,56.0,Low,11.5,1804.67,4.459
2022,Barley,Black Soil,6.98,71,10,97,34.6,735,55.6,High,9.4,500.79,1.237
2026,Garlic,Laterite,8.31,99,54,94,39.5,965,83.2,Low,11.3,1007.31,2.489
2022,Sunflower,Laterite,6.48,97,65,30,25.3,553,60.8,High,4.7,872.28,2.155
2026,Cotton,Laterite,6.01,141,55,11,27.4,1131,72.4,High,9.9,487.93,1.206
2022,Tea,Peaty,6.16,160,21,63,21.2,1005,92.7,High,7.2,410.67,1.015
2021,Tea,Clay Loam,7.29,122,22,69,30.9,1777,88.3,Low,8.8,195.09,0.482
2022,Coffee,Silt Loam,6.56,156,55,109,10.8,1892,89.7,Medium,5.7,337.47,0.834
2021,Rice,Sandy Loam,7.75,183,47,37,30.0,866,72.2,Medium,11.8,705.79,1.744
2020,Wheat,Alluvial,6.36,152,70,17,14.2,656,81.3,Low,5.8,934.79,2.31
2020,Coffee,Saline,6.1,211,42,81,34.5,1752,31.0,Low,12.0,251.61,0.622
2021,Apple,Alluvial,4.89,138,60,59,30.0,597,84.2,Low,8.6,1451.12,3.586
2022,Maize,Saline,5.69,168,61,40,11.6,812,72.8,High,6.2,421.79,1.042
2020,Watermelon,Black Soil,4.92,88,73,92,22.9,252,53.0,Low,5.3,2177.95,5.382
2023,Maize,Red Soil,7.08,129,79,23,28.4,595,60.1,Medium,11.7,1433.94,3.543
2021,Tea,Silt Loam,4.65,120,37,10,31.0,1640,59.8,Low,9.3,261.52,0.646
2024,Soybean,Saline,5.37,31,89,52,36.9,821,77.4,Medium,8.2,267.33,0.661
2025,Banana,Clay Loam,7.7,227,38,267,29.2,1136,73.7,Medium,5.4,9038.87,22.335
2024,Soybean,Black Soil,4.88,11,91,22,22.4,973,78.1,Medium,6.0,277.56,0.686
2026,Cotton,Peaty,8.78,80,72,67,16.3,1284,45.7,Low,9.2,236.11,0.583
2026,Potato,Red Soil,6.83,154,60,131,17.9,456,68.2,Low,8.3,6075.37,15.013
2025,Soybean,Peaty,8.25,65,37,66,16.4,638,39.2,Low,10.7,346.38,0.856
2026,Banana,Black Soil,7.58,219,47,308,12.9,2044,41.1,High,4.7,6278.63,15.515
2025,Groundnut,Laterite,8.12,10,66,24,12.3,150,52.6,Medium,4.8,80.0,0.198
2022,Mustard,Alluvial,8.06,133,43,10,12.5,378,40.3,Low,9.7,569.93,1.408
2023,Tomato,Red Soil,6.96,155,103,94,38.1,498,82.0,High,5.8,3357.92,8.298
2025,Cotton,Red Soil,7.29,101,48,72,20.6,672,91.4,High,6.4,597.98,1.478
2026,Tomato,Silt Loam,7.2,130,103,135,39.5,150,81.9,Low,5.5,1475.29,3.646
2025,Sunflower,Silt Loam,4.81,68,38,10,24.4,559,30.6,Medium,5.9,361.87,0.894
2026,Groundnut,Peaty,8.0,52,31,10,29.4,150,32.9,Low,4.6,149.3,0.369
2020,Garlic,Alluvial,4.5,28,54,54,10.2,435,58.5,High,8.1,1040.29,2.571
2023,Groundnut,Sandy Loam,4.64,39,45,79,15.7,398,34.2,Low,8.4,205.99,0.509
2026,Onion,Laterite,5.71,114,58,107,35.8,1167,49.1,Low,8.0,2484.87,6.14
2020,Coffee,Alluvial,6.97,149,10,117,18.1,1414,86.2,High,6.9,377.97,0.934
2024,Mustard,Laterite,7.7,31,61,10,15.8,150,48.1,Medium,10.5,327.22,0.809
2021,Onion,Clay Loam,5.66,63,22,110,18.1,279,48.6,Low,8.6,2289.15,5.657
2025,Potato,Black Soil,8.16,89,36,114,15.8,518,55.2,Medium,7.2,3616.26,8.936
2020,Mustard,Loam,7.89,64,51,15,37.7,563,57.8,High,9.3,352.72,0.872
2023,Coffee,Clay Loam,5.3,176,50,143,10.2,1486,75.4,Medium,10.3,424.74,1.05
2026,Potato,Laterite,7.01,98,98,87,35.8,1238,51.4,Low,5.5,1535.07,3.793
2025,Garlic,Clay Loam,5.32,68,30,39,10.7,150,45.4,High,5.1,700.73,1.732
2025,Barley,Clay Loam,8.69,59,64,69,11.1,475,39.2,High,4.8,430.73,1.064
2022,Soybean,Saline,5.56,21,51,37,12.3,414,77.4,Medium,10.1,185.47,0.458
2020,Garlic,Peaty,4.61,115,36,46,27.3,414,49.9,Low,7.7,843.41,2.084
2023,Onion,Black Soil,7.4,146,51,88,27.6,973,79.3,Low,4.8,4062.57,10.039
2020,Groundnut,Loam,6.61,10,46,44,22.3,482,47.9,Medium,11.9,941.46,2.326
2021,Barley,Loam,6.94,73,35,22,25.8,150,45.5,Low,10.6,557.0,1.376
2022,Wheat,Red Soil,7.83,150,84,70,11.0,752,78.1,High,8.7,850.86,2.103
2023,Rice,Silt Loam,8.16,116,10,86,34.7,1261,81.6,High,4.4,466.45,1.153
2025,Maize,Alluvial,8.59,181,85,65,21.7,431,77.7,Low,5.3,687.45,1.699
2026,Barley,Laterite,5.86,79,91,10,25.6,183,64.2,Low,9.6,239.52,0.592
2021,Barley,Red Soil,8.63,111,78,10,36.2,501,61.3,Medium,5.9,204.36,0.505
2024,Potato,Laterite,4.87,118,98,117,33.0,584,91.4,Low,10.6,2872.73,7.099
2022,Tea,Silt Loam,4.82,98,10,78,15.1,1823,51.4,Medium,8.7,667.27,1.649
2026,Chickpea,Saline,5.36,10,60,10,34.2,303,61.9,Low,10.5,80.27,0.198
2021,Coffee,Clay Loam,5.11,136,23,67,34.9,1667,34.4,Medium,4.7,181.24,0.448
2023,Coffee,Black Soil,6.63,79,33,83,37.7,1143,51.9,Medium,8.1,186.19,0.46
2021,Apple,Loam,7.36,117,10,81,35.3,957,41.7,High,10.4,1761.77,4.353
2022,Onion,Clay Loam,6.07,75,58,51,37.6,814,42.4,High,10.8,2983.34,7.372
2026,Sunflower,Alluvial,5.01,104,76,10,35.3,150,90.3,Medium,8.8,120.14,0.297
2022,Apple,Laterite,5.75,95,46,97,29.8,427,55.4,High,4.3,1438.13,3.554
2026,Tomato,Clay Loam,7.18,135,38,106,19.0,586,84.4,High,6.9,6833.75,16.887
2020,Tomato,Red Soil,8.32,137,141,101,14.9,943,41.3,Low,5.0,2772.9,6.852
2021,Tea,Clay Loam,6.07,97,46,60,26.4,2056,89.3,Medium,6.7,461.9,1.141
2024,Chickpea,Peaty,7.98,32,71,28,29.2,150,52.9,High,9.3,338.03,0.835
2020,Sugarcane,Peaty,7.67,242,89,91,34.5,1690,32.2,High,10.0,22082.76,54.568
2025,Tomato,Black Soil,7.89,163,45,78,32.4,1073,87.7,High,6.1,2711.47,6.7
2022,Mustard,Sandy Loam,6.51,139,54,10,20.6,418,33.1,Low,9.4,846.06,2.091
2023,Cotton,Alluvial,8.36,80,66,65,17.3,333,38.6,Low,9.1,195.84,0.484
2025,Rice,Sandy Loam,6.93,188,31,41,31.8,1182,43.5,High,8.8,1383.56,3.419
2022,Cotton,Black Soil,7.08,101,35,13,11.5,150,51.4,Medium,11.1,140.58,0.347
2021,Barley,Black Soil,5.37,74,10,46,14.9,652,65.9,High,7.3,490.49,1.212
2025,Tomato,Sandy Loam,8.08,192,110,105,14.9,484,43.0,Medium,8.8,3428.06,8.471
2025,Mustard,Sandy Loam,5.01,88,78,10,21.4,370,54.2,Medium,9.2,422.93,1.045
2023,Wheat,Black Soil,4.53,124,63,35,11.0,661,81.7,High,10.0,656.07,1.621
2023,Apple,Clay Loam,5.86,96,10,110,35.6,509,72.1,Low,6.1,1138.69,2.814
2022,Watermelon,Clay Loam,7.02,114,86,92,14.0,982,75.4,High,6.1,4403.55,10.881
2023,Apple,Loam,4.96,72,42,139,39.1,1165,88.5,High,8.5,2005.93,4.957
2024,Sunflower,Sandy Loam,7.63,131,38,10,21.0,557,54.8,Low,11.1,574.48,1.42
2025,Mustard,Sandy Loam,7.31,80,45,20,36.2,189,46.6,High,10.0,308.46,0.762
2025,Groundnut,Loam,6.59,18,91,50,38.0,532,75.8,High,9.6,677.44,1.674
2020,Maize,Alluvial,6.14,150,69,90,30.6,519,67.6,Low,9.1,1326.35,3.277
2021,Soybean,Sandy Loam,6.53,43,82,55,20.2,150,55.9,High,10.6,454.52,1.123
2021,Potato,Saline,4.66,70,28,129,21.6,282,73.5,Low,9.1,2151.27,5.316
2020,Banana,Black Soil,7.23,207,79,250,26.9,1581,53.6,High,6.6,20079.84,49.618
2025,Tomato,Laterite,5.65,192,74,63,37.8,1264,90.5,Low,10.0,3098.54,7.657
2020,Sugarcane,Alluvial,7.74,221,63,63,30.1,1224,35.1,Low,9.5,18380.37,45.419
2025,Groundnut,Laterite,7.23,10,57,12,34.9,782,54.9,High,7.9,382.33,0.945
2021,Potato,Silt Loam,4.92,148,116,108,25.2,291,80.9,Medium,8.8,4153.21,10.263
2021,Rice,Silt Loam,6.91,213,52,56,33.6,1669,61.2,Low,8.7,1844.21,4.557
2024,Banana,Peaty,4.52,153,59,205,32.8,1013,73.2,Medium,9.3,7297.39,18.032
2026,Maize,Red Soil,5.74,134,64,74,36.8,1176,88.8,Low,7.0,693.91,1.715
2022,Watermelon,Loam,5.7,95,71,73,19.8,258,55.3,Low,8.4,3557.37,8.79
2020,Banana,Silt Loam,6.91,190,73,242,25.0,2009,82.2,Low,7.0,21511.12,53.155
2020,Sunflower,Peaty,7.89,118,92,47,14.6,400,80.4,High,11.1,439.14,1.085
2021,Tea,Black Soil,5.5,153,34,76,21.1,2038,75.5,High,7.7,966.52,2.388
2024,Groundnut,Silt Loam,4.63,22,57,11,18.2,678,49.8,High,8.8,377.18,0.932
2023,Banana,Black Soil,7.78,203,10,266,26.6,1443,46.6,Low,6.1,7138.28,17.639
2024,Maize,Laterite,7.53,112,91,63,24.4,437,84.3,Medium,7.4,1091.93,2.698
2021,Maize,Clay Loam,5.25,149,47,73,39.3,191,73.6,High,11.7,235.09,0.581
2021,Maize,Loam,5.69,156,71,54,35.0,1367,62.4,Low,4.7,640.59,1.583
2024,Apple,Loam,7.09,107,69,90,30.0,537,72.0,Low,8.2,1808.6,4.469
2022,Watermelon,Clay Loam,8.07,78,135,185,22.8,166,91.3,High,4.8,2829.49,6.992
2024,Soybean,Saline,4.99,10,12,15,27.2,794,72.0,Medium,4.3,219.16,0.542
2024,Watermelon,Black Soil,6.18,103,30,70,13.7,1018,86.9,Medium,11.7,4094.92,10.119
2025,Chickpea,Loam,6.64,37,64,42,22.9,150,68.7,High,11.2,546.36,1.35
2023,Barley,Sandy Loam,6.2,96,52,53,39.9,1014,72.2,Medium,5.4,379.04,0.937
2021,Banana,Alluvial,8.07,156,48,279,22.2,2432,49.1,High,7.5,9111.8,22.516
2025,Barley,Clay Loam,7.27,64,58,31,30.0,302,88.2,High,5.2,443.09,1.095
2024,Watermelon,Red Soil,6.4,161,29,119,10.0,954,81.1,Low,5.2,2944.41,7.276
2024,Soybean,Sandy Loam,8.5,25,43,117,36.1,772,37.3,Low,10.6,231.74,0.573
2026,Coffee,Peaty,6.08,112,20,161,14.6,1509,81.0,Low,8.1,458.38,1.133
2021,Coffee,Laterite,5.28,119,56,128,25.9,2102,39.5,High,6.7,378.38,0.935
2025,Soybean,Black Soil,8.04,33,91,59,35.6,1270,63.7,High,11.9,350.36,0.866
2024,Chickpea,Clay Loam,6.08,10,47,15,38.6,150,91.7,Medium,8.0,80.0,0.198
2025,Rice,Clay Loam,5.46,112,21,85,25.5,768,78.3,Medium,9.7,1210.77,2.992
2025,Garlic,Laterite,5.4,42,77,45,16.6,754,44.3,High,8.2,2262.63,5.591
2021,Groundnut,Saline,5.12,96,57,25,37.8,578,75.2,High,9.0,248.84,0.615
2024,Watermelon,Clay Loam,6.03,168,81,76,28.2,573,56.4,Medium,5.8,10022.84,24.767
2024,Groundnut,Saline,5.23,27,54,47,18.3,150,47.7,Low,11.7,229.5,0.567
2020,Tea,Silt Loam,6.8,88,10,67,31.0,2264,51.9,Low,6.6,148.1,0.366
2020,Cotton,Saline,6.84,82,40,66,25.5,252,40.7,Low,11.3,332.29,0.821
2025,Wheat,Alluvial,8.38,119,46,82,39.2,234,88.2,High,9.7,251.57,0.622
2024,Apple,Saline,5.27,73,30,110,11.9,620,58.6,Medium,7.2,2964.14,7.325
2024,Soybean,Alluvial,7.65,59,10,81,30.5,531,32.2,High,11.0,491.53,1.215
2025,Garlic,Black Soil,8.44,47,82,22,27.0,1005,58.1,Low,5.2,821.37,2.03
2023,Groundnut,Laterite,7.03,83,34,26,33.6,150,79.7,Low,10.0,319.63,0.79
2020,Tomato,Red Soil,5.98,112,107,94,38.1,257,84.2,High,8.5,2154.25,5.323
2023,Maize,Silt Loam,6.93,153,79,30,26.6,662,58.8,Medium,12.0,2133.36,5.272
2020,Mustard,Red Soil,4.65,16,63,40,14.6,353,47.7,Low,12.0,233.86,0.578
2022,Groundnut,Clay Loam,8.19,25,51,26,30.9,150,85.6,Low,7.4,212.77,0.526
2025,Tomato,Clay Loam,5.38,145,50,129,34.2,678,38.7,Medium,5.7,2725.29,6.734
2022,Sugarcane,Clay Loam,5.65,235,107,59,27.8,2096,40.4,High,4.9,14921.2,36.871
2020,Apple,Red Soil,8.39,169,83,64,39.6,370,70.5,High,10.6,837.11,2.069
2023,Tea,Sandy Loam,5.16,131,14,64,24.9,1746,33.2,Low,8.9,580.55,1.435
2026,Watermelon,Peaty,8.34,116,81,80,19.0,500,48.5,High,4.5,3597.78,8.89
2021,Soybean,Sandy Loam,5.28,52,22,32,11.5,426,91.4,High,11.1,194.69,0.481
2026,Banana,Clay Loam,6.54,226,53,259,28.3,1481,82.4,Medium,8.3,27153.28,67.097
2021,Chickpea,Peaty,6.12,28,56,39,31.0,151,86.2,High,6.7,139.72,0.345
2024,Barley,Clay Loam,8.49,107,29,10,35.1,447,83.3,Low,4.3,183.7,0.454
2024,Tomato,Sandy Loam,7.36,176,96,96,13.0,813,49.4,High,10.2,5125.0,12.664
2020,Chickpea,Laterite,7.45,10,34,10,25.3,912,66.3,High,4.7,348.19,0.86
2020,Mustard,Laterite,5.56,143,59,10,31.7,150,72.5,Medium,9.3,95.6,0.236
2021,Wheat,Alluvial,7.52,186,65,58,36.0,317,82.9,Medium,6.1,352.39,0.871
2026,Cotton,Silt Loam,4.53,155,51,63,27.7,591,81.5,Low,10.8,502.37,1.241
2026,Wheat,Red Soil,7.43,83,79,34,23.3,545,48.7,High,11.4,1500.87,3.709
2022,Tea,Black Soil,4.64,131,10,68,19.2,1909,87.8,Medium,11.5,820.02,2.026
2023,Garlic,Sandy Loam,5.34,81,30,89,35.2,150,49.3,High,7.4,396.65,0.98
2021,Mustard,Alluvial,4.52,48,44,28,30.4,578,53.5,Medium,4.5,189.0,0.467
2025,Watermelon,Red Soil,6.43,104,17,87,22.1,150,90.1,High,7.9,2644.27,6.534
2023,Cotton,Laterite,4.62,104,43,58,37.3,865,86.1,Medium,11.0,302.44,0.747
2020,Tomato,Peaty,8.59,152,94,149,25.9,150,54.7,High,8.3,2499.95,6.178
2023,Garlic,Black Soil,7.48,65,37,39,32.1,821,92.5,Low,4.6,990.47,2.448
2025,Mustard,Peaty,5.01,117,10,28,18.8,963,90.3,Low,8.3,391.37,0.967
2024,Apple,Sandy Loam,4.67,167,48,110,34.5,598,65.0,Medium,7.3,1267.92,3.133
2024,Wheat,Peaty,6.68,96,61,10,14.9,277,40.7,High,7.6,605.31,1.496
2020,Watermelon,Sandy Loam,7.2,85,67,65,16.2,301,31.9,Low,9.7,2793.17,6.902
2025,Tea,Sandy Loam,7.31,133,24,90,22.0,1844,62.8,Low,10.0,388.84,0.961
2023,Soybean,Peaty,7.36,39,51,10,33.0,701,94.1,High,5.4,367.82,0.909
2020,Onion,Sandy Loam,7.06,79,51,52,38.1,1135,42.1,Medium,6.4,1574.75,3.891
2021,Garlic,Red Soil,5.13,115,39,92,27.2,1333,75.8,Low,9.0,1453.49,3.592
2025,Coffee,Saline,7.03,131,38,97,37.6,1931,48.2,Medium,12.0,203.04,0.502
2021,Potato,Clay Loam,4.74,128,52,80,13.3,150,71.4,Medium,5.6,1782.47,4.405
2026,Sunflower,Red Soil,6.9,112,54,47,33.0,894,71.9,High,4.1,617.84,1.527
2025,Rice,Saline,5.93,159,55,98,38.8,1871,84.3,Low,6.0,621.08,1.535
2023,Apple,Peaty,4.52,73,54,99,20.4,569,75.0,Low,4.9,1529.51,3.779
2021,Sugarcane,Alluvial,8.38,184,91,55,29.7,1020,85.4,Medium,5.4,7346.9,18.155
2020,Rice,Peaty,6.21,104,71,23,27.2,1119,44.7,High,9.7,1854.34,4.582
2025,Banana,Laterite,6.46,261,61,225,14.7,2064,48.9,Medium,6.0,8445.24,20.869
2023,Soybean,Loam,5.81,10,33,81,26.7,150,53.5,Low,8.8,319.07,0.788
2021,Potato,Red Soil,6.83,211,51,127,33.3,150,40.6,Medium,6.0,903.2,2.232
2021,Onion,Silt Loam,6.85,140,53,82,12.0,1020,40.5,Medium,11.6,6493.98,16.047
2022,Tea,Black Soil,8.45,135,39,86,21.7,2360,70.4,High,9.9,590.73,1.46
2021,Watermelon,Clay Loam,6.0,72,81,66,20.7,561,90.8,High,11.2,8089.99,19.991
2022,Onion,Clay Loam,8.71,119,99,69,31.9,942,48.7,Low,8.3,1969.84,4.868
2022,Onion,Loam,6.2,99,74,65,28.7,1763,63.2,Low,11.5,4838.75,11.957
2026,Garlic,Peaty,8.01,94,46,81,20.9,1295,48.1,Medium,8.9,2415.22,5.968
2022,Tea,Peaty,6.56,109,19,93,12.9,1336,51.6,Low,11.8,278.21,0.687
2024,Potato,Saline,7.89,123,40,123,20.0,163,42.9,High,6.2,1090.62,2.695
2020,Onion,Black Soil,5.23,154,45,87,31.0,150,91.9,High,4.8,664.08,1.641
2024,Maize,Clay Loam,7.85,107,33,95,10.4,752,34.8,Medium,5.0,587.17,1.451
2023,Watermelon,Peaty,8.12,112,86,82,31.4,548,68.0,High,4.4,6070.52,15.001
2021,Mustard,Clay Loam,7.76,59,60,71,16.3,520,75.1,Low,5.8,800.48,1.978
2024,Mustard,Silt Loam,4.6,83,10,26,16.7,386,36.3,Medium,11.6,443.96,1.097
2023,Maize,Alluvial,7.68,174,47,63,14.1,1001,37.1,High,8.3,1052.96,2.602
2023,Wheat,Laterite,6.79,63,29,10,35.8,486,50.7,Low,7.6,304.13,0.752
2022,Apple,Loam,4.64,87,35,113,26.2,649,58.3,High,8.5,1773.63,4.383
2023,Wheat,Silt Loam,8.25,39,24,62,17.5,514,85.7,High,4.7,535.0,1.322
2022,Coffee,Clay Loam,4.76,171,31,87,32.4,1018,53.2,Low,6.4,115.58,0.286
2024,Apple,Alluvial,4.8,73,51,96,12.5,1056,44.9,High,10.9,4952.25,12.237
2023,Banana,Saline,4.71,185,73,243,27.9,1972,64.0,Medium,10.8,11483.75,28.377
2025,Barley,Alluvial,7.46,107,57,30,22.6,278,85.1,Low,8.0,1089.94,2.693
2022,Soybean,Peaty,5.66,18,90,56,18.8,767,78.9,High,11.6,593.11,1.466
2021,Coffee,Saline,6.57,177,17,111,30.7,2096,67.2,Low,5.5,195.52,0.483
2021,Onion,Silt Loam,5.3,99,57,104,36.5,695,90.6,Low,7.5,2129.23,5.261
2022,Apple,Saline,5.45,134,63,100,17.0,1191,84.4,Low,5.4,4007.84,9.904
2026,Mustard,Peaty,6.28,93,36,14,16.1,252,79.3,High,8.1,582.38,1.439
2021,Tomato,Red Soil,7.0,157,76,133,19.8,686,79.7,High,5.1,7113.03,17.577
2020,Mustard,Saline,8.45,67,10,37,26.7,205,45.9,High,4.7,123.95,0.306
2023,Apple,Black Soil,4.72,94,18,115,18.7,987,73.1,Low,7.1,2873.32,7.1
2021,Cotton,Laterite,4.61,123,85,37,28.4,922,32.8,Medium,5.3,363.71,0.899
2020,Cotton,Saline,5.06,121,27,32,13.4,923,35.0,Low,4.2,114.91,0.284
2024,Chickpea,Sandy Loam,5.16,10,69,42,14.3,839,42.9,Low,7.6,204.75,0.506
2026,Tea,Sandy Loam,5.41,61,20,40,12.1,1659,38.0,Low,8.8,381.96,0.944
2024,Chickpea,Black Soil,6.64,41,85,79,36.4,150,53.5,Low,11.7,196.36,0.485
2021,Sunflower,Loam,5.15,84,51,66,14.2,884,68.7,High,5.2,224.39,0.554
2020,Apple,Saline,8.62,58,47,81,37.1,550,87.6,Medium,11.0,825.94,2.041
2024,Wheat,Silt Loam,6.41,130,81,28,10.2,562,71.9,Medium,11.3,1235.64,3.053
2020,Garlic,Red Soil,7.35,84,39,34,36.2,624,32.6,High,9.8,1406.82,3.476
2021,Tomato,Sandy Loam,7.77,157,69,105,10.6,639,30.5,Low,9.9,2996.38,7.404
2026,Banana,Clay Loam,7.01,253,92,297,31.2,1513,48.6,High,11.1,28115.73,69.475
2023,Watermelon,Alluvial,7.53,97,75,92,26.4,842,48.8,High,7.4,10676.74,26.383
2022,Barley,Black Soil,5.13,118,56,20,14.4,460,93.7,Medium,4.5,531.91,1.314
2024,Banana,Red Soil,5.74,225,93,243,38.2,1835,71.7,High,7.6,8987.56,22.209
2023,Chickpea,Black Soil,8.74,37,40,28,22.6,715,91.0,Low,11.3,738.13,1.824
2022,Coffee,Silt Loam,5.28,158,21,97,26.7,1275,32.1,High,8.9,466.5,1.153
2026,Groundnut,Sandy Loam,8.75,18,68,65,20.7,370,77.3,Medium,9.4,372.03,0.919
2025,Coffee,Red Soil,7.38,169,46,110,16.7,1559,54.8,Low,10.9,458.5,1.133
2020,Sugarcane,Alluvial,8.23,226,83,94,31.3,1976,75.3,Low,6.3,13343.85,32.973
2020,Garlic,Sandy Loam,4.73,65,31,82,16.4,377,43.0,Medium,10.1,1510.45,3.732
2020,Sunflower,Sandy Loam,5.63,83,96,10,31.0,732,59.2,Medium,9.4,502.46,1.242
2020,Soybean,Alluvial,8.7,12,62,40,27.6,977,76.3,Low,10.2,507.04,1.253
2024,Barley,Sandy Loam,6.25,77,48,33,21.9,451,64.7,Medium,6.8,1022.99,2.528
2025,Tea,Alluvial,5.37,186,40,36,31.0,1565,34.6,Low,10.7,433.81,1.072
2025,Wheat,Alluvial,6.15,82,60,65,25.9,839,33.5,Medium,8.5,1720.73,4.252
2023,Tea,Silt Loam,6.74,137,58,107,35.0,1834,72.1,High,5.0,203.47,0.503
2024,Mustard,Red Soil,6.99,19,57,40,39.0,371,78.6,High,5.9,268.16,0.663
2025,Cotton,Clay Loam,8.16,158,53,48,23.3,848,68.9,Medium,10.5,890.85,2.201
2022,Sugarcane,Alluvial,8.52,280,101,115,18.7,1735,65.0,Low,9.9,7650.71,18.905
2020,Onion,Silt Loam,7.8,101,64,87,22.0,338,94.5,High,11.3,4860.5,12.011
2024,Maize,Peaty,7.92,170,64,38,22.8,690,75.1,Low,7.8,1360.29,3.361
2025,Apple,Clay Loam,5.37,76,49,79,29.0,397,58.6,High,8.5,1820.9,4.5
2021,Coffee,Black Soil,7.29,119,28,113,35.1,1908,56.8,Medium,7.5,183.81,0.454
2020,Onion,Sandy Loam,7.79,144,13,86,26.4,159,87.8,Medium,11.2,1331.5,3.29
2024,Watermelon,Sandy Loam,4.59,109,102,65,21.1,571,72.0,High,7.0,3929.03,9.709
2024,Coffee,Peaty,6.51,197,27,125,23.5,1396,51.8,Medium,11.4,635.92,1.571
2024,Tomato,Loam,8.75,183,116,147,28.4,682,82.3,Low,7.2,5115.69,12.641
2020,Tomato,Saline,5.71,160,65,114,12.1,1067,47.1,Low,11.1,3744.42,9.253
2021,Sunflower,Black Soil,7.36,94,39,69,18.7,934,56.9,Low,6.6,709.08,1.752
2020,Tea,Clay Loam,7.72,114,10,87,29.2,1636,91.1,High,4.7,170.58,0.422
2026,Cotton,Red Soil,7.61,97,60,42,33.2,336,76.5,Low,6.4,273.34,0.675
2020,Banana,Alluvial,8.77,171,22,265,11.8,1271,90.3,Medium,6.4,2780.87,6.872
2026,Sugarcane,Clay Loam,8.21,227,51,99,36.6,1473,60.2,High,9.6,13072.67,32.303
2021,Chickpea,Saline,5.65,10,41,10,17.7,159,34.9,High,11.9,113.14,0.28
2023,Banana,Clay Loam,5.65,185,123,258,22.5,2249,91.7,Low,11.0,19741.03,48.781
2020,Mustard,Red Soil,6.81,29,47,66,10.2,562,83.5,High,7.7,369.39,0.913
2024,Coffee,Silt Loam,6.35,102,34,97,33.2,1089,62.4,Low,10.8,223.45,0.552
2026,Sunflower,Loam,6.73,64,47,11,15.2,665,53.2,High,5.5,489.69,1.21
2024,Mustard,Laterite,6.74,80,10,25,29.6,150,75.5,Low,10.9,161.83,0.4
2022,Rice,Loam,6.02,133,64,52,20.9,1265,40.0,Medium,11.5,2100.71,5.191
2023,Maize,Red Soil,7.64,155,87,74,36.2,795,39.7,High,6.8,709.8,1.754
2025,Banana,Sandy Loam,8.48,254,80,240,36.5,1150,45.9,Medium,5.8,4461.47,11.025
2021,Apple,Loam,5.09,133,39,86,23.4,749,31.5,Low,8.2,3209.99,7.932
2022,Banana,Sandy Loam,7.24,218,88,231,30.0,1373,59.6,Medium,7.2,14205.97,35.104
2024,Rice,Laterite,6.39,175,39,102,25.0,1340,89.6,High,4.1,1586.28,3.92
2022,Groundnut,Sandy Loam,5.87,10,107,36,14.1,526,61.6,Low,10.8,297.1,0.734
2020,Mustard,Black Soil,7.45,56,55,38,22.0,495,34.1,High,6.7,710.97,1.757
2022,Maize,Clay Loam,6.38,118,43,76,39.6,619,64.8,Low,4.6,564.04,1.394
2024,Watermelon,Loam,7.17,122,95,124,26.9,838,37.5,High,11.2,17774.38,43.921
2025,Banana,Loam,8.3,160,46,283,30.5,1698,31.7,Low,4.1,8518.21,21.049
2023,Coffee,Alluvial,4.9,122,44,85,38.9,1538,56.2,High,11.6,238.31,0.589
2026,Tomato,Sandy Loam,6.49,163,104,106,36.3,741,65.0,Low,11.4,6103.48,15.082
2022,Mustard,Loam,5.67,60,37,11,29.5,378,59.8,Medium,8.3,269.68,0.666
2023,Sugarcane,Clay Loam,7.89,284,101,112,10.5,2404,84.1,Medium,11.3,10422.94,25.756
2021,Soybean,Sandy Loam,5.02,43,59,45,17.0,305,73.2,Medium,9.1,205.96,0.509
2022,Tea,Sandy Loam,7.73,148,10,46,19.2,1769,52.0,High,10.2,352.59,0.871
2023,Sugarcane,Black Soil,7.98,146,88,57,33.3,2226,66.5,High,8.8,17130.01,42.329
2026,Barley,Saline,8.64,82,36,62,12.9,576,30.3,High,9.5,504.26,1.246
2024,Coffee,Peaty,8.49,172,69,136,36.7,1730,60.7,Low,10.6,213.4,0.527
2024,Barley,Silt Loam,6.64,80,46,14,36.5,208,51.5,Low,8.4,260.07,0.643
2021,Garlic,Red Soil,5.26,115,58,74,35.1,411,75.1,Low,7.1,717.86,1.774
2022,Onion,Clay Loam,4.55,78,45,103,28.3,150,36.3,High,9.4,1240.19,3.065
2021,Watermelon,Laterite,7.41,145,10,112,33.0,547,93.7,Low,5.2,4519.79,11.169
2025,Potato,Sandy Loam,6.15,155,95,95,25.5,737,76.3,Medium,6.3,4854.23,11.995
2023,Wheat,Loam,5.52,139,55,45,28.7,630,39.2,Medium,8.6,1064.13,2.63
2026,Wheat,Saline,5.06,108,56,14,35.4,477,90.1,High,9.4,284.07,0.702
2026,Sugarcane,Clay Loam,6.02,194,81,85,19.8,1538,64.0,Low,7.0,9257.42,22.876
2023,Onion,Saline,7.74,105,89,87,14.4,410,46.0,High,9.7,3468.63,8.571
2022,Banana,Clay Loam,6.74,238,30,282,35.8,1526,34.4,High,11.8,14687.85,36.294
2022,Mustard,Black Soil,7.69,74,38,60,35.8,451,84.3,Medium,5.7,405.1,1.001
2022,Garlic,Red Soil,7.04,46,92,79,28.1,829,41.5,High,9.3,1670.1,4.127
2023,Mustard,Saline,8.71,95,58,11,35.8,513,61.3,High,6.2,122.57,0.303
2024,Barley,Black Soil,5.7,116,35,20,23.5,829,91.3,Medium,7.0,671.44,1.659
2022,Watermelon,Saline,8.03,120,106,109,20.6,406,31.3,Low,11.9,4675.38,11.553
2024,Soybean,Black Soil,7.2,74,83,67,26.7,1076,76.8,Low,11.6,1477.67,3.651
2024,Groundnut,Black Soil,7.3,18,58,19,15.1,904,67.3,High,8.8,426.56,1.054
2025,Coffee,Peaty,7.2,149,51,118,10.5,1727,87.2,Medium,4.3,207.16,0.512
2026,Cotton,Peaty,7.88,143,60,46,38.5,1175,76.0,High,8.2,457.96,1.132
2023,Apple,Laterite,8.55,75,34,114,23.1,1035,37.2,High,7.9,1966.02,4.858
2024,Cotton,Black Soil,8.57,46,89,41,10.1,600,51.1,Low,11.6,178.37,0.441
2026,Tomato,Alluvial,6.92,118,99,112,33.5,807,70.4,Medium,9.7,6833.14,16.885
2026,Onion,Alluvial,6.17,56,57,150,23.1,342,30.1,High,5.8,3592.55,8.877
2026,Sunflower,Black Soil,8.01,66,95,70,36.3,150,69.0,Medium,10.9,195.06,0.482
2023,Cotton,Red Soil,6.41,135,39,10,38.5,822,91.6,High,6.9,236.65,0.585
2020,Sugarcane,Red Soil,7.79,199,38,69,13.8,1905,92.4,High,6.1,5428.5,13.414
2022,Mustard,Sandy Loam,6.9,106,10,28,28.5,282,54.8,Low,7.8,270.86,0.669
2022,Sugarcane,Black Soil,5.55,181,75,81,30.7,2052,30.0,Low,5.0,16851.29,41.64
2022,Soybean,Saline,6.89,79,139,49,18.1,700,58.0,Low,5.0,532.47,1.316
2021,Wheat,Sandy Loam,8.54,136,56,10,20.7,491,86.8,High,8.1,538.52,1.331
2025,Sugarcane,Peaty,5.17,297,42,71,32.3,1729,87.5,Low,5.3,8556.41,21.143
2026,Rice,Peaty,6.8,156,77,45,35.1,1013,37.0,Medium,11.6,1238.66,3.061
2025,Apple,Loam,8.24,82,109,79,28.8,1250,31.5,High,10.6,1762.89,4.356
2024,Soybean,Saline,7.71,10,58,44,26.7,1451,71.7,High,6.9,314.99,0.778
2026,Coffee,Laterite,5.21,150,63,120,27.3,1806,44.3,Medium,11.0,519.93,1.285
2022,Apple,Clay Loam,5.58,135,69,68,18.8,1543,63.7,Medium,7.3,4918.41,12.154
2022,Groundnut,Silt Loam,7.49,75,35,46,22.2,663,81.8,Low,8.9,1072.14,2.649
2020,Mustard,Clay Loam,7.58,102,24,25,33.4,617,32.0,Low,4.3,331.73,0.82
2024,Potato,Red Soil,6.43,76,81,104,16.5,713,64.2,Low,5.5,5743.4,14.192
2025,Groundnut,Laterite,7.44,99,20,27,20.3,1050,36.5,Low,6.7,502.12,1.241
2023,Maize,Silt Loam,8.07,153,57,57,24.2,567,56.1,Medium,9.1,1396.7,3.451
2023,Cotton,Saline,8.69,152,43,53,32.5,481,79.0,Medium,9.4,315.15,0.779
2023,Barley,Clay Loam,8.6,38,76,40,16.4,176,65.2,High,7.3,326.67,0.807
2021,Watermelon,Silt Loam,5.45,94,31,112,20.3,366,54.7,High,10.2,4536.56,11.21
2023,Sunflower,Black Soil,4.84,10,45,45,14.0,519,36.8,Low,7.5,116.55,0.288
2024,Apple,Black Soil,6.91,98,50,83,33.9,1009,90.5,Medium,9.8,2858.26,7.063
2020,Potato,Sandy Loam,8.38,117,68,80,21.8,395,43.5,High,10.9,3416.34,8.442
2026,Soybean,Loam,6.58,138,65,43,23.8,1006,87.9,Low,11.1,1597.2,3.947
2023,Sunflower,Alluvial,8.66,157,85,56,35.4,1001,87.5,Medium,9.0,375.79,0.929
2023,Garlic,Clay Loam,8.37,114,43,65,16.6,500,65.3,Low,9.9,2518.73,6.224
2024,Rice,Laterite,6.16,175,57,10,26.4,1281,74.4,Low,6.9,997.03,2.464
2024,Wheat,Loam,5.04,74,27,18,39.3,253,87.1,Low,4.5,154.23,0.381
2021,Garlic,Silt Loam,4.73,168,10,35,24.8,219,53.1,High,4.6,468.47,1.158
2020,Groundnut,Silt Loam,8.54,10,62,38,34.4,381,91.6,Low,9.3,221.97,0.548
2024,Coffee,Saline,7.23,141,35,107,38.1,1372,67.4,Low,7.4,126.48,0.313
2021,Groundnut,Peaty,6.44,30,51,47,20.1,619,73.7,Low,5.7,858.18,2.121
2025,Watermelon,Clay Loam,8.4,135,63,102,17.7,955,72.4,Low,6.1,2874.37,7.103
2026,Sunflower,Peaty,5.55,15,15,93,19.2,1157,57.0,Low,8.1,327.89,0.81
2023,Barley,Black Soil,6.69,104,29,40,34.8,392,31.2,Medium,10.6,576.54,1.425
2022,Sugarcane,Red Soil,6.22,229,61,101,26.6,1899,60.2,High,4.1,16274.71,40.216
2020,Potato,Loam,8.75,106,101,143,10.3,242,60.2,Medium,6.7,1561.61,3.859
2026,Onion,Black Soil,5.0,115,94,89,12.8,271,93.4,High,6.5,1548.63,3.827
2021,Groundnut,Alluvial,8.21,10,27,31,31.5,800,84.3,Medium,10.8,440.96,1.09
2021,Barley,Silt Loam,7.12,80,51,60,12.4,905,60.7,High,5.3,923.98,2.283
2023,Potato,Saline,7.56,101,40,110,10.1,233,47.6,Low,10.9,1109.33,2.741
2021,Maize,Red Soil,6.83,131,78,46,32.6,571,41.5,High,8.9,1272.4,3.144
2023,Wheat,Red Soil,8.11,125,40,16,25.3,512,63.6,Low,7.0,372.6,0.921
2020,Wheat,Peaty,4.89,96,51,49,15.2,324,38.0,High,6.7,449.08,1.11
2023,Garlic,Clay Loam,5.96,58,11,42,32.8,1107,71.6,High,6.9,922.71,2.28
2022,Cotton,Clay Loam,7.38,89,43,27,15.4,1049,49.0,Low,7.1,358.32,0.885
2024,Rice,Clay Loam,5.01,97,56,22,13.6,1332,79.1,Low,7.1,440.9,1.089
2021,Wheat,Peaty,5.84,160,87,13,26.7,1004,32.9,Low,8.1,913.79,2.258
2023,Tea,Clay Loam,4.99,177,119,83,32.4,1922,76.8,Medium,5.7,405.49,1.002
2023,Sunflower,Laterite,6.21,97,80,71,29.2,150,80.6,Medium,5.1,347.66,0.859
2023,Watermelon,Peaty,5.1,84,41,87,38.0,482,31.7,High,6.6,2667.01,6.59
2021,Apple,Sandy Loam,4.82,68,10,96,18.0,861,90.4,Low,8.6,2647.07,6.541
2024,Barley,Loam,6.66,60,57,31,37.5,719,36.5,Low,8.1,663.72,1.64
2023,Sunflower,Alluvial,4.79,60,57,61,17.6,150,78.3,High,11.8,175.04,0.433
2025,Wheat,Saline,5.66,129,25,23,35.1,271,82.7,Medium,11.2,286.35,0.708
2021,Tea,Laterite,7.93,113,16,95,31.8,1930,75.5,Medium,9.7,148.03,0.366
2022,Banana,Black Soil,7.06,160,42,229,12.8,1875,65.0,Medium,8.4,9750.05,24.093
2025,Wheat,Clay Loam,7.05,128,80,10,11.9,469,66.3,Medium,11.1,755.91,1.868
2021,Onion,Saline,6.04,136,25,71,14.8,150,46.5,Medium,4.8,1292.52,3.194
2021,Cotton,Black Soil,6.06,105,46,82,29.5,777,51.9,Medium,7.2,703.22,1.738
2024,Coffee,Black Soil,7.52,121,30,98,31.9,2022,40.6,High,11.9,196.89,0.487
2026,Tea,Clay Loam,4.76,171,41,46,12.1,1375,50.1,Medium,6.7,449.35,1.11
2023,Coffee,Sandy Loam,8.1,48,32,124,13.7,1655,89.0,Medium,6.2,151.33,0.374
2023,Coffee,Black Soil,7.54,184,46,113,16.7,1146,45.9,High,11.8,354.8,0.877
2024,Soybean,Clay Loam,8.29,49,32,83,32.0,1205,90.5,Low,11.4,393.22,0.972
2024,Potato,Black Soil,6.64,169,108,112,31.5,617,38.8,Low,4.7,2887.56,7.135
2021,Chickpea,Sandy Loam,5.56,23,57,10,22.7,756,84.0,High,10.8,322.66,0.797
2020,Onion,Sandy Loam,6.92,68,66,86,19.1,765,57.3,Medium,9.7,7599.28,18.778
2021,Maize,Silt Loam,6.86,192,37,21,28.8,467,52.2,High,7.3,1157.55,2.86
2026,Garlic,Black Soil,5.47,105,76,51,36.8,150,69.4,Medium,5.4,531.42,1.313
2022,Wheat,Loam,4.97,112,21,51,39.9,150,62.4,Low,10.1,166.08,0.41
2026,Tomato,Peaty,6.57,108,65,133,29.5,530,75.9,Medium,4.5,5970.27,14.753
2025,Banana,Peaty,7.22,193,57,233,19.0,1963,52.4,Low,10.1,14941.7,36.922
2023,Sunflower,Loam,8.61,55,49,33,26.2,479,42.2,Low,11.0,477.36,1.18
2022,Sunflower,Red Soil,5.35,48,53,30,37.0,208,32.2,Low,9.0,102.65,0.254
2024,Maize,Saline,4.93,139,87,37,32.7,482,85.5,Low,5.4,264.64,0.654
2023,Garlic,Laterite,5.93,73,44,47,39.5,221,80.7,Low,10.7,620.49,1.533
2020,Cotton,Clay Loam,7.12,144,28,22,20.1,570,82.1,Low,7.0,370.96,0.917
2026,Sugarcane,Peaty,8.21,216,78,102,11.4,1287,30.0,High,9.1,7451.69,18.413
2024,Banana,Red Soil,6.82,194,24,220,23.7,1208,43.8,Low,6.1,9147.74,22.605
2024,Watermelon,Sandy Loam,7.24,43,28,139,33.6,343,86.6,Medium,5.9,4098.09,10.127
2024,Apple,Laterite,8.0,65,41,120,10.9,400,60.5,Low,6.1,999.77,2.47
2023,Mustard,Laterite,8.13,93,75,45,10.9,255,68.5,Medium,10.3,404.98,1.001
2023,Barley,Clay Loam,6.92,88,57,67,27.2,436,74.1,Medium,7.6,989.03,2.444
2020,Watermelon,Silt Loam,7.24,53,97,131,26.6,150,76.7,Medium,11.5,4855.93,11.999
2022,Garlic,Sandy Loam,7.27,125,10,71,17.9,882,67.7,Medium,8.0,2402.46,5.937
2022,Banana,Silt Loam,7.41,204,78,239,22.2,1637,42.2,High,7.2,15193.95,37.545
2020,Tomato,Clay Loam,4.83,135,125,108,24.8,396,46.0,Medium,9.4,4615.36,11.405
2021,Apple,Laterite,6.54,92,69,150,36.6,326,93.8,Low,11.8,1255.56,3.103
2021,Soybean,Alluvial,7.77,42,22,79,31.7,439,34.0,Low,7.1,282.96,0.699
2024,Watermelon,Alluvial,4.54,87,87,123,15.3,927,54.1,Medium,11.3,3396.01,8.392
2026,Wheat,Red Soil,7.69,147,94,75,12.0,906,92.0,Medium,10.3,1016.83,2.513
2024,Tomato,Sandy Loam,5.28,201,106,61,26.6,183,68.8,High,6.0,2171.72,5.366
2023,Sugarcane,Clay Loam,6.44,172,89,51,12.7,1334,38.1,High,11.4,9737.59,24.062
2021,Cotton,Red Soil,4.59,114,24,77,17.4,1044,49.6,Medium,5.9,159.79,0.395
2020,Chickpea,Peaty,4.78,10,33,16,27.4,1164,42.5,Low,11.2,229.83,0.568
2024,Onion,Saline,4.59,100,10,106,11.1,906,64.9,High,6.8,977.88,2.416
2023,Rice,Alluvial,6.85,174,113,67,23.6,1425,67.9,Medium,5.9,1827.41,4.516
2022,Potato,Peaty,7.61,115,76,147,38.6,363,86.8,High,4.0,1243.47,3.073
2026,Coffee,Red Soil,5.16,127,40,121,22.6,2003,67.8,High,10.9,753.84,1.863
2026,Watermelon,Silt Loam,6.47,160,33,93,14.4,150,31.6,High,8.5,2092.6,5.171
2021,Onion,Silt Loam,8.38,94,85,81,22.1,319,77.9,Low,10.3,2617.43,6.468
2024,Potato,Loam,6.49,178,109,140,25.2,886,67.4,Medium,4.1,5625.38,13.901
2021,Mustard,Silt Loam,6.59,35,29,10,10.3,150,39.5,Low,9.0,230.98,0.571
2026,Onion,Alluvial,7.25,121,41,88,13.3,208,56.2,Low,11.1,3284.16,8.115
2020,Watermelon,Laterite,4.57,141,63,117,18.9,150,45.5,High,4.7,1132.54,2.799
2021,Garlic,Loam,6.49,117,45,148,20.9,1574,76.2,Low,7.1,3245.23,8.019
2023,Sugarcane,Sandy Loam,5.03,295,116,72,28.1,1873,42.1,Medium,10.6,14393.26,35.566
2024,Banana,Silt Loam,5.77,194,86,244,28.9,827,57.5,Low,11.7,13102.07,32.376
2023,Tea,Laterite,8.64,100,45,81,12.2,1530,57.3,High,10.7,298.83,0.738
2020,Garlic,Black Soil,4.72,144,46,93,30.0,632,38.8,High,11.3,1086.0,2.684
2023,Watermelon,Laterite,7.04,201,42,79,10.7,150,59.1,High,9.9,1945.64,4.808
2024,Watermelon,Sandy Loam,8.67,109,55,136,32.6,912,79.5,Low,11.6,5937.77,14.673
2020,Tomato,Peaty,6.56,179,66,91,20.8,801,46.1,High,8.1,9294.86,22.968
2021,Apple,Loam,8.27,72,10,89,38.9,554,57.0,Low,11.5,844.06,2.086
2025,Groundnut,Silt Loam,6.37,17,69,51,33.9,1180,43.5,Medium,4.1,609.62,1.506
2021,Sugarcane,Silt Loam,6.95,236,13,88,10.2,2157,82.0,High,8.9,8403.17,20.765
2026,Apple,Laterite,8.14,109,66,122,34.2,1104,80.3,Medium,10.7,1608.93,3.976
2026,Sugarcane,Red Soil,7.26,225,62,92,13.3,1423,48.4,High,9.0,10113.74,24.992
2025,Mustard,Black Soil,6.73,30,69,10,22.7,476,65.0,Medium,10.4,892.12,2.204
2020,Banana,Loam,5.17,130,100,208,30.1,1303,63.7,Low,8.3,10665.69,26.355
2023,Sugarcane,Loam,5.74,165,91,70,21.1,2297,59.8,High,11.1,12704.07,31.392
2020,Watermelon,Peaty,7.32,77,37,102,20.0,823,80.5,Medium,4.6,4745.24,11.726
2024,Chickpea,Silt Loam,8.52,30,81,10,37.0,1255,93.1,Low,6.0,170.59,0.422
2023,Sunflower,Red Soil,6.65,93,44,22,17.3,675,58.2,High,10.2,787.8,1.947
2024,Banana,Saline,5.86,193,108,219,13.7,1272,73.7,High,6.0,5609.12,13.86
2023,Tomato,Peaty,6.79,203,88,89,28.8,717,63.4,High,4.6,6774.5,16.74
2021,Mustard,Clay Loam,7.72,85,29,10,10.5,395,54.4,High,8.3,478.28,1.182
2021,Groundnut,Alluvial,7.07,10,10,46,11.0,917,40.9,Low,10.8,396.52,0.98
2026,Soybean,Silt Loam,4.94,89,64,72,25.7,633,49.2,Low,11.2,708.72,1.751
2023,Apple,Red Soil,5.15,115,19,131,17.9,781,43.7,Medium,10.4,4191.13,10.356
2025,Banana,Loam,4.6,185,73,211,15.9,2052,55.9,Medium,4.5,4624.03,11.426
2024,Tea,Peaty,5.62,113,21,83,38.9,1230,69.5,Low,7.3,201.14,0.497
2025,Maize,Alluvial,6.55,147,36,49,23.9,767,81.5,Medium,5.9,2012.34,4.973
2020,Cotton,Loam,5.8,148,67,80,39.6,150,92.7,Medium,8.1,132.67,0.328
2020,Barley,Saline,7.05,69,62,13,22.6,819,32.2,Medium,7.7,798.01,1.972
2024,Cotton,Clay Loam,6.17,157,50,52,33.9,755,77.4,Low,8.7,650.77,1.608
2021,Wheat,Silt Loam,8.52,115,84,82,11.6,730,65.6,Low,10.5,677.01,1.673
2021,Wheat,Saline,6.86,97,91,22,20.0,580,44.3,High,6.5,1047.91,2.589
2020,Rice,Saline,4.99,161,10,99,28.2,1612,69.7,Medium,5.8,600.28,1.483
2022,Banana,Loam,8.73,293,86,206,39.6,1309,32.6,Low,7.3,3892.84,9.619
2024,Chickpea,Saline,8.74,10,64,62,14.5,355,34.4,Low,9.3,192.22,0.475
2023,Cotton,Clay Loam,7.32,96,90,60,19.9,1277,56.8,Medium,8.3,724.6,1.791
2024,Barley,Black Soil,7.62,100,88,23,33.4,670,40.4,Low,11.5,702.72,1.736
2025,Tomato,Sandy Loam,5.37,188,85,99,15.9,590,65.4,High,5.4,4739.82,11.712
2025,Garlic,Silt Loam,7.59,79,32,40,37.6,960,79.9,Low,7.0,1209.86,2.99
2020,Tomato,Laterite,6.39,154,87,169,33.9,179,33.4,High,7.3,1715.57,4.239
2022,Barley,Laterite,6.27,66,72,24,12.7,691,70.6,Medium,6.3,700.92,1.732
2020,Soybean,Loam,6.07,29,53,41,22.5,563,67.9,Low,6.6,710.1,1.755
2025,Cotton,Sandy Loam,7.09,113,88,15,33.7,462,40.1,Medium,6.9,352.59,0.871
2024,Coffee,Peaty,7.31,140,40,124,21.7,1520,33.0,Medium,10.6,536.97,1.327
2026,Watermelon,Saline,5.36,56,66,98,24.5,877,59.8,Medium,9.9,4129.25,10.204
2021,Tea,Alluvial,6.38,109,12,96,35.2,1258,62.5,Medium,7.2,152.58,0.377
2026,Groundnut,Silt Loam,8.02,62,48,48,28.8,308,75.2,Low,8.3,468.79,1.158
2025,Rice,Peaty,7.23,161,31,36,21.8,1401,56.1,Low,10.4,1237.59,3.058
2024,Soybean,Alluvial,4.84,10,80,49,30.6,839,88.3,Medium,5.2,311.86,0.771
2022,Watermelon,Laterite,7.98,150,30,108,38.6,314,59.2,Low,8.4,2202.03,5.441
2020,Chickpea,Silt Loam,6.52,29,10,10,37.4,518,67.1,Medium,8.3,206.38,0.51
2026,Soybean,Silt Loam,6.28,65,71,34,27.4,1155,53.4,High,9.6,1306.09,3.227
2025,Soybean,Red Soil,5.89,27,92,38,12.8,1068,92.2,Medium,10.3,386.68,0.956
2021,Barley,Peaty,7.26,61,112,29,23.3,454,66.5,High,8.1,1210.52,2.991
2024,Soybean,Silt Loam,5.3,61,66,65,12.8,839,64.1,Low,11.9,492.51,1.217
2024,Tea,Clay Loam,4.94,139,30,85,33.6,1984,59.1,Medium,10.0,445.42,1.101
2026,Soybean,Red Soil,5.44,79,38,88,23.7,1072,80.3,High,10.0,874.45,2.161
2025,Banana,Alluvial,7.54,185,19,242,18.2,1636,66.9,High,10.0,10407.58,25.718
2025,Sugarcane,Alluvial,6.2,205,85,84,25.0,1435,78.7,High,11.8,25752.83,63.637
2023,Wheat,Loam,6.59,115,103,73,14.9,536,60.9,High,10.6,2026.68,5.008
2025,Rice,Loam,8.14,163,80,55,28.3,1697,46.0,High,8.6,1568.2,3.875
2021,Onion,Laterite,5.61,110,44,67,15.1,220,48.5,Medium,6.3,1503.91,3.716
2020,Potato,Peaty,5.18,81,88,109,19.2,1063,34.9,Medium,10.1,6852.39,16.933
2020,Apple,Saline,5.6,125,46,115,38.3,754,43.5,Low,7.5,1586.72,3.921
2020,Apple,Red Soil,5.31,66,29,79,35.8,647,69.1,High,7.4,1762.66,4.356
2020,Sugarcane,Silt Loam,5.83,187,64,61,23.9,2102,82.8,Medium,10.3,17207.63,42.521
2025,Coffee,Laterite,4.68,156,23,139,30.1,1732,63.1,Low,10.8,248.69,0.615
2023,Potato,Alluvial,6.81,147,74,105,39.1,434,58.9,High,8.6,3498.31,8.644
2020,Garlic,Red Soil,8.24,74,25,30,27.1,736,37.6,Medium,5.1,786.72,1.944
2025,Apple,Loam,7.5,72,20,25,31.8,998,77.6,Medium,8.6,1633.02,4.035
2020,Mustard,Red Soil,6.04,90,46,20,26.6,655,73.4,High,5.5,368.16,0.91
2023,Potato,Laterite,8.66,161,105,103,18.3,714,71.7,High,11.1,5027.89,12.424
2026,Onion,Silt Loam,7.53,102,41,60,30.5,1305,92.6,Medium,11.8,3679.51,9.092
2021,Chickpea,Red Soil,5.97,44,10,34,26.1,444,51.4,Low,9.1,264.91,0.655
2024,Sugarcane,Black Soil,7.05,232,106,107,36.6,2194,35.2,High,10.6,23491.8,58.049
2026,Barley,Black Soil,4.77,33,31,10,14.1,735,84.4,Medium,10.9,510.39,1.261
2022,Potato,Laterite,7.77,150,42,114,18.1,1174,63.0,Low,9.0,4039.78,9.982
2020,Apple,Alluvial,8.45,107,10,45,38.9,537,47.7,High,9.4,987.88,2.441
2025,Sugarcane,Laterite,5.99,239,67,91,19.2,2316,85.3,Medium,9.9,11291.17,27.901
2023,Chickpea,Black Soil,5.42,62,100,42,20.7,407,36.1,Medium,11.7,585.61,1.447
2021,Banana,Alluvial,5.68,244,23,254,39.9,1830,78.5,Medium,11.3,8928.91,22.064
2022,Watermelon,Sandy Loam,5.32,86,84,75,16.9,174,91.9,Low,6.1,1085.4,2.682
2023,Watermelon,Saline,7.15,106,110,90,38.8,901,50.4,Low,10.8,4976.12,12.296
2020,Apple,Clay Loam,7.82,38,39,133,36.5,1263,42.0,Medium,4.5,950.94,2.35
2026,Mustard,Peaty,4.82,10,56,52,16.4,725,80.3,Low,10.5,308.69,0.763
2022,Potato,Laterite,4.78,202,67,103,37.4,602,56.3,Medium,7.6,2697.37,6.665
2025,Potato,Sandy Loam,6.99,172,107,150,28.5,1475,48.8,Medium,5.3,2016.5,4.983
2025,Mustard,Saline,4.98,116,41,40,27.0,501,44.4,Medium,4.3,266.78,0.659
2020,Watermelon,Laterite,8.08,134,86,73,31.7,930,94.2,High,4.1,4691.12,11.592
2020,Onion,Laterite,5.63,52,10,24,33.4,1511,61.7,Medium,5.5,745.46,1.842
2021,Soybean,Red Soil,8.69,97,79,38,32.1,649,94.8,Low,6.3,315.36,0.779
2021,Cotton,Laterite,8.27,136,50,10,31.6,1237,62.9,Low,10.4,372.92,0.922
2022,Groundnut,Black Soil,8.74,38,59,68,10.3,362,72.4,High,7.2,208.79,0.516
2020,Rice,Laterite,5.99,115,74,76,29.9,2080,72.5,Medium,8.5,1789.12,4.421
2024,Onion,Silt Loam,5.36,141,80,75,34.9,448,46.9,Low,6.1,1227.94,3.034
2025,Soybean,Laterite,5.55,90,111,39,16.7,1120,87.9,Low,10.7,529.61,1.309
2025,Maize,Silt Loam,6.87,158,22,19,10.0,975,88.1,High,5.3,649.26,1.604
2021,Potato,Laterite,7.55,124,26,102,20.8,150,58.2,High,7.7,1145.73,2.831
2025,Rice,Black Soil,8.07,128,25,59,33.1,1431,89.0,Low,4.2,633.13,1.564
2024,Onion,Red Soil,8.62,90,51,105,35.7,915,64.4,Medium,10.8,1841.55,4.551
2023,Garlic,Peaty,8.1,118,93,86,20.7,378,66.4,Medium,4.0,1719.81,4.25
2020,Cotton,Peaty,7.55,66,47,81,28.2,736,64.3,High,10.8,1008.64,2.492
2026,Wheat,Sandy Loam,8.27,105,10,14,34.2,968,83.5,Medium,8.3,192.87,0.477
2024,Watermelon,Laterite,8.11,114,79,124,10.8,150,59.6,High,9.8,1694.76,4.188
2025,Apple,Clay Loam,6.95,84,25,36,19.8,626,81.4,Low,4.6,2709.89,6.696
2024,Tea,Saline,7.45,134,10,97,27.9,1788,83.7,High,11.3,183.85,0.454
2024,Soybean,Sandy Loam,8.35,58,53,70,23.4,448,60.3,Low,5.2,304.45,0.752
2022,Soybean,Peaty,6.54,58,72,91,37.2,914,94.6,Medium,4.3,452.85,1.119
2022,Barley,Loam,5.85,87,10,44,33.6,150,94.8,Low,11.1,180.1,0.445
2024,Sunflower,Peaty,7.85,46,29,45,20.3,914,84.9,Medium,7.5,564.2,1.394
2022,Watermelon,Silt Loam,7.1,107,103,119,30.8,960,85.0,High,6.1,9557.32,23.617
2024,Tomato,Black Soil,6.24,153,74,154,34.3,289,55.7,Medium,9.2,3471.87,8.579
2021,Potato,Peaty,8.46,175,10,123,23.5,883,71.4,Low,7.5,2070.97,5.117
2022,Tomato,Black Soil,7.61,146,79,107,27.8,1031,85.6,Low,9.5,8076.58,19.958
2020,Chickpea,Saline,5.38,10,43,30,38.1,459,51.6,High,5.5,93.15,0.23
2023,Mustard,Alluvial,7.66,52,10,36,25.3,723,45.1,Medium,10.3,594.31,1.469
2023,Watermelon,Red Soil,7.93,101,68,93,16.6,724,40.3,Low,4.7,3225.0,7.969
2024,Chickpea,Red Soil,4.77,10,58,43,23.4,150,33.6,Medium,11.8,184.7,0.456
2021,Mustard,Clay Loam,4.79,130,58,55,16.5,743,81.3,Low,8.8,643.61,1.59
2021,Cotton,Silt Loam,5.86,115,30,64,16.2,704,75.1,Low,9.2,250.85,0.62
2026,Sunflower,Silt Loam,8.7,82,24,32,20.9,689,71.3,High,9.3,630.37,1.558
2026,Banana,Sandy Loam,4.68,229,57,245,33.9,1683,87.6,Low,5.3,6776.29,16.745
2025,Sunflower,Black Soil,7.24,97,70,45,22.5,863,58.5,Medium,7.0,1218.3,3.01
2020,Wheat,Red Soil,4.76,65,43,37,31.3,738,68.9,High,4.3,223.58,0.552
2023,Cotton,Saline,5.91,55,112,51,31.8,816,31.6,High,10.4,426.5,1.054
2025,Apple,Silt Loam,7.2,104,65,94,37.7,378,82.9,High,5.6,1264.43,3.124
2020,Soybean,Laterite,7.92,70,71,78,14.4,360,60.3,High,9.9,235.22,0.581
2026,Barley,Loam,5.72,95,48,14,16.9,960,76.3,Low,4.5,760.46,1.879
2023,Mustard,Clay Loam,5.94,59,10,34,38.7,150,50.7,Low,5.9,94.05,0.232
2024,Potato,Alluvial,5.92,100,43,123,28.0,150,33.6,High,5.2,1611.51,3.982
2026,Garlic,Red Soil,7.12,72,15,69,33.1,743,47.7,Low,11.8,1437.43,3.552
2025,Soybean,Loam,7.96,121,32,49,30.6,216,52.5,Medium,9.5,254.52,0.629
2020,Maize,Loam,8.06,68,115,104,37.4,840,54.8,High,11.7,572.24,1.414
2025,Groundnut,Saline,5.52,32,43,10,29.1,248,83.9,Medium,5.1,224.69,0.555
2024,Potato,Clay Loam,7.15,129,74,138,26.1,742,61.0,Medium,10.9,4794.58,11.848
2023,Wheat,Loam,4.64,81,28,64,12.5,1202,79.8,Low,8.9,608.93,1.505
2021,Potato,Black Soil,4.67,170,74,136,15.4,395,89.1,Medium,8.2,5482.61,13.548
2020,Mustard,Loam,4.63,118,35,10,25.8,234,54.7,Low,8.1,207.47,0.513
2021,Tomato,Sandy Loam,7.3,141,88,77,11.5,323,81.6,Low,4.5,1431.3,3.537
2025,Sunflower,Laterite,8.55,81,48,46,38.5,1183,55.3,Medium,4.0,172.71,0.427
2022,Barley,Laterite,4.58,77,57,32,15.3,901,90.7,Low,11.0,708.54,1.751
2020,Cotton,Red Soil,7.55,101,20,83,30.0,581,61.0,Low,9.2,542.39,1.34
2020,Onion,Saline,8.74,73,61,74,28.2,982,44.9,Medium,6.7,1602.5,3.96
2025,Maize,Peaty,5.23,142,10,14,17.6,715,77.7,Low,6.2,375.25,0.927
2024,Soybean,Peaty,7.32,51,21,68,21.7,808,82.2,High,11.0,731.67,1.808
2024,Potato,Black Soil,8.62,98,142,102,14.7,665,80.9,Low,11.0,5548.91,13.712
2024,Potato,Black Soil,8.29,107,97,104,36.8,779,93.5,Medium,5.7,1610.34,3.979
2025,Mustard,Laterite,6.6,132,15,35,16.3,150,40.4,High,4.8,326.53,0.807
2024,Tea,Black Soil,7.45,143,57,69,15.0,1776,66.1,Medium,6.0,360.78,0.892
2024,Potato,Saline,5.31,150,73,108,20.8,1404,63.8,High,9.9,5828.82,14.403
2022,Tea,Saline,7.66,177,49,61,26.1,2341,78.2,High,9.6,311.1,0.769
2026,Watermelon,Sandy Loam,8.33,146,55,106,26.7,801,73.7,Low,5.3,5148.28,12.722
2025,Tomato,Silt Loam,6.98,166,107,104,37.9,637,84.3,Low,5.5,4104.9,10.143
2021,Chickpea,Loam,7.02,60,43,36,14.0,150,67.7,Medium,11.7,284.46,0.703
2023,Watermelon,Silt Loam,8.06,138,27,129,11.3,937,81.4,Medium,7.9,3039.13,7.51
2026,Chickpea,Black Soil,8.78,10,72,51,22.8,254,54.1,High,11.6,410.0,1.013
2023,Rice,Alluvial,4.98,128,81,42,29.9,1617,66.3,High,10.3,1681.15,4.154
2026,Wheat,Black Soil,7.63,116,87,41,12.7,459,51.1,High,8.4,944.21,2.333
2020,Maize,Laterite,5.79,118,32,34,18.5,1162,43.3,High,9.5,1135.79,2.807
2022,Chickpea,Sandy Loam,7.21,35,10,32,31.4,150,34.3,Low,5.1,103.12,0.255
2020,Coffee,Loam,8.44,203,10,90,32.5,1291,34.2,High,4.0,95.3,0.235
2025,Wheat,Peaty,5.26,137,16,35,26.9,517,75.8,Low,11.5,544.26,1.345
2024,Maize,Sandy Loam,7.66,150,57,64,25.6,633,89.5,Medium,5.0,1273.99,3.148
2021,Maize,Clay Loam,6.32,118,67,44,26.8,1009,61.9,High,11.2,2182.85,5.394
2022,Rice,Laterite,5.68,153,97,16,25.5,1317,30.5,Medium,7.3,1199.01,2.963
2021,Mustard,Alluvial,4.6,34,89,32,34.8,705,73.7,Low,7.6,181.9,0.449
2020,Groundnut,Saline,6.45,18,21,32,32.7,507,70.8,High,10.9,631.32,1.56
2022,Cotton,Laterite,7.47,114,70,57,22.9,325,55.9,Medium,11.3,467.11,1.154
2021,Groundnut,Loam,5.98,90,34,46,20.7,1464,78.3,Low,4.1,722.61,1.786
2020,Maize,Peaty,8.72,162,99,39,38.9,967,94.8,Medium,9.2,541.35,1.338
2023,Groundnut,Alluvial,5.72,65,10,10,18.6,449,65.9,Low,5.2,349.17,0.863
2025,Chickpea,Laterite,5.87,10,10,33,34.2,820,85.2,Low,6.0,88.77,0.219
2026,Garlic,Sandy Loam,6.34,131,57,38,38.9,864,40.1,High,11.3,1687.06,4.169
2021,Soybean,Alluvial,8.27,54,53,68,22.3,635,36.8,Low,4.4,490.34,1.212
2025,Tea,Black Soil,6.55,229,37,65,21.3,1522,69.8,High,10.2,667.95,1.651
2022,Chickpea,Clay Loam,8.21,29,58,64,24.9,605,33.6,High,9.6,889.19,2.197
2022,Chickpea,Laterite,7.65,34,34,30,35.1,910,90.9,High,6.1,231.15,0.571
2025,Chickpea,Silt Loam,6.71,52,49,48,39.1,150,44.3,Medium,7.7,150.49,0.372
2025,Barley,Loam,6.98,150,73,42,25.7,360,79.1,Low,11.0,1098.09,2.713
2022,Tomato,Alluvial,5.91,105,106,141,30.4,445,47.1,Medium,6.5,5117.31,12.645
2020,Maize,Alluvial,5.63,147,81,96,16.7,806,81.6,Medium,8.2,1486.57,3.673
2020,Maize,Silt Loam,4.53,152,26,86,37.0,965,84.5,High,8.3,413.27,1.021
2022,Wheat,Black Soil,8.26,185,38,36,38.7,271,47.0,High,6.3,175.26,0.433
2022,Potato,Sandy Loam,7.71,111,110,121,29.6,833,69.3,Medium,11.9,1776.34,4.389
2022,Banana,Black Soil,6.17,197,87,243,15.4,1305,91.7,Medium,8.2,9370.14,23.154
2020,Chickpea,Silt Loam,8.38,31,108,54,11.8,475,55.3,Medium,10.7,536.88,1.327
2022,Chickpea,Saline,7.13,12,46,61,14.4,175,45.6,Low,5.4,133.95,0.331
2024,Watermelon,Peaty,8.2,129,99,87,38.0,1628,30.6,Medium,8.4,3195.14,7.895
2026,Sunflower,Clay Loam,7.1,88,32,108,24.2,619,61.1,High,6.6,903.68,2.233
2026,Chickpea,Clay Loam,5.57,41,68,18,11.9,870,82.7,Low,6.0,189.41,0.468
2020,Banana,Red Soil,4.77,221,58,258,15.5,1914,47.4,Medium,8.6,5549.56,13.713
2020,Groundnut,Saline,5.1,18,37,10,12.5,410,51.1,Low,9.6,124.58,0.308
2026,Apple,Peaty,7.48,103,84,67,38.4,150,80.4,Medium,10.0,770.36,1.904
2026,Cotton,Saline,6.12,96,75,72,20.0,414,46.3,Low,11.8,276.32,0.683
2020,Potato,Alluvial,4.94,143,77,133,24.5,426,67.1,High,11.1,7137.36,17.637
2023,Coffee,Red Soil,5.18,177,25,127,12.8,1140,77.8,Medium,10.1,316.95,0.783
2026,Watermelon,Clay Loam,7.63,138,28,82,17.7,150,60.2,Low,9.2,2344.1,5.792
2025,Tomato,Peaty,7.43,114,102,121,12.1,680,52.4,Low,12.0,4673.42,11.548
2026,Garlic,Black Soil,8.29,52,77,61,10.2,150,86.0,High,11.6,682.91,1.688
2021,Cotton,Laterite,5.83,122,66,93,11.4,383,71.4,High,4.8,138.85,0.343
2026,Rice,Black Soil,8.66,198,10,10,28.9,626,39.1,Low,9.0,386.04,0.954
2022,Potato,Black Soil,4.79,139,94,107,22.5,741,52.4,High,5.1,5506.47,13.607
2020,Garlic,Clay Loam,5.05,91,79,63,17.6,619,51.6,Medium,10.9,3209.34,7.93
2020,Banana,Sandy Loam,5.81,193,52,245,13.3,1665,47.6,Medium,9.4,8753.54,21.63
2021,Coffee,Red Soil,8.44,102,33,121,21.4,1517,57.3,Low,9.4,365.47,0.903
2022,Watermelon,Saline,6.49,64,65,101,27.0,910,46.8,High,8.5,7977.51,19.713
2021,Soybean,Clay Loam,5.37,74,44,38,37.6,841,59.7,Low,10.4,391.0,0.966
2020,Chickpea,Peaty,6.59,15,73,48,14.6,336,44.1,Low,10.6,366.63,0.906
2023,Wheat,Sandy Loam,5.59,71,96,42,26.6,532,51.5,High,10.5,976.51,2.413
2024,Maize,Laterite,4.98,164,85,105,29.6,1078,44.5,Low,7.9,978.14,2.417
2026,Sunflower,Black Soil,5.88,37,120,29,15.7,1136,36.6,Low,7.0,407.12,1.006
2021,Groundnut,Saline,7.13,19,35,26,36.7,661,83.9,Medium,7.8,396.62,0.98
2020,Watermelon,Loam,8.75,109,58,79,34.8,720,51.4,Medium,4.9,4311.17,10.653
2022,Barley,Laterite,6.85,75,42,46,10.1,888,46.2,High,6.5,625.25,1.545
2026,Potato,Black Soil,6.16,154,69,143,13.5,517,39.6,Low,10.0,8250.31,20.387
2020,Rice,Loam,6.38,171,67,28,31.1,1833,60.7,Medium,5.2,1584.16,3.915
2026,Barley,Clay Loam,6.02,58,58,17,37.6,189,33.7,Low,4.6,153.4,0.379
2023,Banana,Black Soil,7.33,180,44,261,14.1,1531,34.8,Low,4.3,5509.48,13.614
2026,Tea,Red Soil,8.08,120,37,76,39.6,2308,93.2,High,9.7,210.84,0.521
2023,Rice,Black Soil,8.36,151,69,31,29.0,1127,62.7,High,6.1,841.71,2.08
2023,Garlic,Silt Loam,8.77,62,68,72,32.0,1106,68.8,High,4.4,669.99,1.656
2022,Barley,Laterite,7.13,93,75,51,14.5,150,35.3,Medium,11.8,564.24,1.394
2026,Tea,Sandy Loam,8.58,145,12,106,21.7,1767,73.7,Low,11.6,325.88,0.805
2025,Barley,Silt Loam,6.69,97,43,77,23.8,167,45.1,Medium,11.4,703.62,1.739
2026,Mustard,Silt Loam,8.35,154,10,22,10.9,441,83.0,Low,6.9,286.21,0.707
2026,Tomato,Sandy Loam,4.58,160,56,124,13.2,150,82.2,Medium,10.3,1318.21,3.257
2020,Garlic,Saline,6.52,160,39,89,37.1,868,35.7,High,8.9,1556.56,3.846
2024,Mustard,Sandy Loam,6.94,82,15,67,25.1,307,61.3,Low,9.8,581.06,1.436
2020,Banana,Clay Loam,8.67,162,38,235,35.0,2035,52.6,High,8.7,7984.78,19.731
2026,Soybean,Peaty,7.29,10,97,76,35.9,739,80.2,Low,7.3,272.43,0.673
2024,Garlic,Saline,6.45,135,39,24,23.0,702,63.7,High,10.6,2523.67,6.236
2020,Sugarcane,Peaty,7.28,216,81,109,21.1,1537,89.2,Low,8.1,10993.97,27.167
2020,Cotton,Silt Loam,5.19,115,91,56,17.0,962,70.4,Medium,10.2,302.72,0.748
2021,Apple,Red Soil,7.45,104,51,133,14.6,661,82.8,High,6.9,4225.7,10.442
2022,Mustard,Clay Loam,6.1,70,58,46,39.6,150,38.3,Medium,11.9,200.39,0.495
2026,Wheat,Laterite,8.12,88,68,61,34.1,213,85.1,High,8.4,202.37,0.5
2021,Sunflower,Black Soil,5.36,102,91,47,17.2,688,73.8,Low,10.4,610.84,1.509
2025,Groundnut,Saline,5.64,10,37,35,36.6,1004,57.0,Low,11.6,296.94,0.734
2026,Rice,Saline,7.6,92,27,39,12.8,1742,36.0,High,11.2,389.13,0.962
2020,Barley,Sandy Loam,5.82,109,22,41,19.4,629,53.0,Low,5.5,738.87,1.826
2022,Maize,Silt Loam,6.08,179,65,58,20.6,776,50.4,Medium,8.5,2334.21,5.768
2023,Barley,Silt Loam,4.8,153,22,34,34.2,430,33.3,Medium,6.7,270.89,0.669
2021,Potato,Silt Loam,5.0,104,74,114,11.4,790,66.3,Medium,10.2,6039.53,14.924
2020,Apple,Laterite,6.34,100,23,77,30.1,586,35.5,Low,10.9,1753.46,4.333
2025,Garlic,Clay Loam,8.06,113,50,35,32.0,150,62.9,Low,9.8,481.07,1.189
2021,Barley,Sandy Loam,6.42,146,18,33,24.5,498,80.3,Low,11.6,839.88,2.075
2021,Soybean,Red Soil,5.97,10,77,49,10.7,493,32.4,High,11.1,217.77,0.538
2020,Chickpea,Peaty,4.61,10,34,51,38.7,1208,81.7,Low,4.6,91.25,0.225
2025,Wheat,Silt Loam,7.98,131,68,42,32.7,632,32.9,Low,4.7,400.63,0.99
2022,Mustard,Peaty,4.78,46,41,13,20.5,150,71.0,Low,9.4,207.27,0.512
2022,Tea,Clay Loam,5.29,102,33,84,19.1,1755,89.3,Medium,5.4,757.41,1.872
2021,Banana,Saline,4.89,221,92,240,17.5,2251,57.7,Low,4.5,4202.37,10.384
2025,Apple,Laterite,5.83,63,21,120,39.2,1612,48.2,Low,8.8,2141.3,5.291
2024,Tomato,Saline,5.71,139,110,119,17.3,1049,76.1,High,10.7,7047.2,17.414
2026,Onion,Loam,4.91,91,31,56,14.6,286,63.7,Low,4.3,1098.58,2.715
2022,Barley,Alluvial,4.68,86,44,25,26.0,356,91.7,High,4.2,437.81,1.082
2024,Coffee,Peaty,6.22,124,63,85,34.8,1970,94.9,High,8.0,308.68,0.763
2020,Onion,Red Soil,8.24,85,29,89,34.3,768,35.3,Medium,9.4,1928.01,4.764
2022,Mustard,Alluvial,6.21,126,11,24,19.1,150,89.5,High,4.1,328.38,0.811
2021,Apple,Black Soil,7.27,126,35,129,37.8,520,38.3,Medium,11.6,1965.54,4.857
2020,Banana,Laterite,4.69,246,98,239,34.3,1580,39.3,Medium,4.7,6537.46,16.154
2022,Wheat,Sandy Loam,4.64,92,57,35,35.1,1511,62.7,Medium,7.8,235.96,0.583
2025,Coffee,Loam,5.78,223,45,146,29.7,2140,42.0,Medium,5.9,508.26,1.256
2023,Potato,Alluvial,5.59,89,72,109,26.5,1178,63.2,Low,11.2,5688.07,14.056
2021,Onion,Peaty,5.14,138,14,78,19.4,618,46.8,Medium,4.1,2365.85,5.846
2026,Maize,Laterite,7.61,102,101,89,31.2,1399,31.2,High,10.7,1325.92,3.276
2021,Barley,Saline,7.34,10,19,10,21.4,516,79.8,Low,8.5,441.92,1.092
2025,Wheat,Sandy Loam,5.31,147,52,10,12.4,193,93.2,High,10.2,281.11,0.695
2020,Chickpea,Saline,6.8,72,40,74,38.0,597,34.5,High,7.8,221.51,0.547
2026,Sunflower,Sandy Loam,7.09,83,69,48,33.1,600,82.7,High,10.2,746.83,1.845
2026,Apple,Alluvial,8.54,122,71,86,27.6,1034,80.6,Low,4.3,1701.08,4.203
2021,Soybean,Clay Loam,5.74,101,87,24,29.5,1042,37.6,High,4.1,601.82,1.487
2021,Soybean,Alluvial,8.27,74,67,50,19.0,975,60.0,Low,7.8,549.1,1.357
2024,Wheat,Peaty,6.93,101,54,91,32.1,642,84.4,Medium,7.9,818.89,2.024
2020,Rice,Laterite,6.45,107,32,40,22.0,1435,91.3,High,9.2,1553.36,3.838
2021,Banana,Saline,7.1,224,33,233,36.2,1742,87.1,Low,10.8,8874.32,21.929
2025,Mustard,Black Soil,6.04,118,10,37,15.7,325,39.7,Low,11.7,502.51,1.242
2024,Rice,Silt Loam,7.3,138,62,25,28.7,1613,45.5,Medium,5.6,1111.52,2.747
2020,Potato,Saline,8.52,131,78,144,14.3,400,77.4,Low,8.4,2360.04,5.832
2026,Groundnut,Alluvial,6.87,84,69,74,26.2,452,56.6,Medium,9.8,1678.24,4.147
2020,Groundnut,Saline,7.41,38,83,54,10.8,660,79.8,Medium,7.6,381.08,0.942
2023,Mustard,Sandy Loam,8.46,109,50,35,10.2,698,66.1,Medium,10.4,429.58,1.062
2025,Onion,Alluvial,4.78,92,71,56,38.4,1257,74.4,Medium,12.0,1890.7,4.672
2021,Tomato,Sandy Loam,6.06,181,79,159,38.9,150,84.4,High,10.3,2028.77,5.013
2023,Cotton,Silt Loam,7.68,89,64,12,32.2,150,43.1,Medium,8.0,255.39,0.631
2024,Wheat,Saline,6.78,169,105,10,12.0,559,58.4,Medium,5.5,551.16,1.362
2026,Tea,Silt Loam,7.18,155,10,121,29.7,1944,60.8,Low,6.1,172.65,0.427
2022,Cotton,Red Soil,8.54,141,86,62,25.4,1446,87.3,Low,4.6,487.82,1.205
2026,Chickpea,Silt Loam,4.6,14,32,38,16.1,150,83.1,High,9.0,175.8,0.434
2023,Chickpea,Alluvial,4.57,10,34,48,19.2,495,94.8,Medium,4.7,312.49,0.772
2024,Soybean,Laterite,7.91,22,93,68,34.7,893,54.5,Low,8.8,382.14,0.944
2022,Watermelon,Loam,4.63,118,67,85,10.4,687,73.5,High,8.6,3534.66,8.734
2024,Tomato,Peaty,5.18,202,83,75,39.1,813,39.3,Low,6.6,2489.47,6.152
2021,Potato,Alluvial,8.48,165,87,80,11.5,208,62.7,Medium,7.6,1642.3,4.058
2022,Tomato,Loam,8.66,150,86,134,26.2,379,36.5,Medium,10.5,4881.69,12.063
2023,Sugarcane,Sandy Loam,8.05,178,64,92,14.4,1744,36.0,Low,6.9,5260.56,12.999
2021,Barley,Silt Loam,5.3,103,46,58,15.0,150,33.0,Low,4.6,297.5,0.735
2024,Sunflower,Black Soil,5.84,56,53,71,26.0,580,65.7,High,7.6,900.35,2.225
2024,Soybean,Clay Loam,7.9,37,22,79,10.7,642,69.1,Low,5.6,193.3,0.478
2021,Cotton,Red Soil,4.71,104,22,36,26.4,861,80.5,High,4.3,303.04,0.749
2021,Rice,Saline,8.7,119,82,77,25.3,1533,40.3,Medium,10.1,997.31,2.464
2023,Sugarcane,Clay Loam,8.58,212,39,73,28.8,1917,30.1,High,7.7,12351.42,30.521
2020,Soybean,Sandy Loam,7.95,46,77,40,29.2,658,60.3,Low,9.0,505.0,1.248
2026,Tomato,Clay Loam,4.76,163,130,129,34.0,951,41.1,Low,5.4,2525.91,6.242
2020,Chickpea,Clay Loam,6.07,10,30,78,29.5,929,44.7,High,11.1,267.06,0.66
2025,Cotton,Alluvial,7.51,52,44,65,35.9,698,51.0,High,6.6,500.93,1.238
2020,Sunflower,Silt Loam,5.1,140,46,21,12.3,693,91.4,Low,6.8,187.75,0.464
2022,Groundnut,Alluvial,8.01,10,25,39,39.1,768,84.1,High,9.5,226.26,0.559
2020,Banana,Alluvial,5.77,217,10,302,20.3,2284,59.9,Medium,8.0,10148.75,25.078
2024,Barley,Saline,7.95,105,57,10,23.1,150,64.3,Low,6.0,217.75,0.538
2026,Garlic,Sandy Loam,8.57,116,11,46,32.1,898,60.2,Medium,6.7,484.77,1.198
2021,Apple,Black Soil,4.99,103,45,79,33.5,665,87.9,Low,7.6,1571.46,3.883
2025,Groundnut,Saline,6.17,40,70,53,22.4,573,43.9,High,8.2,1180.08,2.916
2021,Garlic,Saline,8.69,121,55,42,21.7,177,50.6,High,11.1,787.76,1.947
2023,Onion,Clay Loam,5.71,100,44,55,26.7,389,79.4,Low,6.0,1863.58,4.605
2025,Mustard,Alluvial,8.46,73,24,47,33.8,487,46.3,High,9.1,296.06,0.732
2020,Apple,Peaty,7.47,109,24,121,34.3,1123,38.1,High,7.4,1416.73,3.501
2026,Maize,Red Soil,7.3,139,73,39,24.3,927,64.1,Low,4.2,1633.17,4.036
2020,Garlic,Clay Loam,4.75,44,10,53,24.1,474,34.8,High,9.6,1198.04,2.96
2021,Tomato,Alluvial,4.54,180,69,131,25.8,913,94.0,High,10.4,7414.7,18.322
2023,Tomato,Silt Loam,8.15,127,111,100,23.1,1017,39.5,Low,7.8,6303.14,15.575
2024,Soybean,Silt Loam,8.22,78,27,54,36.6,821,34.5,High,7.9,254.53,0.629
2023,Mustard,Laterite,4.79,101,99,11,38.7,666,43.9,High,5.2,138.26,0.342
2025,Onion,Laterite,4.8,109,18,63,20.1,201,80.0,High,11.8,1423.41,3.517
2022,Sunflower,Saline,8.39,108,45,29,17.3,718,59.3,High,10.6,366.22,0.905
2023,Chickpea,Saline,4.62,10,10,10,27.4,782,77.6,Low,9.6,203.23,0.502
2025,Wheat,Peaty,8.65,182,66,91,27.3,672,84.4,High,8.2,730.09,1.804
2020,Barley,Loam,7.44,121,76,36,36.9,969,67.0,Medium,8.1,702.0,1.735
2021,Tomato,Silt Loam,8.22,160,75,91,31.2,781,64.8,Medium,6.3,2949.46,7.288
2020,Coffee,Saline,5.28,165,75,87,27.8,1511,70.9,High,7.8,375.23,0.927
2022,Sugarcane,Clay Loam,6.94,208,91,76,16.9,2204,76.6,Medium,5.2,8250.04,20.386
2026,Cotton,Red Soil,7.54,140,44,19,14.1,582,57.0,High,9.0,314.43,0.777
2021,Apple,Sandy Loam,5.74,62,55,108,27.7,387,90.6,High,10.0,1550.33,3.831
2020,Chickpea,Red Soil,4.71,46,29,38,19.7,482,81.1,High,5.0,290.96,0.719
2025,Potato,Loam,6.22,216,70,99,15.9,150,93.4,Low,10.8,4615.51,11.405
2026,Onion,Laterite,6.08,43,49,110,25.0,850,49.3,High,8.1,4073.73,10.066
2026,Tea,Sandy Loam,8.47,131,37,77,34.8,2106,55.0,Low,10.3,221.49,0.547
2024,Apple,Saline,7.51,105,70,104,12.2,915,79.8,High,4.1,2884.63,7.128
2025,Potato,Sandy Loam,7.98,164,68,120,16.9,536,91.3,Medium,11.2,5731.38,14.163
2020,Rice,Laterite,5.25,161,33,13,10.9,1395,60.3,Low,9.9,398.39,0.984
2024,Sugarcane,Sandy Loam,8.09,193,68,57,10.3,1427,77.6,Medium,9.4,5427.41,13.411
2026,Mustard,Red Soil,6.37,126,61,41,30.1,622,66.5,High,6.5,415.86,1.028
2023,Watermelon,Clay Loam,8.67,93,57,67,22.8,700,42.1,Low,4.2,5012.29,12.386
2025,Watermelon,Alluvial,6.06,139,56,113,16.6,667,85.4,High,11.9,5886.42,14.546
2023,Chickpea,Alluvial,7.42,29,87,20,38.1,514,85.2,Medium,6.9,368.06,0.909
2023,Coffee,Laterite,5.13,149,55,93,25.1,1572,78.3,Low,6.0,321.6,0.795
2020,Apple,Alluvial,4.93,83,32,92,34.5,426,77.6,Medium,7.2,1293.65,3.197
2024,Sugarcane,Silt Loam,6.63,248,112,58,17.6,2260,87.6,Medium,4.2,9268.55,22.903
2025,Barley,Alluvial,5.47,83,56,10,38.8,150,83.1,High,7.1,115.17,0.285
2022,Tomato,Sandy Loam,7.59,132,76,130,39.9,801,31.3,Medium,8.3,3476.97,8.592
2025,Wheat,Clay Loam,4.9,179,21,13,36.2,560,92.3,Low,8.0,259.64,0.642
2022,Coffee,Loam,4.55,152,51,119,38.7,2262,68.3,Medium,9.3,221.87,0.548
2024,Sugarcane,Black Soil,8.05,246,116,99,33.3,1441,76.8,Medium,8.6,18697.23,46.202
2020,Wheat,Red Soil,6.22,99,78,27,36.8,1395,68.4,Medium,10.8,644.87,1.594
2022,Wheat,Clay Loam,6.57,125,67,34,10.1,444,44.4,Medium,11.8,880.5,2.176
2025,Apple,Peaty,4.64,65,89,102,33.4,328,56.9,Low,6.9,568.44,1.405
2020,Sunflower,Sandy Loam,5.21,52,56,41,35.1,659,87.3,Medium,4.7,216.75,0.536
2024,Cotton,Red Soil,7.82,34,49,54,10.6,604,51.9,Low,5.9,154.28,0.381
2023,Sunflower,Saline,7.63,84,53,25,26.4,702,66.1,High,10.0,787.9,1.947
2025,Banana,Sandy Loam,5.65,240,64,252,35.4,1583,62.1,Low,6.5,8809.29,21.768
2020,Tomato,Peaty,5.93,151,104,144,24.1,188,37.5,High,9.7,5129.69,12.676
2021,Groundnut,Black Soil,7.92,10,10,20,34.3,775,53.8,Medium,4.6,230.66,0.57
2025,Coffee,Loam,7.18,123,58,138,31.7,1535,83.0,Low,9.2,258.27,0.638
2022,Sugarcane,Peaty,8.8,225,75,83,39.6,2285,50.0,High,6.5,5935.0,14.666
2023,Maize,Black Soil,4.68,114,85,81,20.6,431,50.1,Medium,8.5,796.48,1.968
2025,Apple,Peaty,5.31,138,40,125,22.8,645,85.4,High,6.2,2914.04,7.201
2022,Coffee,Black Soil,6.58,142,48,95,38.6,1579,95.0,Low,4.0,211.32,0.522
2021,Sunflower,Clay Loam,7.84,110,71,37,32.4,1142,68.8,Medium,6.9,573.47,1.417
2023,Mustard,Alluvial,6.12,98,36,10,24.4,395,36.1,High,11.1,706.87,1.747
2022,Rice,Red Soil,8.06,96,34,64,12.4,881,33.8,Low,9.0,280.11,0.692
2025,Sugarcane,Silt Loam,5.54,233,88,84,29.4,1852,83.3,Medium,6.2,17251.69,42.63
2025,Tomato,Clay Loam,5.91,182,47,75,15.5,653,83.2,Low,9.5,6895.24,17.038
2021,Groundnut,Black Soil,6.8,37,38,35,38.2,612,47.7,High,11.6,627.38,1.55
2023,Potato,Black Soil,8.58,119,43,120,11.3,587,41.4,Low,7.0,2476.07,6.118
2026,Maize,Clay Loam,6.21,187,134,68,11.8,1414,32.1,High,8.0,860.37,2.126
2026,Tea,Peaty,6.94,175,36,14,31.4,1361,35.0,High,4.5,96.09,0.237
2026,Tomato,Peaty,6.59,160,122,103,20.8,299,72.0,High,11.1,8085.08,19.979
2025,Chickpea,Silt Loam,4.88,55,89,34,12.6,406,54.2,High,4.8,297.25,0.735
2020,Apple,Sandy Loam,8.07,92,17,55,11.8,477,45.3,High,8.7,2020.69,4.993
2025,Sugarcane,Red Soil,8.43,213,94,61,19.6,1346,63.5,Medium,8.6,4996.52,12.347
2024,Onion,Silt Loam,6.84,44,50,52,19.4,605,36.5,Medium,11.5,7894.23,19.507
2023,Sugarcane,Laterite,8.01,207,103,100,10.8,1634,70.3,Medium,6.7,6240.33,15.42
2025,Coffee,Loam,7.17,165,34,128,30.9,1224,50.6,Low,4.5,187.03,0.462
2020,Mustard,Sandy Loam,8.48,77,62,33,17.0,192,41.5,High,8.5,428.31,1.058
2021,Chickpea,Sandy Loam,6.94,10,53,34,30.4,1117,43.9,Low,8.8,367.83,0.909
2025,Tea,Silt Loam,4.83,187,28,87,35.0,1664,63.8,Medium,9.6,450.49,1.113
2026,Sunflower,Red Soil,4.54,108,41,52,31.0,464,51.3,Medium,9.3,442.85,1.094
2021,Wheat,Loam,5.51,101,42,31,33.2,680,48.0,High,9.8,646.1,1.597
2021,Potato,Peaty,6.37,116,84,132,33.4,357,58.8,High,9.3,2930.9,7.242
2025,Sunflower,Peaty,7.03,148,111,45,27.2,500,33.5,Medium,10.8,1307.06,3.23
2021,Coffee,Saline,7.98,185,37,136,26.1,1387,62.0,High,4.9,220.25,0.544
2022,Sunflower,Black Soil,6.11,52,34,41,10.5,191,70.8,Low,7.0,138.88,0.343
2021,Soybean,Loam,7.28,48,66,28,14.0,658,38.2,Low,4.3,327.59,0.809
2022,Onion,Black Soil,7.9,146,41,74,29.4,485,59.1,High,8.5,3511.38,8.677
2025,Garlic,Black Soil,7.12,31,58,67,18.5,648,35.0,Low,7.0,3086.46,7.627
2022,Potato,Red Soil,4.97,182,71,141,14.3,840,84.9,Low,10.6,7980.55,19.72
2022,Coffee,Loam,8.62,169,10,66,32.2,905,42.4,High,4.2,80.0,0.198
2024,Rice,Saline,4.79,222,93,69,19.0,1279,63.6,Low,5.5,537.71,1.329
2024,Wheat,Laterite,5.7,112,19,75,17.0,627,43.0,High,9.4,1157.33,2.86
2023,Garlic,Sandy Loam,5.27,50,83,86,31.8,461,43.6,Low,5.4,613.95,1.517
2022,Cotton,Clay Loam,8.34,104,32,60,38.2,539,83.7,High,5.7,224.86,0.556
2022,Garlic,Black Soil,8.46,103,10,128,31.1,801,65.1,Low,9.5,727.16,1.797
2020,Rice,Laterite,7.02,140,49,48,36.2,1176,38.0,Medium,7.6,715.94,1.769
2026,Potato,Clay Loam,5.93,163,73,86,36.4,731,62.5,Medium,5.6,3104.81,7.672
2024,Barley,Black Soil,7.97,94,13,10,15.4,658,79.2,Medium,10.6,856.92,2.117
2021,Wheat,Red Soil,7.68,152,56,36,24.5,894,61.6,Low,6.2,842.66,2.082
2024,Banana,Alluvial,8.16,181,40,281,15.6,1945,84.6,Low,10.1,6169.14,15.244
2025,Rice,Loam,5.73,78,68,35,13.4,1843,80.9,Medium,9.6,976.14,2.412
2022,Groundnut,Black Soil,7.11,10,78,33,19.1,1121,78.9,Low,6.2,455.67,1.126
2024,Sunflower,Laterite,8.34,134,84,72,20.5,796,65.5,Low,9.4,749.56,1.852
2026,Coffee,Peaty,7.93,143,81,157,17.5,1717,63.7,Low,10.8,387.58,0.958
2024,Onion,Saline,7.54,111,25,58,19.2,794,94.0,High,5.8,3541.68,8.752
2024,Apple,Alluvial,5.82,127,98,94,10.8,185,31.7,Low,6.8,2438.55,6.026
2025,Cotton,Clay Loam,6.6,42,80,35,38.0,611,90.9,Medium,6.0,266.81,0.659
2023,Onion,Black Soil,7.61,80,49,67,30.3,806,47.0,Medium,5.7,2472.45,6.11
2025,Onion,Alluvial,5.43,73,43,20,10.2,625,60.2,Low,4.6,1455.3,3.596
2026,Barley,Black Soil,4.72,133,10,10,11.8,192,49.3,Low,9.1,180.14,0.445
2024,Coffee,Alluvial,5.98,91,30,93,30.8,2098,39.5,High,6.1,324.27,0.801
2020,Wheat,Sandy Loam,4.88,96,66,57,34.2,599,47.7,High,8.0,344.36,0.851
2021,Soybean,Silt Loam,7.15,10,131,77,29.3,962,55.4,High,7.3,568.96,1.406
2024,Barley,Loam,6.89,59,16,10,21.5,150,73.8,Medium,7.9,517.86,1.28
2024,Potato,Clay Loam,6.38,147,86,95,16.8,960,53.3,Medium,9.6,9266.31,22.898
2024,Groundnut,Peaty,8.2,24,45,22,37.2,505,60.4,Low,7.6,185.51,0.458
2023,Cotton,Laterite,7.26,115,60,69,39.0,569,51.6,Low,5.5,259.59,0.641
2026,Banana,Peaty,5.18,155,49,242,38.8,1486,58.2,Low,4.0,3942.07,9.741
2022,Potato,Peaty,8.07,217,87,124,29.8,843,75.8,Medium,6.1,1699.03,4.198
2023,Groundnut,Black Soil,5.59,10,74,70,37.1,373,46.9,Medium,10.1,318.51,0.787
2022,Tea,Saline,6.01,162,28,109,21.3,1526,77.5,Medium,5.4,425.77,1.052
2024,Chickpea,Alluvial,8.25,69,59,73,38.6,672,90.2,Low,5.3,366.04,0.905
2023,Soybean,Peaty,5.6,26,49,55,39.4,534,39.0,Medium,10.4,330.26,0.816
2022,Mustard,Laterite,4.6,80,25,37,36.0,150,48.0,Medium,4.7,80.0,0.198
2026,Maize,Saline,7.16,141,64,127,11.7,634,41.4,Low,10.3,707.32,1.748
2021,Cotton,Peaty,4.77,77,54,37,12.1,483,74.4,Low,7.3,121.68,0.301
2026,Banana,Red Soil,5.23,161,66,241,26.7,1715,63.9,High,4.3,13251.37,32.745
2020,Potato,Laterite,7.06,192,74,100,34.1,620,41.8,Medium,8.5,2692.18,6.653
2022,Sunflower,Laterite,7.01,114,22,57,36.5,809,40.9,High,7.0,332.45,0.822
2024,Tea,Loam,5.88,174,40,68,38.3,1638,42.4,High,7.5,395.25,0.977
2020,Banana,Loam,7.9,201,25,268,33.3,2067,82.9,Medium,6.4,7927.18,19.588
2024,Watermelon,Loam,5.31,93,55,121,30.4,838,94.0,High,4.5,5274.57,13.034
2022,Rice,Red Soil,4.86,132,32,102,27.0,1602,88.4,High,5.2,1013.5,2.504
2023,Mustard,Loam,5.11,124,18,10,33.5,150,38.9,Low,11.1,91.8,0.227
2024,Potato,Red Soil,8.65,119,83,29,35.3,1204,39.7,Medium,7.6,1141.78,2.821
2021,Tea,Black Soil,8.17,145,48,78,36.9,1505,74.1,High,6.5,159.39,0.394
2020,Soybean,Peaty,5.93,26,31,55,38.8,394,35.2,High,6.1,199.63,0.493
2023,Apple,Loam,5.76,156,65,85,21.7,517,55.9,Medium,8.4,4482.93,11.078
2025,Banana,Alluvial,5.19,139,60,205,29.7,1255,79.9,High,8.0,13536.89,33.45
2020,Rice,Saline,6.77,136,41,99,23.3,1440,35.4,Medium,5.6,1122.15,2.773
2020,Garlic,Silt Loam,8.07,98,64,68,30.6,821,87.8,Medium,4.7,969.02,2.394
2023,Wheat,Silt Loam,8.04,116,70,10,32.4,689,34.1,Low,9.6,391.95,0.969
2021,Maize,Clay Loam,5.6,128,95,75,34.5,1478,84.1,Low,4.5,666.0,1.646
2020,Coffee,Loam,5.64,136,28,132,20.8,1664,91.2,Medium,5.4,600.52,1.484
2021,Mustard,Black Soil,7.72,60,70,20,37.7,255,82.6,Medium,6.5,246.35,0.609
2021,Mustard,Red Soil,6.13,33,23,17,13.3,371,92.3,Medium,8.3,487.02,1.203
2022,Banana,Silt Loam,6.6,217,43,281,12.2,2014,63.2,Low,10.7,12331.81,30.473
2024,Watermelon,Loam,6.75,124,53,65,30.6,218,94.1,Medium,8.5,7759.41,19.174
2026,Garlic,Alluvial,6.84,75,76,71,17.8,647,45.7,Low,6.9,4500.7,11.121
2025,Soybean,Peaty,5.65,33,91,33,27.9,301,43.6,High,6.0,409.8,1.013
2022,Watermelon,Saline,5.35,104,57,71,34.0,150,30.6,Low,9.4,2003.68,4.951
2021,Soybean,Saline,5.7,46,48,23,19.6,375,79.0,Medium,6.1,230.89,0.571
2021,Sunflower,Saline,6.25,98,73,38,23.9,1233,90.7,Medium,8.4,956.04,2.362
2025,Maize,Saline,5.71,150,62,109,13.7,762,72.7,High,9.9,846.16,2.091
2022,Garlic,Laterite,7.0,80,90,63,21.0,832,52.3,Medium,11.5,3717.58,9.186
2025,Watermelon,Alluvial,7.52,129,77,124,27.5,269,33.6,Medium,5.2,7755.99,19.165
2026,Coffee,Laterite,6.24,244,71,122,13.8,1521,62.1,High,5.3,482.96,1.193
2021,Chickpea,Sandy Loam,5.43,16,57,56,17.0,1106,74.2,High,9.8,281.64,0.696
2026,Cotton,Saline,7.11,158,68,61,24.2,824,64.6,Medium,4.3,698.68,1.726
2026,Soybean,Sandy Loam,5.59,56,112,44,23.2,898,92.3,Low,11.7,873.23,2.158
2026,Garlic,Peaty,5.87,131,10,83,23.0,150,35.5,Low,11.1,1091.12,2.696
2026,Onion,Clay Loam,6.49,98,16,97,17.1,1430,72.6,Low,10.1,6419.96,15.864
2022,Onion,Red Soil,7.16,70,47,115,12.4,569,69.4,High,7.3,4613.36,11.4
2023,Apple,Saline,5.19,117,49,143,35.4,227,53.2,Low,9.2,991.67,2.45
2023,Barley,Alluvial,8.79,98,23,95,26.0,790,33.8,Medium,12.0,605.82,1.497
2020,Watermelon,Saline,6.56,123,89,36,36.2,527,75.6,High,11.8,5464.14,13.502
2023,Soybean,Loam,4.82,14,136,76,15.8,437,51.3,Medium,10.1,205.84,0.509
2023,Barley,Peaty,4.65,87,57,63,24.1,752,41.5,Low,11.1,736.96,1.821
2026,Potato,Alluvial,4.64,199,66,84,34.1,150,33.1,High,8.3,1394.8,3.447
2023,Banana,Sandy Loam,5.43,220,28,217,25.8,1725,93.6,Low,5.7,11077.65,27.373
2023,Coffee,Red Soil,5.85,166,26,138,16.2,1315,91.1,Medium,6.4,429.34,1.061
2023,Groundnut,Red Soil,8.77,46,79,32,20.5,369,42.5,High,5.0,300.78,0.743
2025,Apple,Saline,4.65,119,37,76,19.2,672,81.4,Low,6.5,1808.06,4.468
2021,Watermelon,Red Soil,5.25,91,65,63,34.6,150,49.6,Low,6.6,1398.52,3.456
2023,Apple,Laterite,4.6,130,46,145,27.6,451,52.0,High,5.1,897.43,2.218
2020,Apple,Laterite,8.34,155,32,91,13.3,576,64.7,Medium,10.1,2817.56,6.962
2021,Chickpea,Loam,7.91,10,78,82,22.5,734,53.3,Medium,10.8,811.47,2.005
2024,Mustard,Loam,6.85,59,63,26,37.3,150,85.4,Medium,7.9,216.77,0.536
2022,Wheat,Laterite,5.43,75,108,16,17.7,558,40.9,Medium,10.0,1050.7,2.596
2023,Chickpea,Sandy Loam,5.48,47,35,10,13.7,424,47.1,High,6.0,167.45,0.414
2020,Apple,Peaty,5.4,112,25,108,26.0,350,66.4,Medium,9.2,1389.6,3.434
2024,Maize,Laterite,5.16,174,50,63,31.1,695,56.9,Medium,8.7,801.41,1.98
2026,Sugarcane,Red Soil,7.16,257,82,36,15.4,1505,55.2,Low,6.6,5638.44,13.933
2026,Tea,Black Soil,5.85,177,81,132,21.4,1785,39.0,High,5.5,894.79,2.211
2026,Apple,Silt Loam,6.28,21,44,99,39.3,576,34.7,Low,10.5,1627.78,4.022
2023,Wheat,Laterite,5.85,73,17,37,22.1,902,53.4,High,6.8,723.89,1.789
2020,Rice,Black Soil,7.28,114,88,42,15.3,1806,63.2,Medium,7.6,640.4,1.582
2024,Garlic,Saline,6.26,66,97,61,34.2,471,60.0,Low,4.6,872.34,2.156
2025,Rice,Red Soil,4.71,153,45,75,32.8,1000,82.3,High,11.3,995.68,2.46
2024,Apple,Red Soil,8.36,87,25,84,37.0,1250,74.7,Medium,10.1,1365.08,3.373
2022,Groundnut,Black Soil,4.62,34,78,42,19.5,944,56.1,Medium,6.0,418.06,1.033
2020,Tomato,Red Soil,7.24,182,74,111,39.7,491,84.7,Low,10.4,3064.57,7.573
2025,Apple,Peaty,7.04,135,70,112,37.7,689,61.9,High,7.3,2741.86,6.775
2021,Garlic,Red Soil,6.94,68,10,34,36.5,328,73.3,Low,5.3,494.25,1.221
2020,Potato,Alluvial,8.73,143,11,117,11.0,540,54.8,Low,11.7,2070.97,5.117
2020,Soybean,Saline,8.09,10,67,80,37.1,656,43.8,Medium,5.0,105.26,0.26
2020,Tea,Black Soil,5.52,121,34,96,31.8,1967,60.5,Medium,8.5,372.4,0.92
2020,Tomato,Laterite,7.01,180,80,88,30.3,680,46.6,High,4.6,4535.87,11.208
2023,Cotton,Peaty,8.43,78,24,10,30.7,789,64.1,Medium,11.6,462.8,1.144
2020,Apple,Silt Loam,5.31,107,66,129,25.2,163,40.0,Medium,10.2,1605.31,3.967
2026,Apple,Alluvial,7.22,98,10,114,19.6,552,58.7,High,10.0,3328.25,8.224
2023,Onion,Black Soil,7.66,158,46,87,12.3,363,59.3,Medium,8.2,3028.52,7.484
2023,Chickpea,Black Soil,6.98,21,64,22,23.6,692,73.9,Low,11.1,907.94,2.244
2020,Soybean,Sandy Loam,6.39,55,14,38,14.7,531,31.7,High,4.5,248.68,0.615
2023,Banana,Silt Loam,4.93,269,28,239,25.6,1892,63.0,Low,6.7,9898.53,24.46
2026,Mustard,Sandy Loam,6.97,122,58,45,31.2,743,67.8,Medium,7.7,446.3,1.103
2021,Banana,Sandy Loam,7.53,193,34,257,36.2,1760,86.2,Low,6.9,6714.31,16.591
2020,Potato,Red Soil,7.38,147,43,105,23.7,499,86.6,Low,7.8,2698.97,6.669
2020,Groundnut,Laterite,5.9,14,74,15,17.9,765,59.1,High,6.5,393.5,0.972
2022,Sugarcane,Sandy Loam,8.43,181,111,91,30.9,1316,58.0,Medium,5.7,8159.88,20.163
2021,Groundnut,Loam,7.91,39,73,71,27.0,502,85.7,Medium,6.1,676.71,1.672
2024,Maize,Laterite,7.79,161,68,33,33.8,844,30.0,Low,6.8,631.56,1.561
2025,Groundnut,Black Soil,8.01,40,98,67,17.9,525,51.7,Low,11.6,559.43,1.382
2024,Mustard,Clay Loam,7.44,89,40,23,27.9,150,35.0,Low,11.3,317.1,0.784
2024,Maize,Sandy Loam,7.82,144,83,67,37.2,585,93.7,High,10.5,682.94,1.688
2024,Mustard,Clay Loam,5.23,33,69,10,21.5,238,71.1,High,9.8,346.57,0.856
2026,Tea,Peaty,7.14,138,10,57,32.1,2127,81.0,Medium,11.5,147.54,0.365
2025,Sugarcane,Loam,5.72,198,77,54,15.0,2060,43.9,High,5.6,7371.33,18.215
2021,Mustard,Silt Loam,7.56,87,25,41,11.2,553,75.3,Medium,10.4,780.76,1.929
2021,Tomato,Red Soil,5.46,80,109,125,24.6,258,93.7,Low,5.4,2352.27,5.813
2023,Potato,Alluvial,7.27,156,94,93,19.4,1152,64.1,Medium,5.4,4509.66,11.144
2020,Cotton,Clay Loam,8.44,120,85,27,17.8,559,59.3,High,7.5,271.22,0.67
2026,Cotton,Peaty,7.9,41,39,58,20.0,331,82.8,Medium,11.7,249.2,0.616
2026,Barley,Clay Loam,8.67,78,10,11,22.2,1092,87.3,High,7.7,416.54,1.029
2025,Maize,Loam,7.5,130,134,68,33.4,709,39.1,Medium,6.9,943.73,2.332
2020,Cotton,Peaty,6.53,178,45,39,23.9,562,63.0,Low,11.8,576.68,1.425
2025,Apple,Peaty,6.87,121,10,127,15.1,612,39.4,High,4.8,3321.52,8.208
2021,Tomato,Laterite,7.93,164,79,94,23.1,626,63.3,High,6.0,5337.21,13.189
2024,Garlic,Red Soil,6.64,93,27,19,16.3,580,47.6,High,5.0,2705.82,6.686
2026,Tea,Silt Loam,7.08,143,10,94,36.6,1168,92.8,Low,9.6,115.94,0.286
2022,Sugarcane,Peaty,5.94,192,55,92,13.9,2195,76.1,Low,5.2,7155.78,17.682
2026,Potato,Black Soil,4.83,89,61,114,38.4,150,57.6,Low,5.3,1080.92,2.671
2026,Sugarcane,Black Soil,8.5,221,10,102,33.9,2037,86.4,Medium,7.8,7526.96,18.599
2021,Apple,Saline,4.86,98,32,60,17.4,485,80.8,Low,8.4,2059.2,5.088
2021,Tea,Laterite,5.45,114,21,73,24.5,2205,50.9,Medium,8.1,650.4,1.607
2026,Chickpea,Alluvial,8.17,109,35,10,13.2,150,77.7,Low,9.1,207.38,0.512
2025,Groundnut,Silt Loam,7.95,84,37,24,25.5,568,86.3,High,10.8,784.33,1.938
2024,Mustard,Laterite,7.59,121,55,63,27.6,150,86.6,Medium,7.1,252.07,0.623
2021,Wheat,Black Soil,8.09,87,10,49,13.6,187,71.0,High,10.0,225.16,0.556
2026,Watermelon,Clay Loam,6.34,145,42,64,36.5,924,60.5,Low,11.5,7628.78,18.851
2024,Cotton,Alluvial,8.56,96,55,51,19.0,707,53.4,Low,4.4,280.48,0.693
2025,Soybean,Peaty,5.19,10,71,81,18.1,1102,44.7,Medium,8.7,358.53,0.886
2020,Tea,Laterite,7.99,113,50,43,14.0,1698,76.3,Medium,8.2,318.92,0.788
2021,Watermelon,Alluvial,7.11,133,101,68,39.9,150,44.1,High,4.5,2015.18,4.98
2022,Coffee,Alluvial,5.24,115,67,83,20.0,2229,61.8,High,6.5,533.63,1.319
2023,Groundnut,Silt Loam,5.62,15,19,29,19.0,977,54.1,Low,6.6,515.55,1.274
2023,Potato,Laterite,5.8,207,48,104,27.0,150,63.2,High,8.6,1934.48,4.78
2026,Tea,Peaty,8.47,193,43,62,35.3,1154,43.6,High,5.7,142.47,0.352
2025,Rice,Clay Loam,7.01,100,15,71,29.4,1800,67.4,Medium,5.6,1082.55,2.675
2023,Chickpea,Red Soil,8.24,10,84,63,22.1,150,58.2,High,8.7,302.83,0.748
2026,Banana,Loam,6.15,215,71,235,39.3,1005,83.8,Medium,5.7,6062.72,14.981
2023,Tomato,Peaty,8.25,152,79,136,11.0,471,32.5,Medium,4.5,1692.55,4.182
2021,Coffee,Peaty,5.28,153,61,112,10.1,1186,32.7,Medium,4.8,204.72,0.506
2025,Mustard,Red Soil,5.87,127,66,47,19.2,231,83.3,High,8.8,782.36,1.933
2024,Soybean,Alluvial,8.03,10,43,35,30.2,173,94.8,High,7.0,142.2,0.351
2025,Wheat,Silt Loam,8.25,137,42,32,25.7,150,88.9,Low,8.8,354.32,0.876
2024,Coffee,Saline,6.53,139,55,80,16.5,1427,32.8,Medium,9.9,471.25,1.164
2021,Cotton,Clay Loam,7.55,78,26,56,25.8,150,40.1,Low,6.9,297.39,0.735
2024,Sugarcane,Black Soil,6.86,235,52,124,23.9,1908,60.9,Medium,5.3,15979.33,39.486
2023,Tomato,Clay Loam,7.38,149,75,113,30.4,408,35.1,Low,7.9,4139.35,10.229
2023,Apple,Sandy Loam,7.54,66,25,86,28.8,977,38.6,High,9.7,1780.61,4.4
2020,Watermelon,Silt Loam,8.3,121,105,126,24.2,445,54.6,High,8.1,8545.76,21.117
2026,Potato,Laterite,5.27,197,61,85,22.5,656,76.5,High,11.2,7095.69,17.534
2025,Potato,Silt Loam,7.99,94,75,132,17.0,756,80.2,High,8.1,5411.68,13.373
2023,Tomato,Peaty,7.72,179,128,131,29.4,640,84.6,Medium,8.0,7605.56,18.794
2026,Apple,Red Soil,4.63,123,34,73,16.4,947,51.0,Medium,7.3,3242.48,8.012
2024,Tomato,Peaty,5.38,154,51,102,36.2,372,80.6,Low,4.4,1493.13,3.69
2023,Rice,Saline,6.15,70,12,33,20.0,1521,90.8,Medium,9.6,935.6,2.312
2020,Cotton,Red Soil,7.37,69,50,56,36.4,1172,34.1,Low,11.2,567.5,1.402
2021,Tomato,Alluvial,7.39,148,65,135,39.1,731,39.5,High,11.0,4377.45,10.817
2023,Apple,Alluvial,6.43,99,37,76,26.6,996,60.8,High,6.7,2888.42,7.137
2024,Sunflower,Peaty,7.61,45,63,64,18.4,454,72.6,High,5.5,491.67,1.215
2024,Sunflower,Silt Loam,6.82,97,59,45,26.3,832,71.4,Low,6.6,1257.05,3.106
2021,Sunflower,Sandy Loam,5.44,78,78,59,22.4,829,45.1,Medium,11.2,721.67,1.783
2023,Garlic,Red Soil,6.49,112,36,84,34.8,150,44.9,Medium,4.4,671.12,1.658
2022,Garlic,Laterite,7.61,87,39,112,30.0,1034,74.4,Low,9.2,1252.33,3.095
2024,Tomato,Silt Loam,7.75,142,89,111,32.6,1154,79.1,Medium,4.8,3182.73,7.865
2021,Banana,Saline,8.61,244,87,228,25.1,1386,69.7,High,8.5,9990.26,24.686
2026,Tea,Clay Loam,8.08,188,20,93,21.3,1676,42.1,Low,7.9,416.97,1.03
2026,Apple,Clay Loam,7.84,63,49,117,27.3,758,47.1,High,5.0,1259.41,3.112
2026,Soybean,Peaty,7.35,58,65,20,35.4,270,93.6,Low,4.2,132.47,0.327
2024,Sugarcane,Loam,6.37,244,87,61,33.7,1765,46.0,Low,5.0,18351.39,45.347
2020,Potato,Saline,5.18,116,106,129,16.2,523,82.2,High,4.1,5364.9,13.257
2023,Potato,Black Soil,7.15,164,73,93,13.0,150,77.7,Medium,11.2,2303.72,5.693
2023,Tea,Red Soil,6.45,105,60,14,18.4,2106,77.4,Medium,10.4,459.77,1.136
2024,Sunflower,Peaty,6.0,37,78,42,19.1,937,88.5,High,8.3,549.62,1.358
2024,Tomato,Clay Loam,7.38,185,67,143,36.8,912,39.9,Low,11.7,4658.81,11.512
2022,Watermelon,Alluvial,6.47,79,100,79,29.5,517,92.9,Medium,6.3,11647.16,28.781
2026,Coffee,Sandy Loam,8.48,199,59,117,25.3,1751,88.4,High,9.4,390.0,0.964
2025,Banana,Peaty,5.96,232,47,285,20.9,1724,42.5,Low,7.8,15785.6,39.007
2026,Cotton,Laterite,8.3,140,52,73,25.7,1068,64.0,Low,8.3,592.76,1.465
2024,Garlic,Red Soil,6.51,68,72,53,39.4,150,80.1,High,7.6,643.94,1.591
2023,Garlic,Loam,4.51,86,61,74,31.1,150,50.0,High,11.7,519.09,1.283
2025,Sunflower,Black Soil,6.81,108,18,31,39.9,444,88.0,Low,8.7,342.99,0.848
2021,Soybean,Black Soil,4.61,10,52,41,19.1,326,56.7,High,5.4,143.54,0.355
2026,Tea,Sandy Loam,8.43,144,11,48,36.6,1647,39.2,High,7.8,142.56,0.352
2025,Sugarcane,Alluvial,6.11,265,53,57,19.7,1398,80.6,High,6.5,9726.13,24.034
2024,Wheat,Sandy Loam,8.72,111,80,20,29.5,150,86.7,High,7.8,162.17,0.401
2022,Onion,Alluvial,8.08,174,48,100,16.4,504,81.2,Low,7.8,3888.81,9.609
2025,Coffee,Loam,6.43,97,10,127,35.3,2116,71.8,Low,9.7,247.45,0.611
2023,Garlic,Silt Loam,8.18,78,71,69,30.2,601,59.8,Low,7.0,827.6,2.045
2024,Garlic,Sandy Loam,8.18,121,58,57,19.9,264,51.8,Low,8.8,1298.49,3.209
2021,Chickpea,Saline,6.07,15,46,77,39.3,281,63.9,High,9.9,131.37,0.325
2022,Sugarcane,Clay Loam,6.97,253,98,120,11.8,1614,48.5,Low,10.7,11898.78,29.402
2023,Barley,Silt Loam,6.16,33,54,32,23.8,348,88.8,Low,11.3,529.63,1.309
2021,Sugarcane,Black Soil,8.54,221,71,65,35.1,2230,37.6,Medium,10.2,12193.62,30.131
2021,Banana,Saline,5.76,238,86,260,10.0,1673,73.8,Medium,11.3,8121.52,20.069
2022,Mustard,Peaty,8.44,118,20,10,20.9,244,91.5,High,4.3,302.03,0.746
2021,Groundnut,Laterite,6.76,36,71,47,34.6,674,76.9,Low,10.2,932.23,2.304
2022,Chickpea,Clay Loam,7.23,54,73,31,30.2,150,86.1,Medium,4.4,246.89,0.61
2026,Coffee,Red Soil,7.84,180,56,80,20.7,1857,63.1,High,6.0,312.22,0.772
2023,Groundnut,Saline,8.24,52,64,57,30.6,165,47.7,Low,8.5,228.3,0.564
2026,Potato,Loam,8.18,174,111,128,40.0,733,62.9,Low,9.6,2834.6,7.004
2023,Barley,Sandy Loam,8.77,136,59,22,15.1,1233,72.9,Low,9.4,612.56,1.514
2026,Groundnut,Laterite,8.22,41,64,12,23.5,1406,57.6,High,9.6,390.46,0.965
2023,Sugarcane,Saline,6.22,281,87,130,16.0,2221,89.4,High,6.6,6747.38,16.673
2024,Sunflower,Laterite,7.25,103,43,25,13.7,150,76.1,Medium,7.0,144.2,0.356
2022,Apple,Red Soil,8.05,167,61,82,10.2,603,57.6,Medium,9.1,2689.01,6.645
2023,Banana,Laterite,7.21,230,19,218,35.7,1422,54.9,Medium,11.3,8456.96,20.898
2021,Apple,Black Soil,6.79,34,31,79,32.6,1162,94.6,Medium,6.7,1677.2,4.144
2022,Sugarcane,Laterite,7.49,185,90,73,23.9,1322,62.3,Medium,11.2,13833.06,34.182
2024,Onion,Loam,4.59,84,72,70,29.6,591,35.7,Low,8.2,1970.92,4.87
2024,Coffee,Alluvial,7.14,155,24,133,13.7,1482,57.9,Low,5.5,259.54,0.641
2020,Mustard,Silt Loam,7.43,119,19,14,33.7,202,94.1,Medium,9.6,248.52,0.614
2021,Sunflower,Sandy Loam,7.99,178,89,53,32.5,150,66.5,Low,9.1,319.97,0.791
2023,Rice,Laterite,6.12,131,29,35,27.2,1439,92.3,Low,10.1,1610.95,3.981
2024,Watermelon,Silt Loam,5.9,49,65,67,11.7,556,51.0,Low,6.4,2966.82,7.331
2020,Groundnut,Sandy Loam,4.81,93,27,55,18.4,501,92.0,Low,6.6,217.68,0.538
2023,Sugarcane,Saline,6.19,209,73,67,10.4,2027,81.7,High,9.6,8081.17,19.969
2020,Mustard,Red Soil,5.73,71,10,27,17.7,630,46.3,High,8.4,450.03,1.112
2023,Sugarcane,Silt Loam,8.09,201,74,126,16.4,1580,79.0,Low,8.2,6379.81,15.765
2020,Sugarcane,Sandy Loam,8.21,169,94,51,11.0,1748,90.2,High,6.4,4263.3,10.535
2024,Potato,Saline,5.41,171,74,105,13.4,724,82.6,Medium,4.9,5273.25,13.03
2022,Garlic,Sandy Loam,5.89,126,10,16,12.7,854,39.4,Low,5.9,1536.06,3.796
2024,Chickpea,Silt Loam,8.79,44,33,70,17.9,871,36.3,Medium,8.3,528.96,1.307
2025,Tea,Peaty,6.1,143,44,42,18.0,1753,39.7,High,5.1,582.58,1.44
2022,Maize,Silt Loam,5.89,182,59,48,18.4,488,86.2,High,8.1,1222.83,3.022
2020,Sugarcane,Black Soil,4.66,186,45,106,35.5,1293,55.6,High,7.0,7990.25,19.744
2026,Banana,Peaty,7.59,158,69,231,33.3,1627,78.4,Medium,7.9,11545.28,28.529
2025,Groundnut,Black Soil,5.05,10,47,10,36.6,886,41.0,Low,6.3,171.65,0.424
2021,Maize,Alluvial,6.22,145,67,85,11.5,1024,87.7,Low,9.0,1060.88,2.621
2023,Mustard,Saline,8.42,84,69,76,16.3,811,43.8,High,5.7,361.35,0.893
2023,Cotton,Saline,6.89,74,60,67,17.4,150,62.8,Low,8.5,155.46,0.384
2025,Garlic,Red Soil,7.29,88,20,75,31.8,282,50.6,Medium,11.5,907.02,2.241
2020,Rice,Red Soil,6.99,123,78,35,15.6,1652,35.5,Medium,7.9,650.01,1.606
2024,Maize,Black Soil,8.5,96,60,76,22.5,792,81.9,High,4.3,1011.42,2.499
2026,Watermelon,Peaty,6.09,112,14,110,27.9,229,43.8,High,11.9,5716.13,14.125
2023,Garlic,Loam,5.41,32,50,70,17.8,784,54.7,Medium,8.5,2548.86,6.298
2024,Wheat,Black Soil,7.32,143,42,66,37.7,448,42.2,Medium,7.9,551.23,1.362
2022,Tomato,Sandy Loam,5.56,131,89,76,38.9,631,49.8,Medium,7.4,2791.22,6.897
2024,Mustard,Peaty,7.79,76,17,24,24.8,151,56.9,High,7.6,307.25,0.759
2023,Rice,Sandy Loam,8.29,137,52,64,14.8,1289,48.1,High,7.3,443.78,1.097
2025,Coffee,Silt Loam,5.88,87,57,108,17.9,1857,82.2,Medium,11.9,696.87,1.722
2020,Groundnut,Saline,7.1,23,20,57,13.9,1041,87.5,Medium,8.8,298.93,0.739
2026,Onion,Silt Loam,5.95,123,10,99,36.1,992,33.0,Low,8.8,2532.28,6.257
2025,Watermelon,Saline,7.46,65,57,125,13.6,341,77.3,High,7.5,2756.11,6.81
2024,Watermelon,Loam,7.45,135,81,69,21.3,408,93.7,Low,7.6,7007.28,17.315
2026,Coffee,Saline,8.24,165,21,86,39.9,2613,48.6,Medium,7.3,99.22,0.245
2024,Barley,Clay Loam,7.08,125,67,68,27.5,570,36.5,Medium,11.9,1501.69,3.711
2020,Chickpea,Saline,8.07,10,44,10,38.0,973,40.7,Medium,11.6,191.01,0.472
2020,Soybean,Saline,7.68,10,91,10,33.1,722,42.8,Medium,10.6,283.04,0.699
2021,Maize,Clay Loam,6.79,167,63,80,29.3,1210,90.2,Low,7.5,1994.76,4.929
2022,Mustard,Clay Loam,8.62,108,10,25,19.9,150,30.8,High,8.7,232.34,0.574
2023,Garlic,Sandy Loam,6.83,61,40,37,14.0,497,72.0,Medium,10.9,3240.83,8.008
2026,Chickpea,Silt Loam,5.85,57,10,27,26.8,340,58.0,Medium,9.3,268.47,0.663
2026,Banana,Sandy Loam,5.52,187,55,230,31.3,2341,55.4,Medium,6.4,12556.83,31.029
2021,Wheat,Clay Loam,5.56,136,20,18,22.6,903,52.3,High,6.4,775.24,1.916
2024,Groundnut,Sandy Loam,8.38,39,34,25,15.3,481,52.9,Medium,9.4,263.95,0.652
2021,Groundnut,Peaty,6.18,48,53,11,24.5,848,59.2,Low,8.3,823.35,2.035
2020,Coffee,Loam,5.62,161,85,103,32.7,1816,60.3,Low,4.3,280.69,0.694
2023,Tomato,Loam,6.9,146,91,125,13.7,698,81.7,Medium,8.3,7920.16,19.571
2021,Rice,Saline,6.57,132,86,64,14.4,1482,49.4,Low,10.8,681.13,1.683
2020,Groundnut,Silt Loam,7.08,46,61,10,21.6,487,78.8,High,12.0,759.3,1.876
2025,Rice,Silt Loam,8.62,148,57,74,31.0,1308,51.0,Medium,4.3,919.32,2.272
2021,Apple,Peaty,7.22,118,18,68,25.7,955,70.2,High,11.5,2166.23,5.353
2023,Onion,Sandy Loam,4.95,113,71,82,19.2,150,50.0,Medium,7.0,1492.27,3.687
2021,Tea,Red Soil,8.21,159,10,73,23.9,1860,40.7,Medium,8.5,313.41,0.774
2025,Maize,Black Soil,5.53,163,28,81,14.1,738,89.8,Medium,7.1,570.32,1.409
2024,Onion,Saline,5.4,94,37,88,19.2,622,68.9,Low,10.6,4063.9,10.042
2021,Mustard,Silt Loam,8.62,84,18,50,21.6,434,50.7,Low,10.6,522.91,1.292
2023,Chickpea,Sandy Loam,4.91,85,10,24,12.1,582,43.1,Low,8.0,168.12,0.415
2025,Chickpea,Alluvial,7.24,63,30,79,21.8,150,31.6,Medium,7.6,459.9,1.136
2025,Onion,Red Soil,6.53,159,49,110,24.5,649,32.1,High,5.1,5754.4,14.219
2023,Maize,Clay Loam,7.64,211,82,57,19.8,645,36.4,Medium,4.8,1472.55,3.639
2022,Tomato,Silt Loam,6.62,128,104,89,31.7,770,50.0,Medium,8.9,8323.76,20.568
2022,Barley,Alluvial,7.64,126,15,10,29.3,423,49.9,Low,10.3,493.69,1.22
2020,Soybean,Black Soil,6.77,22,82,69,36.6,150,67.8,Low,5.7,143.35,0.354
2025,Banana,Black Soil,5.72,255,63,281,34.9,1710,89.3,Low,9.5,15886.93,39.257
2025,Groundnut,Alluvial,8.26,10,67,45,13.1,181,89.2,Medium,7.5,94.72,0.234
2024,Cotton,Loam,5.68,134,32,47,39.7,459,70.5,Medium,4.6,132.51,0.327
2023,Potato,Saline,6.59,106,92,142,24.3,928,85.8,Low,5.2,3486.91,8.616
2026,Maize,Loam,6.43,163,93,36,24.4,878,68.8,Low,4.2,1776.28,4.389
2025,Groundnut,Laterite,5.57,10,27,58,19.6,482,52.7,High,6.1,386.1,0.954
2024,Mustard,Black Soil,5.42,97,42,65,20.6,161,42.0,Low,9.4,321.75,0.795
2026,Tea,Silt Loam,8.27,138,28,76,27.5,2021,50.4,High,11.7,385.36,0.952
2024,Cotton,Clay Loam,8.3,83,45,51,38.0,1341,43.1,High,8.4,367.51,0.908
2025,Wheat,Peaty,6.54,140,95,42,26.2,286,76.5,Medium,6.6,779.97,1.927
2025,Potato,Alluvial,7.44,164,108,66,15.1,558,31.7,Medium,6.6,4709.75,11.638
2023,Sugarcane,Laterite,5.45,240,97,88,19.1,1505,72.2,Medium,11.7,7844.57,19.384
2026,Apple,Laterite,4.75,125,55,57,39.8,779,69.1,Low,10.6,1348.22,3.332
2020,Tomato,Red Soil,4.87,179,49,65,11.0,1044,48.5,Low,11.6,2204.51,5.447
2021,Mustard,Silt Loam,4.92,93,32,39,39.1,548,45.6,Medium,11.4,312.99,0.773
2026,Tomato,Loam,7.02,209,65,101,17.5,446,90.8,High,10.8,9189.51,22.708
2020,Onion,Loam,8.24,120,33,97,30.1,349,34.7,Medium,8.4,1665.21,4.115
2025,Cotton,Laterite,8.1,154,35,61,36.5,1179,39.4,Medium,10.7,483.43,1.195
2026,Banana,Saline,8.36,211,50,264,32.3,1509,58.2,Low,10.3,7332.87,18.12
2023,Potato,Silt Loam,7.08,105,45,132,21.1,1120,37.3,Medium,6.7,4072.67,10.064
2024,Rice,Silt Loam,6.35,120,81,108,16.5,826,79.8,High,8.7,946.17,2.338
2024,Tomato,Alluvial,6.24,125,73,129,12.3,881,76.4,Low,4.3,5024.81,12.417
2021,Coffee,Loam,6.4,106,69,99,17.7,1485,31.2,Low,8.6,662.37,1.637
2025,Tomato,Laterite,6.28,154,108,161,10.6,938,68.4,Low,8.1,4607.86,11.386
2020,Banana,Sandy Loam,8.15,205,77,264,38.8,1598,86.2,High,11.2,5769.51,14.257
2024,Wheat,Black Soil,6.09,172,27,30,31.8,758,44.7,Low,4.7,508.77,1.257
2022,Sugarcane,Red Soil,7.34,300,79,135,18.5,1054,34.2,High,4.1,6250.46,15.445
2022,Rice,Loam,7.66,240,62,70,35.1,1488,80.9,High,9.4,1184.36,2.927
2026,Barley,Alluvial,7.21,96,46,55,30.4,1007,32.2,Low,5.2,711.26,1.758
2025,Tomato,Alluvial,5.98,125,124,136,29.3,854,48.1,High,10.4,9466.05,23.391
2026,Watermelon,Red Soil,7.64,72,58,124,20.7,686,53.5,High,10.0,7913.73,19.555
2026,Chickpea,Silt Loam,5.68,45,56,20,36.4,616,82.7,High,9.9,236.46,0.584
2025,Tomato,Silt Loam,6.2,180,85,109,29.5,876,80.3,Low,6.6,8590.39,21.227
2024,Tea,Peaty,6.26,115,10,80,21.6,1651,90.9,Low,11.7,429.38,1.061
2025,Wheat,Loam,8.7,82,57,52,23.2,1047,36.5,Low,4.9,678.7,1.677
2026,Barley,Black Soil,7.68,109,27,51,29.1,640,70.7,High,9.4,711.47,1.758
2025,Barley,Sandy Loam,4.86,72,10,39,22.2,794,58.7,High,9.6,479.55,1.185
2020,Rice,Red Soil,8.65,84,99,25,36.5,1554,47.6,Low,10.6,539.59,1.333
2026,Maize,Sandy Loam,8.32,83,67,78,30.9,731,87.1,Low,7.0,596.79,1.475
2024,Garlic,Alluvial,6.47,50,20,27,12.1,150,80.4,Low,5.3,1017.3,2.514
2020,Banana,Alluvial,5.28,182,82,255,31.2,1994,73.5,High,9.5,16745.36,41.379
2024,Soybean,Black Soil,6.16,10,73,10,21.0,484,73.9,Medium,5.7,375.24,0.927
2025,Tomato,Saline,8.43,119,113,78,14.4,150,54.3,Medium,4.5,971.3,2.4
2024,Apple,Silt Loam,7.92,64,10,78,14.1,1240,42.7,Medium,5.6,2197.04,5.429
2020,Soybean,Sandy Loam,7.55,48,47,27,26.3,534,86.8,Medium,9.9,692.49,1.711
2024,Wheat,Saline,7.16,139,62,49,26.2,993,77.1,Low,10.4,1232.8,3.046
2020,Potato,Silt Loam,5.9,86,71,106,21.8,414,76.7,Low,11.1,5795.99,14.322
2020,Sugarcane,Laterite,4.94,232,76,55,11.6,1989,33.4,Low,8.5,5211.73,12.878
2024,Watermelon,Red Soil,8.77,128,100,97,14.2,449,39.0,Low,6.6,1999.19,4.94
2023,Onion,Saline,5.78,103,87,99,37.2,218,53.2,High,8.8,1068.62,2.641
2020,Cotton,Silt Loam,8.39,117,16,26,38.3,771,51.7,Medium,9.1,300.04,0.741
2024,Groundnut,Laterite,7.75,10,69,78,17.8,419,89.5,Medium,10.7,315.65,0.78
2021,Maize,Laterite,5.81,171,43,41,26.9,150,39.0,High,11.4,677.72,1.675
2023,Apple,Black Soil,4.66,83,19,107,18.2,828,81.3,Medium,11.3,3211.22,7.935
2026,Soybean,Saline,6.18,17,75,34,23.0,808,39.6,High,5.7,489.26,1.209
2021,Sunflower,Red Soil,8.46,70,110,72,37.2,150,50.8,High,7.3,98.3,0.243
2025,Sunflower,Peaty,4.63,124,54,49,28.0,150,32.0,Low,5.5,230.55,0.57
2021,Rice,Saline,4.92,152,10,121,17.7,1261,51.2,Medium,10.4,431.11,1.065
2023,Coffee,Loam,5.48,178,22,80,36.7,1188,41.6,Medium,9.6,275.12,0.68
2022,Chickpea,Black Soil,7.28,16,60,58,32.1,244,56.6,Low,10.8,274.05,0.677
2024,Potato,Alluvial,7.68,158,68,105,18.6,707,45.2,High,11.9,5908.77,14.601
2025,Rice,Saline,6.26,158,53,85,19.1,1427,76.4,High,4.8,1048.47,2.591
2022,Sunflower,Clay Loam,5.17,95,72,10,39.4,357,78.6,High,7.4,143.2,0.354
2021,Potato,Clay Loam,7.26,117,79,100,24.3,292,50.2,High,5.7,2498.41,6.174
2023,Tea,Peaty,4.59,148,92,83,19.2,2207,63.0,Medium,7.9,874.84,2.162
2021,Watermelon,Alluvial,8.62,144,26,147,21.2,150,41.6,High,9.9,2191.54,5.415
2022,Apple,Alluvial,8.12,69,60,100,31.6,1486,41.0,Medium,7.1,1185.71,2.93
2025,Potato,Peaty,4.95,104,54,81,16.0,1143,59.2,High,9.5,6328.54,15.638
2020,Coffee,Loam,4.51,160,71,81,17.3,2365,39.9,Low,10.2,448.64,1.109
2024,Sugarcane,Sandy Loam,8.58,245,48,51,22.2,2024,53.9,Medium,11.6,7893.41,19.505
2026,Sunflower,Black Soil,5.83,69,88,53,39.4,257,81.6,High,6.7,210.93,0.521
2022,Watermelon,Saline,7.56,73,48,99,21.7,273,34.0,Medium,5.8,3330.44,8.23
2026,Chickpea,Laterite,6.23,22,53,10,34.6,639,60.6,High,7.2,158.83,0.392
2020,Banana,Saline,6.34,242,66,270,18.4,953,84.4,Low,10.3,7180.41,17.743
2025,Potato,Red Soil,6.71,128,78,84,28.2,150,32.1,Medium,9.3,1627.78,4.022
2026,Coffee,Black Soil,8.5,214,28,138,26.9,1536,78.9,High,4.1,285.91,0.706
2023,Soybean,Peaty,7.7,57,39,10,26.9,664,46.6,Medium,4.4,446.61,1.104
2024,Wheat,Alluvial,6.33,153,94,73,35.7,589,68.4,Medium,4.9,940.84,2.325
2022,Mustard,Saline,7.64,37,35,10,15.8,541,80.0,Medium,5.8,415.25,1.026
2021,Wheat,Red Soil,4.59,122,40,13,20.6,150,46.2,Low,11.7,317.16,0.784
2023,Garlic,Black Soil,7.14,31,32,78,34.1,150,63.6,High,4.2,372.79,0.921
2024,Rice,Laterite,8.6,179,21,87,36.5,1653,45.2,High,7.4,413.5,1.022
2020,Soybean,Red Soil,8.72,31,58,33,18.6,503,70.8,Medium,11.6,345.37,0.853
2025,Tea,Alluvial,6.29,82,10,47,26.3,1561,30.2,Medium,11.4,439.14,1.085
2021,Garlic,Clay Loam,4.67,92,61,75,31.1,591,61.2,Medium,8.2,1184.15,2.926
2025,Garlic,Sandy Loam,5.82,154,54,90,29.7,309,82.1,Medium,8.0,1091.93,2.698
2022,Mustard,Clay Loam,6.62,31,42,13,19.6,1030,89.0,Medium,11.1,807.9,1.996
2024,Sunflower,Black Soil,7.63,102,47,11,12.7,605,58.6,Low,4.0,269.98,0.667
2023,Tea,Silt Loam,5.27,91,10,62,12.7,2324,36.6,Medium,5.3,361.61,0.894
2021,Chickpea,Sandy Loam,6.55,10,59,19,11.6,286,71.8,High,5.5,168.47,0.416
2020,Wheat,Peaty,7.35,98,100,10,12.5,356,76.7,Low,8.4,410.77,1.015
2025,Mustard,Laterite,5.27,52,13,15,19.4,273,65.1,Medium,9.4,306.0,0.756
2026,Garlic,Sandy Loam,7.48,105,67,79,19.4,626,44.6,Low,6.2,3179.83,7.858
2026,Rice,Peaty,7.42,102,16,53,33.4,1597,77.2,High,8.9,934.56,2.309
2022,Cotton,Loam,8.16,96,36,17,14.1,1001,82.7,Medium,8.3,282.26,0.697
2021,Groundnut,Peaty,6.86,86,42,60,30.6,669,39.2,Low,6.1,900.5,2.225
2020,Barley,Peaty,7.79,77,10,13,39.6,954,76.3,Low,10.2,328.63,0.812
2022,Wheat,Sandy Loam,6.31,125,51,36,23.0,150,60.4,Low,7.0,565.89,1.398
2026,Mustard,Black Soil,5.6,24,10,40,11.8,150,76.4,Medium,7.5,136.64,0.338
2025,Garlic,Loam,6.27,158,22,68,32.1,933,46.2,High,5.6,1406.66,3.476
2020,Barley,Sandy Loam,8.75,118,47,44,25.1,221,52.9,High,10.1,422.17,1.043
2026,Wheat,Black Soil,5.5,93,23,15,38.3,886,57.5,Low,4.8,378.92,0.936
2026,Coffee,Sandy Loam,6.79,177,10,65,22.4,1462,63.3,Medium,6.3,301.12,0.744
2026,Barley,Peaty,5.13,98,50,27,32.1,316,86.5,High,4.6,216.16,0.534
2020,Tea,Silt Loam,5.88,141,35,53,38.8,2296,83.7,Medium,11.4,428.23,1.058
2024,Potato,Silt Loam,5.25,50,76,82,36.8,322,59.3,Medium,8.2,1976.86,4.885
2022,Rice,Peaty,6.56,155,50,60,29.3,1469,79.9,Medium,7.5,1996.07,4.932
2026,Banana,Alluvial,5.04,197,60,268,38.4,1626,33.5,Low,5.0,5031.91,12.434
2023,Chickpea,Red Soil,5.1,22,60,39,13.2,524,72.1,Medium,7.2,292.06,0.722
2021,Chickpea,Sandy Loam,7.99,10,29,25,17.7,192,47.1,Low,6.0,172.27,0.426
2020,Rice,Clay Loam,8.73,101,75,10,35.4,1260,40.0,Medium,9.2,447.59,1.106
2025,Apple,Silt Loam,7.97,91,83,151,18.1,1201,39.1,Medium,7.0,3272.14,8.086
2022,Watermelon,Peaty,4.86,88,10,93,24.3,808,63.9,High,11.8,3536.68,8.739
2025,Chickpea,Red Soil,8.09,65,36,40,33.4,150,44.6,High,7.2,145.24,0.359
2022,Groundnut,Laterite,4.75,53,52,51,19.5,889,47.1,Low,9.3,535.23,1.323
2026,Coffee,Clay Loam,4.89,197,21,76,19.0,1508,48.4,Low,6.2,337.67,0.834
2023,Sunflower,Laterite,8.37,43,58,100,11.3,630,62.7,Low,6.8,145.39,0.359
2021,Sunflower,Laterite,7.44,93,58,20,29.2,397,53.7,Low,11.5,488.91,1.208
2022,Soybean,Black Soil,7.61,34,40,42,17.3,742,73.3,Medium,10.4,698.16,1.725
2023,Sugarcane,Saline,4.87,229,91,75,13.9,1682,62.4,High,7.1,4179.51,10.328
2020,Potato,Laterite,8.53,205,112,126,16.9,1181,80.3,Low,9.8,4626.61,11.433
2021,Sugarcane,Red Soil,8.18,184,92,93,20.8,2500,46.1,Medium,7.7,8220.12,20.312
2025,Tea,Peaty,6.42,135,24,90,21.4,1553,72.9,Low,7.5,480.24,1.187
2020,Garlic,Black Soil,6.51,71,10,48,22.6,299,63.7,Low,9.9,1631.88,4.032
2026,Rice,Loam,5.42,63,74,92,26.4,1259,79.4,Low,9.8,1512.11,3.736
2023,Wheat,Laterite,6.3,181,74,48,12.0,394,62.7,Medium,8.2,962.71,2.379
2021,Mustard,Silt Loam,4.89,108,50,21,32.6,150,32.0,High,10.6,158.71,0.392
2022,Sugarcane,Silt Loam,6.34,141,109,98,34.8,2339,33.5,Medium,11.2,23446.98,57.939
2023,Barley,Sandy Loam,8.72,105,15,29,17.9,150,94.5,Medium,8.1,250.86,0.62
2021,Sugarcane,Sandy Loam,6.64,273,71,65,24.1,2309,63.7,Low,7.4,17047.64,42.126
2022,Sugarcane,Silt Loam,6.78,290,85,131,24.4,2353,79.0,Medium,10.0,28171.77,69.614
2022,Tomato,Peaty,6.92,177,99,106,28.0,333,48.8,Low,11.5,5378.33,13.29
2020,Banana,Clay Loam,5.85,160,45,273,14.8,1632,78.2,Medium,6.3,7156.05,17.683
2023,Tea,Black Soil,4.74,179,18,119,12.0,1843,78.7,Low,5.4,400.78,0.99
2026,Apple,Saline,7.95,146,36,104,33.8,737,91.0,Low,11.6,1147.69,2.836
2026,Watermelon,Silt Loam,4.55,108,75,96,13.1,750,52.3,High,7.3,2962.95,7.322
2024,Coffee,Red Soil,6.57,82,34,94,31.2,873,36.9,High,7.7,188.58,0.466
2020,Wheat,Saline,5.0,158,77,36,20.4,570,66.4,Low,10.1,731.23,1.807
2022,Maize,Loam,6.42,106,20,30,31.9,516,48.3,Medium,8.6,816.62,2.018
2021,Barley,Clay Loam,7.92,50,27,39,31.3,508,74.3,Low,7.6,412.91,1.02
2020,Mustard,Black Soil,5.61,104,44,40,33.1,150,65.1,High,6.2,122.25,0.302
2026,Tea,Silt Loam,5.09,104,49,62,16.7,1641,51.3,Medium,4.4,727.91,1.799
2022,Watermelon,Alluvial,8.6,175,88,98,39.3,593,79.0,Low,11.6,3869.87,9.563
2026,Apple,Clay Loam,5.38,174,23,87,10.5,150,87.1,Medium,4.3,1728.39,4.271
2023,Cotton,Saline,7.01,19,44,42,18.0,895,82.9,Low,10.7,277.1,0.685
2020,Apple,Red Soil,7.51,99,59,132,20.0,767,31.4,High,6.7,3158.31,7.804
2020,Apple,Red Soil,4.92,113,26,71,26.0,1211,39.2,Medium,9.6,1906.07,4.71
2020,Coffee,Saline,5.97,133,39,112,24.4,1292,35.6,Medium,10.6,524.61,1.296
2023,Tomato,Peaty,4.79,180,68,91,22.5,747,34.1,Medium,4.4,4667.69,11.534
2024,Cotton,Black Soil,6.86,127,53,49,12.2,926,62.7,Medium,4.4,374.58,0.926
2020,Coffee,Black Soil,6.69,173,18,114,29.8,1559,58.4,High,7.8,340.79,0.842
2023,Potato,Red Soil,6.44,92,61,97,28.3,375,49.1,High,11.6,3277.15,8.098
2023,Tomato,Laterite,8.39,173,128,81,20.9,528,92.2,Medium,10.9,5093.14,12.585
2022,Rice,Alluvial,8.54,149,10,55,34.0,1764,93.3,High,10.4,610.73,1.509
2020,Rice,Loam,4.55,127,35,24,36.3,948,45.7,High,5.5,376.69,0.931
2022,Tomato,Peaty,8.54,180,102,132,34.5,306,66.3,Low,8.4,1414.03,3.494
2024,Cotton,Laterite,7.44,69,54,29,29.1,847,41.5,Low,7.3,697.48,1.724
2024,Sunflower,Alluvial,7.14,78,88,76,24.9,699,94.6,High,9.9,1734.46,4.286
2025,Garlic,Laterite,8.3,111,51,91,28.3,157,59.6,High,9.3,511.02,1.263
2026,Chickpea,Black Soil,6.37,10,57,10,40.0,150,55.4,High,4.7,82.02,0.203
2026,Onion,Laterite,6.43,85,16,87,19.5,150,45.2,High,7.8,2359.73,5.831
2023,Banana,Red Soil,6.22,144,47,241,15.9,1620,66.8,Low,9.7,8490.28,20.98
2026,Mustard,Loam,4.98,128,41,46,39.1,894,37.1,Medium,10.8,271.48,0.671
2021,Chickpea,Sandy Loam,4.92,10,62,43,36.7,635,86.2,High,11.4,141.14,0.349
2022,Cotton,Loam,6.41,123,85,36,31.1,650,68.8,Medium,7.1,677.76,1.675
2020,Wheat,Silt Loam,8.09,146,95,33,27.3,759,32.0,Medium,11.1,717.95,1.774
2025,Potato,Clay Loam,6.11,122,55,80,22.3,1328,59.1,Medium,7.6,6781.75,16.758
2026,Tea,Alluvial,5.06,166,62,60,38.4,1152,31.3,Medium,10.5,430.36,1.063
2021,Cotton,Loam,5.32,118,60,54,26.8,736,83.5,High,4.1,414.28,1.024
2021,Barley,Loam,6.5,87,78,73,17.9,673,46.0,High,9.3,1825.26,4.51
2026,Garlic,Black Soil,5.71,110,46,22,18.7,632,68.1,High,5.7,2398.09,5.926
2022,Garlic,Laterite,4.92,74,44,80,24.0,489,65.8,High,5.3,1159.03,2.864
2023,Garlic,Peaty,5.89,57,51,74,13.9,163,73.2,Medium,9.8,1382.98,3.417
2026,Apple,Sandy Loam,4.5,89,92,115,39.4,714,90.5,Low,8.0,1185.53,2.93
2020,Chickpea,Saline,6.92,43,73,39,26.2,621,62.8,Medium,7.3,544.48,1.345
2021,Onion,Laterite,5.15,116,78,121,14.6,732,89.8,Low,6.2,2778.58,6.866
2023,Onion,Alluvial,5.91,79,11,87,31.9,475,31.6,Medium,11.8,1563.26,3.863
2020,Tea,Black Soil,8.46,142,54,68,19.7,1245,59.1,Low,11.3,413.35,1.021
2023,Banana,Laterite,6.93,182,65,292,21.9,1429,88.2,Low,9.5,15631.09,38.625
2023,Cotton,Clay Loam,6.89,97,92,42,33.4,150,50.3,Low,6.8,318.52,0.787
2023,Apple,Clay Loam,6.14,67,84,72,12.6,901,65.5,Medium,6.5,6043.86,14.935
2022,Wheat,Sandy Loam,7.57,161,67,51,27.3,783,94.6,Medium,4.3,801.74,1.981
2024,Garlic,Sandy Loam,8.25,71,62,56,16.3,582,40.7,Low,9.9,2207.51,5.455
2025,Coffee,Loam,5.24,164,39,149,39.0,1526,31.5,High,4.8,280.12,0.692
2020,Chickpea,Peaty,5.36,12,60,62,10.9,565,94.3,High,11.3,191.92,0.474
2020,Watermelon,Laterite,5.33,138,32,99,28.0,646,84.8,High,6.7,4618.32,11.412
2022,Coffee,Loam,5.73,105,50,129,34.3,1112,71.4,Low,11.7,251.95,0.623
2023,Coffee,Clay Loam,5.81,166,58,134,24.4,1902,74.6,Medium,11.5,951.56,2.351
2020,Tomato,Saline,8.68,156,116,128,24.2,1023,93.9,High,5.5,3696.46,9.134
2024,Wheat,Loam,8.02,195,122,53,38.6,210,88.4,Low,4.7,184.88,0.457
2023,Chickpea,Peaty,5.01,10,37,34,14.7,233,42.7,High,5.1,131.16,0.324
2023,Onion,Saline,8.26,88,74,78,36.7,1448,87.8,Medium,4.4,1043.97,2.58
2022,Tomato,Alluvial,7.68,257,88,109,39.4,885,68.1,High,6.4,2988.0,7.383
2024,Soybean,Silt Loam,7.69,32,59,62,35.0,871,58.2,Medium,10.3,568.23,1.404
2021,Groundnut,Black Soil,5.54,16,51,50,22.0,1181,81.8,Low,11.8,837.67,2.07
2025,Potato,Red Soil,4.92,116,64,94,12.8,420,65.2,Low,9.7,5160.72,12.752
2021,Onion,Peaty,8.38,172,35,84,27.1,150,67.0,Medium,9.4,1354.9,3.348
2020,Coffee,Silt Loam,8.01,123,41,110,26.0,1945,68.4,High,9.7,334.94,0.828
2020,Mustard,Black Soil,6.24,100,47,10,20.7,150,47.1,Low,10.9,369.51,0.913
2023,Groundnut,Laterite,5.04,35,35,89,13.8,496,53.6,Medium,8.0,278.42,0.688
2023,Soybean,Alluvial,6.89,10,64,74,26.4,1085,36.1,Medium,10.5,922.67,2.28
2024,Garlic,Laterite,5.56,91,15,64,28.1,820,38.0,Low,9.3,1264.49,3.125
2022,Wheat,Red Soil,7.32,153,34,10,27.9,582,46.1,Medium,4.2,547.23,1.352
2024,Watermelon,Black Soil,6.92,111,42,85,35.1,403,56.1,Medium,10.6,8845.57,21.858
2023,Sunflower,Clay Loam,8.47,20,67,25,37.7,1091,53.0,Medium,6.7,131.32,0.324
2025,Tea,Red Soil,5.07,189,29,20,38.8,2044,55.4,High,5.9,217.1,0.536
2026,Cotton,Red Soil,6.3,144,64,10,13.7,1255,77.8,High,10.2,226.23,0.559
2025,Cotton,Red Soil,7.44,54,27,72,15.4,291,94.2,High,9.5,177.32,0.438
2025,Tomato,Sandy Loam,5.87,214,86,79,21.1,442,76.4,Low,10.7,6352.91,15.698
2022,Maize,Saline,7.84,209,24,82,15.0,150,68.9,High,11.8,285.9,0.706
2024,Soybean,Clay Loam,5.26,78,62,34,24.3,350,54.7,Low,6.1,348.55,0.861
2026,Wheat,Red Soil,6.53,140,10,10,10.1,150,34.3,High,5.2,193.42,0.478
2023,Cotton,Black Soil,7.2,63,46,29,34.5,435,69.2,Low,11.2,411.72,1.017
2022,Potato,Silt Loam,8.72,120,59,120,26.8,967,78.2,Low,4.3,2288.07,5.654
2024,Sunflower,Black Soil,7.49,68,80,42,13.6,635,61.4,High,10.8,531.31,1.313
2020,Watermelon,Sandy Loam,6.9,178,44,68,23.8,481,93.6,High,9.1,11111.51,27.457
2020,Banana,Red Soil,6.68,197,66,256,22.2,1389,93.3,Medium,9.7,19686.93,48.647
2025,Mustard,Red Soil,8.22,75,51,10,35.1,150,59.5,Medium,7.0,99.62,0.246
2020,Watermelon,Saline,7.2,192,101,89,16.0,1031,56.2,Medium,9.6,4570.62,11.294
2025,Tomato,Silt Loam,5.81,144,59,136,22.0,980,91.0,High,7.3,8715.47,21.536
2026,Apple,Alluvial,4.9,86,68,97,24.3,214,40.8,High,5.8,1023.08,2.528
2024,Tomato,Loam,6.22,213,100,91,31.9,331,63.4,High,10.9,5785.86,14.297
2026,Sunflower,Sandy Loam,6.68,65,123,30,21.2,310,76.5,Low,8.6,602.73,1.489
2026,Garlic,Alluvial,5.7,54,25,24,37.3,627,78.7,Medium,4.3,1212.12,2.995
2021,Soybean,Saline,5.21,32,64,56,23.5,1389,60.8,High,4.5,357.36,0.883
2020,Soybean,Clay Loam,8.08,53,37,30,13.1,1011,51.1,Low,8.9,269.68,0.666
2020,Sunflower,Saline,6.78,29,84,30,10.9,1036,31.8,High,6.3,204.06,0.504
2023,Rice,Black Soil,8.63,177,100,88,12.5,2193,90.6,High,9.6,629.39,1.555
2026,Soybean,Peaty,5.78,36,42,51,24.1,150,84.2,Low,7.7,386.81,0.956
2025,Onion,Silt Loam,5.69,76,56,108,20.9,649,34.2,Low,10.2,6210.65,15.347
2022,Watermelon,Clay Loam,8.55,183,112,91,34.9,783,77.6,Medium,6.8,5043.1,12.462
2023,Wheat,Sandy Loam,7.34,147,39,24,30.8,1510,65.9,High,10.1,502.19,1.241
2024,Wheat,Sandy Loam,5.89,133,25,52,24.7,789,62.0,High,7.9,1030.83,2.547
2026,Onion,Peaty,7.8,93,77,64,12.1,269,42.3,Low,9.9,2190.41,5.413
2023,Sugarcane,Loam,5.97,245,85,127,37.9,1739,56.3,Medium,5.0,13912.3,34.378
2021,Potato,Silt Loam,8.66,115,104,80,18.7,729,43.1,Medium,10.0,5591.74,13.817
2023,Coffee,Loam,5.4,178,43,79,33.3,1679,36.7,High,10.8,319.33,0.789
2022,Tea,Saline,7.47,115,20,107,27.9,1731,75.6,Medium,9.5,211.95,0.524
2024,Tea,Alluvial,6.13,156,57,59,27.2,1907,85.1,Medium,10.3,660.22,1.631
2022,Barley,Red Soil,6.61,128,103,26,11.9,710,57.8,High,11.3,965.36,2.385
2026,Apple,Alluvial,6.77,83,49,100,23.1,1010,83.0,Low,8.0,4746.36,11.728
2022,Tea,Peaty,7.17,146,18,37,19.9,1526,81.0,Low,10.4,358.26,0.885
2024,Watermelon,Alluvial,7.58,76,41,54,28.3,1078,68.7,Low,5.8,8135.8,20.104
2021,Rice,Loam,5.82,204,17,31,15.6,1674,43.2,Low,11.5,813.29,2.01
2023,Barley,Silt Loam,8.78,55,27,10,35.1,356,54.1,Medium,4.4,155.58,0.384
2020,Onion,Red Soil,7.58,108,68,69,23.0,572,76.1,High,6.3,4554.06,11.253
2021,Mustard,Clay Loam,7.14,66,55,31,16.8,271,57.2,Medium,7.1,778.6,1.924
2021,Groundnut,Clay Loam,8.09,10,60,47,27.9,732,30.8,Medium,9.6,547.51,1.353
2024,Wheat,Black Soil,6.48,91,77,61,15.7,303,62.6,Low,12.0,993.8,2.456
2020,Tomato,Laterite,4.78,187,83,122,16.1,509,88.4,Medium,7.9,3350.92,8.28
2024,Onion,Saline,5.07,95,67,60,32.8,150,57.2,Medium,6.4,409.43,1.012
2026,Wheat,Alluvial,6.46,103,68,19,39.2,224,66.9,Medium,8.7,371.98,0.919
2025,Tea,Loam,5.41,198,17,124,11.2,1913,36.9,High,8.7,596.68,1.474
2024,Onion,Black Soil,8.31,109,24,60,16.3,150,70.6,Medium,11.9,1649.57,4.076
2025,Sunflower,Silt Loam,6.53,122,83,43,30.9,724,31.5,Medium,10.8,1300.51,3.214
2022,Watermelon,Black Soil,8.68,153,81,52,18.9,776,34.5,Low,8.3,3831.83,9.469
2023,Cotton,Silt Loam,8.36,71,23,65,24.9,541,48.6,High,9.8,572.71,1.415
2024,Barley,Laterite,7.41,77,31,36,21.9,409,57.5,Low,4.8,781.06,1.93
2021,Wheat,Saline,8.15,111,76,16,12.7,584,56.0,Low,10.5,371.54,0.918
2022,Soybean,Saline,7.45,10,86,49,30.0,756,62.7,High,4.8,334.68,0.827
2026,Tomato,Silt Loam,8.62,139,62,119,16.0,928,65.5,High,7.1,4178.18,10.324
2023,Sugarcane,Silt Loam,5.84,214,70,92,20.5,1299,41.2,Low,10.8,9426.62,23.294
2026,Tea,Saline,5.09,140,21,65,32.2,2713,58.5,Medium,8.0,291.63,0.721
2025,Sunflower,Alluvial,8.45,62,61,43,32.2,1121,63.4,High,4.5,364.9,0.902
2022,Cotton,Peaty,6.42,58,102,14,10.4,1298,55.5,Low,6.0,216.82,0.536
2021,Garlic,Peaty,6.49,117,31,98,32.4,688,81.2,High,11.0,1848.41,4.568
2026,Soybean,Black Soil,7.93,65,36,63,20.5,747,69.6,Low,9.2,700.78,1.732
2022,Watermelon,Red Soil,5.15,134,78,100,39.8,150,46.7,Medium,7.1,1065.68,2.633
2025,Tomato,Peaty,8.63,156,76,80,29.5,557,81.5,Medium,6.7,3243.44,8.015
2025,Maize,Laterite,5.19,141,66,17,40.0,616,90.0,High,5.2,241.8,0.597
2025,Watermelon,Silt Loam,6.86,137,61,129,10.3,624,42.3,Low,4.2,5722.77,14.141
2025,Tea,Red Soil,5.98,78,66,18,31.4,1749,53.7,Medium,7.4,219.3,0.542
2026,Onion,Alluvial,5.87,102,89,66,23.4,990,36.8,Low,10.1,7711.37,19.055
2020,Sugarcane,Saline,6.12,232,90,65,20.1,1336,38.3,High,10.0,9623.17,23.779
2026,Garlic,Clay Loam,4.72,75,70,73,19.7,219,38.3,High,11.4,1532.18,3.786
2026,Apple,Loam,6.79,86,13,83,17.9,523,36.4,Low,10.8,3724.13,9.203
2023,Chickpea,Black Soil,7.64,13,80,45,10.2,1641,45.6,Low,8.5,272.29,0.673
2026,Apple,Black Soil,5.16,106,34,117,13.4,773,40.2,Low,4.0,4347.87,10.744
2026,Banana,Saline,8.0,159,83,263,38.0,1431,43.8,Low,6.2,3288.22,8.125
2022,Groundnut,Silt Loam,4.67,50,67,10,13.4,594,48.8,High,4.9,178.85,0.442
2023,Cotton,Sandy Loam,7.8,156,10,64,21.8,743,79.0,Low,7.3,331.62,0.819
2026,Garlic,Laterite,6.42,55,56,48,39.5,793,84.4,Low,11.6,1749.88,4.324
2025,Soybean,Laterite,6.04,84,77,33,21.6,688,72.7,Low,4.2,593.04,1.465
2022,Sunflower,Laterite,8.33,79,28,10,25.0,700,76.7,Medium,9.7,463.63,1.146
2024,Barley,Laterite,5.66,97,58,41,14.1,150,64.3,Low,5.0,274.66,0.679
2022,Potato,Alluvial,7.17,135,86,91,15.1,1004,72.8,High,11.4,5763.89,14.243
2025,Rice,Laterite,7.52,152,60,27,31.3,1550,64.0,High,10.3,1129.0,2.79
2022,Tomato,Black Soil,5.87,210,84,143,13.6,936,86.1,Low,10.4,7086.23,17.51
2024,Tomato,Peaty,6.12,134,89,176,37.1,579,45.5,High,4.5,3853.25,9.522
2020,Groundnut,Sandy Loam,6.18,32,63,85,22.7,150,49.0,High,5.4,441.32,1.091
2022,Soybean,Clay Loam,8.07,10,57,24,35.7,1182,80.4,Low,5.3,157.68,0.39
2025,Banana,Silt Loam,5.18,162,54,230,25.9,1362,89.3,Medium,7.1,12978.76,32.071
2022,Potato,Silt Loam,5.52,158,95,58,33.3,514,48.7,High,4.4,2823.01,6.976
2026,Groundnut,Red Soil,5.62,45,10,23,23.7,552,76.8,Low,10.6,646.5,1.598
2025,Apple,Black Soil,6.46,99,51,54,16.7,1100,37.7,Medium,5.2,5230.67,12.925
2021,Coffee,Peaty,7.5,136,59,113,21.1,1611,51.5,Medium,10.7,435.94,1.077
2025,Coffee,Clay Loam,8.69,104,18,120,11.5,1559,86.3,High,10.7,209.15,0.517
2021,Cotton,Sandy Loam,6.58,67,45,22,34.4,311,65.9,Low,5.6,181.07,0.447
2025,Barley,Black Soil,8.04,57,72,31,23.3,375,52.1,Low,7.1,599.89,1.482
2022,Soybean,Saline,5.47,70,18,56,15.4,508,85.3,Low,7.2,180.06,0.445
2022,Soybean,Black Soil,6.45,10,69,38,14.0,679,77.3,High,7.6,353.27,0.873
2025,Barley,Clay Loam,5.61,80,10,45,11.9,915,77.7,Medium,8.6,454.21,1.122
2022,Banana,Laterite,7.52,244,38,275,14.8,2038,68.0,High,4.1,4933.4,12.191
2025,Soybean,Saline,4.97,10,60,43,10.5,1054,70.8,Medium,7.6,114.69,0.283
2022,Maize,Peaty,8.57,188,46,26,21.6,715,42.4,Low,9.3,823.48,2.035
2024,Watermelon,Red Soil,7.83,116,62,99,30.8,244,46.6,Low,9.5,5209.69,12.873
2022,Chickpea,Black Soil,7.24,10,63,36,13.8,512,41.4,High,5.1,394.85,0.976
2025,Watermelon,Alluvial,8.16,115,115,96,24.5,1120,38.2,High,11.2,8813.72,21.779
2021,Maize,Peaty,7.89,85,37,67,31.8,686,79.5,Medium,10.7,945.03,2.335
2022,Maize,Peaty,7.02,187,26,73,10.7,639,66.9,Low,6.6,497.38,1.229
2020,Mustard,Alluvial,8.16,116,69,41,22.5,556,55.2,High,8.1,785.17,1.94
2022,Chickpea,Loam,8.7,14,80,10,14.0,277,65.8,High,4.8,224.54,0.555
2026,Coffee,Red Soil,8.63,146,65,93,19.0,2017,41.6,Medium,9.2,458.37,1.133
2026,Tomato,Peaty,6.83,144,102,122,23.3,614,80.8,High,11.7,12637.77,31.229
2023,Barley,Red Soil,6.38,104,53,33,10.6,417,75.5,High,9.4,958.7,2.369
2024,Wheat,Laterite,5.5,169,94,66,16.6,1201,89.4,Low,11.8,1358.89,3.358
2026,Chickpea,Black Soil,7.98,89,65,10,14.6,150,36.8,High,8.8,275.6,0.681
2021,Sugarcane,Red Soil,6.63,227,59,64,37.6,1659,45.6,High,9.7,19894.87,49.161
2024,Chickpea,Peaty,5.62,15,59,74,20.2,185,43.9,Medium,9.7,229.47,0.567
2024,Garlic,Loam,8.1,140,43,72,35.5,696,74.1,Medium,10.0,1271.25,3.141
2020,Wheat,Clay Loam,5.31,137,78,48,19.5,446,88.1,High,10.4,1616.48,3.994
2024,Rice,Laterite,4.97,146,75,41,10.9,1757,33.4,Medium,9.4,627.43,1.55
2025,Mustard,Peaty,5.59,62,79,15,37.6,700,91.8,High,9.2,218.93,0.541
2026,Cotton,Red Soil,7.76,78,57,26,11.0,461,36.6,Medium,6.4,188.88,0.467
2021,Sugarcane,Alluvial,6.86,198,103,64,24.2,1406,34.1,High,5.0,15174.36,37.497
2022,Tomato,Silt Loam,4.95,209,44,131,24.8,1030,48.6,High,6.3,4126.16,10.196
2024,Potato,Laterite,5.02,139,40,124,10.8,561,31.6,Medium,11.2,5365.23,13.258
2022,Tomato,Peaty,5.29,96,82,144,12.8,172,55.8,High,8.4,1616.94,3.996
2023,Tea,Clay Loam,5.12,189,54,61,14.2,2047,32.2,High,4.9,788.71,1.949
2025,Watermelon,Alluvial,6.36,152,78,117,19.5,608,70.6,Low,8.5,12540.97,30.989
2024,Potato,Peaty,6.39,55,83,128,36.0,285,47.7,Low,10.4,1713.3,4.234
2024,Sugarcane,Loam,4.56,199,72,88,17.6,2296,69.1,Low,4.6,5320.71,13.148
2025,Maize,Red Soil,5.22,212,58,61,16.5,689,65.9,Medium,11.7,848.1,2.096
2025,Tea,Saline,5.12,155,34,90,12.4,1440,69.1,Low,6.7,337.79,0.835
2025,Soybean,Alluvial,7.56,101,95,90,34.6,150,93.1,Medium,4.4,237.45,0.587
2022,Soybean,Peaty,7.25,10,68,53,12.3,915,58.2,Low,6.9,248.21,0.613
2025,Mustard,Sandy Loam,6.75,68,82,10,32.0,484,38.2,Medium,10.2,396.2,0.979
2020,Sunflower,Alluvial,6.08,17,25,51,26.7,269,94.2,Medium,8.7,406.49,1.004
2021,Soybean,Peaty,5.6,10,84,41,36.7,1450,67.5,High,4.1,164.23,0.406
2024,Chickpea,Silt Loam,8.48,10,90,10,20.8,420,62.8,Low,8.4,540.78,1.336
2026,Maize,Silt Loam,7.41,172,69,86,25.6,501,80.5,Low,11.5,1861.67,4.6
2025,Barley,Sandy Loam,7.42,112,98,59,12.5,912,61.5,Low,8.0,1175.88,2.906
2022,Rice,Alluvial,7.64,164,93,36,27.4,1646,36.3,High,9.4,1512.1,3.736
2021,Tomato,Black Soil,8.02,168,53,73,10.2,753,78.4,Low,7.2,2101.86,5.194
2025,Coffee,Saline,5.38,128,77,123,28.1,1650,79.9,Medium,6.3,341.35,0.843
2021,Onion,Sandy Loam,5.19,105,30,146,13.9,554,91.6,High,7.3,2644.79,6.535
2025,Coffee,Black Soil,4.79,77,77,170,39.8,1117,81.4,Medium,6.7,139.7,0.345
2020,Chickpea,Loam,5.15,37,65,35,10.8,150,84.9,High,5.6,92.5,0.229
2021,Potato,Laterite,6.82,140,55,76,12.6,630,65.9,High,6.3,3506.03,8.664
2026,Wheat,Black Soil,6.33,91,94,16,23.8,378,94.7,Low,10.9,946.54,2.339
2020,Potato,Peaty,8.66,103,107,102,12.2,532,37.8,Medium,11.8,3766.97,9.308
2022,Cotton,Laterite,8.71,136,27,44,12.4,721,53.9,Medium,7.0,142.79,0.353
2022,Cotton,Clay Loam,6.5,46,66,31,37.9,1551,83.0,Medium,11.7,341.84,0.845
2020,Mustard,Alluvial,7.38,69,44,38,30.0,170,82.3,Low,5.5,197.73,0.489
2024,Sunflower,Alluvial,8.61,61,73,34,35.5,150,91.4,High,5.5,106.73,0.264
2026,Coffee,Saline,4.94,145,89,150,33.2,1611,64.8,Medium,6.8,158.32,0.391
2024,Soybean,Peaty,6.75,14,43,15,33.8,720,39.4,High,8.6,497.27,1.229
2020,Maize,Black Soil,4.53,158,51,22,30.8,307,62.3,High,9.1,398.98,0.986
2022,Tea,Loam,6.8,169,59,81,34.2,1857,58.6,High,7.0,198.36,0.49
2025,Soybean,Silt Loam,5.9,19,10,19,23.1,504,35.2,Low,10.8,544.95,1.347
2020,Garlic,Saline,7.22,64,10,35,35.8,1055,40.2,Low,6.8,691.33,1.708
2024,Rice,Sandy Loam,8.67,121,68,30,10.5,1128,76.5,Medium,11.8,387.26,0.957
2023,Soybean,Alluvial,7.87,21,33,51,22.8,950,81.1,Low,6.4,542.47,1.34
2023,Apple,Clay Loam,8.77,121,46,111,11.0,998,56.4,Low,5.6,3244.02,8.016
2021,Potato,Sandy Loam,5.27,157,51,87,23.3,150,54.3,Low,9.4,2771.79,6.849
2022,Onion,Red Soil,5.7,97,15,70,10.9,150,70.8,Low,11.0,1001.76,2.475
2020,Sunflower,Sandy Loam,6.59,55,37,13,17.9,817,91.0,Low,6.2,525.44,1.298
2020,Watermelon,Red Soil,5.58,106,10,74,26.7,700,77.4,Medium,5.9,3653.83,9.029
2025,Apple,Sandy Loam,6.08,79,60,133,24.3,1115,70.2,High,11.3,4137.19,10.223
2020,Maize,Red Soil,6.83,167,82,38,10.3,160,79.3,High,7.7,346.81,0.857
2020,Coffee,Clay Loam,4.94,158,24,101,31.8,1860,67.2,Medium,7.2,201.57,0.498
2021,Maize,Loam,8.27,161,58,119,17.7,937,44.5,High,7.9,1068.04,2.639
2026,Maize,Sandy Loam,7.15,93,85,66,24.4,1194,79.1,High,7.5,1784.11,4.409
2022,Mustard,Clay Loam,6.78,73,17,26,31.3,150,51.0,High,6.5,165.07,0.408
2020,Sunflower,Clay Loam,5.13,221,74,23,16.0,400,61.2,Medium,6.1,235.42,0.582
2025,Wheat,Silt Loam,8.8,158,46,69,35.2,150,75.2,Low,4.6,149.01,0.368
2022,Wheat,Clay Loam,4.61,111,10,27,30.6,928,73.6,High,8.1,259.5,0.641
2020,Onion,Alluvial,6.8,49,103,98,19.3,525,73.7,Low,11.2,5918.51,14.625
2024,Apple,Peaty,7.11,149,16,111,27.0,1322,65.4,High,7.4,1636.48,4.044
2020,Tomato,Red Soil,5.84,163,83,139,13.5,720,64.0,Low,5.2,4825.65,11.924
2024,Wheat,Alluvial,6.85,112,80,92,26.8,520,58.5,High,8.9,1792.58,4.43
2023,Banana,Red Soil,8.21,251,35,280,27.5,2195,77.2,High,10.5,12814.48,31.665
2021,Rice,Sandy Loam,8.29,100,48,90,14.0,1470,75.4,Low,10.8,417.25,1.031
2022,Sunflower,Black Soil,5.2,48,51,40,20.8,150,89.1,Low,4.0,147.31,0.364
2022,Barley,Loam,4.82,80,61,12,39.9,1066,71.0,Medium,8.5,278.78,0.689
2024,Tea,Clay Loam,6.64,148,10,87,29.5,2182,90.3,Medium,7.0,191.24,0.473
2021,Garlic,Black Soil,7.85,28,36,24,25.2,733,33.7,Low,8.7,1416.96,3.501
2025,Banana,Laterite,8.01,227,55,240,14.7,1850,45.8,Low,6.9,4029.09,9.956
2024,Chickpea,Laterite,6.87,32,61,56,37.7,252,43.6,Medium,4.1,207.93,0.514
2020,Sugarcane,Sandy Loam,7.69,165,54,91,28.4,1571,87.1,Low,8.0,13968.36,34.517
2020,Wheat,Laterite,7.37,105,70,55,20.3,542,54.5,Low,5.0,901.55,2.228
2025,Watermelon,Silt Loam,6.79,75,58,113,19.2,680,72.5,Medium,7.2,7403.12,18.293
2024,Apple,Peaty,8.58,80,10,123,32.1,651,80.0,Low,6.5,633.36,1.565
2024,Sugarcane,Alluvial,7.5,257,84,63,32.4,1592,33.8,Low,7.4,20683.92,51.111
2021,Tea,Loam,5.28,100,32,92,22.8,1604,65.5,Medium,5.8,688.22,1.701
2023,Wheat,Silt Loam,7.22,164,85,73,22.9,179,66.8,Low,8.4,855.35,2.114
2023,Garlic,Alluvial,5.82,80,51,63,23.5,977,43.7,Medium,10.1,3195.93,7.897
2025,Sunflower,Red Soil,7.36,60,68,57,20.9,451,57.6,High,10.7,981.86,2.426
2021,Barley,Sandy Loam,5.94,81,51,28,39.5,150,80.8,Medium,9.2,201.66,0.498
2023,Soybean,Laterite,6.93,33,38,67,16.0,808,82.2,High,5.9,440.76,1.089
2026,Tomato,Silt Loam,5.33,142,60,133,27.1,715,32.5,High,6.2,6611.54,16.337
2025,Coffee,Clay Loam,8.42,104,52,125,25.1,1891,51.6,Low,5.0,274.95,0.679
2020,Rice,Loam,4.96,99,29,48,37.9,1708,46.3,High,7.8,567.24,1.402
2025,Watermelon,Laterite,8.04,126,77,109,29.4,150,42.9,Medium,8.0,3834.59,9.475
2025,Cotton,Silt Loam,8.68,76,55,77,16.9,303,33.6,Medium,11.4,148.97,0.368
2026,Banana,Loam,6.79,162,40,248,34.7,2087,85.3,Low,10.0,19054.33,47.084
2026,Potato,Loam,8.42,102,75,149,39.3,289,49.1,Low,7.4,1099.48,2.717
2022,Mustard,Loam,8.65,84,27,23,33.6,424,40.0,Medium,9.6,278.98,0.689
2025,Soybean,Saline,5.78,24,84,32,32.5,382,55.4,High,8.6,343.2,0.848
2024,Coffee,Alluvial,8.19,133,45,126,15.8,1571,59.5,High,6.7,305.41,0.755
2021,Cotton,Saline,5.25,73,69,48,38.6,216,46.1,Low,10.0,83.16,0.205
2024,Groundnut,Sandy Loam,5.87,52,35,53,25.2,150,57.5,High,7.4,413.57,1.022
2023,Banana,Saline,7.65,210,36,213,20.5,1370,31.4,Medium,10.8,7471.51,18.462
2020,Mustard,Saline,7.84,25,62,33,29.1,1249,60.9,Medium,10.2,199.54,0.493
2026,Wheat,Clay Loam,8.57,106,73,24,20.4,815,87.7,High,4.0,726.39,1.795
2022,Garlic,Red Soil,7.84,79,17,57,30.9,265,50.3,Medium,4.2,396.18,0.979
2026,Coffee,Sandy Loam,5.84,173,63,127,32.6,2210,64.9,Medium,10.5,350.97,0.867
2021,Tomato,Red Soil,5.97,177,60,92,22.6,861,69.1,High,9.3,9720.64,24.02
2020,Garlic,Saline,4.75,49,18,21,38.7,150,70.3,High,5.3,159.71,0.395
2022,Tea,Alluvial,8.48,117,69,87,34.2,1387,85.9,Medium,8.5,221.52,0.547
2024,Soybean,Alluvial,4.82,44,97,92,19.3,944,34.3,High,8.6,636.73,1.573
2024,Barley,Black Soil,5.65,139,59,42,19.8,622,82.8,Medium,6.5,986.76,2.438
2025,Apple,Silt Loam,7.87,120,42,91,28.1,1199,83.7,Medium,6.7,1371.58,3.389
2025,Barley,Saline,5.1,73,10,38,17.2,194,80.3,Medium,4.0,173.48,0.429
2024,Soybean,Saline,5.2,62,60,44,18.8,846,77.1,High,11.9,469.98,1.161
2026,Watermelon,Sandy Loam,4.87,61,43,98,16.1,150,65.0,Low,9.3,955.54,2.361
2026,Sunflower,Silt Loam,4.5,139,58,52,20.0,915,52.9,Medium,4.6,507.26,1.253
2020,Sugarcane,Clay Loam,5.99,223,74,82,26.1,2377,78.7,Low,6.1,17769.15,43.908
2025,Soybean,Loam,4.69,43,26,57,39.5,740,57.3,Low,9.1,238.93,0.59
2025,Mustard,Loam,8.55,106,61,58,26.3,267,60.9,High,10.6,496.33,1.226
2024,Garlic,Loam,5.85,80,44,76,37.7,1008,78.8,Low,11.6,1833.54,4.531
2026,Mustard,Loam,7.13,106,34,26,21.8,486,92.8,High,8.3,1175.93,2.906
2024,Banana,Alluvial,6.82,189,55,276,31.1,1727,35.7,Low,4.4,18650.78,46.087
2021,Potato,Sandy Loam,8.18,141,45,124,39.5,845,30.1,Medium,11.1,1866.32,4.612
2022,Mustard,Sandy Loam,8.33,72,45,71,39.7,150,51.8,High,8.2,143.21,0.354
2023,Soybean,Alluvial,8.66,54,89,20,17.9,851,94.8,High,6.1,271.64,0.671
2022,Tea,Alluvial,6.87,116,29,85,31.0,1949,62.0,High,11.3,253.31,0.626
2025,Soybean,Saline,5.02,56,51,39,37.9,417,84.6,Medium,4.4,116.3,0.287
2022,Coffee,Silt Loam,4.95,146,51,45,35.8,1605,63.2,Medium,9.8,239.12,0.591
2021,Tea,Silt Loam,7.19,102,10,58,34.8,1314,75.5,Medium,4.8,95.5,0.236
2021,Mustard,Peaty,5.07,55,74,43,38.1,316,53.0,Low,8.3,169.56,0.419
2025,Apple,Laterite,7.51,32,10,55,17.0,1304,70.9,Medium,9.8,2615.15,6.462
2020,Chickpea,Peaty,4.65,46,77,34,34.4,266,33.0,Medium,5.4,125.01,0.309
2024,Tomato,Sandy Loam,6.02,150,73,136,17.8,616,93.8,Low,10.9,7967.67,19.689
2020,Barley,Loam,8.59,66,10,44,26.8,152,48.9,Medium,7.7,164.24,0.406
2023,Soybean,Clay Loam,5.89,34,10,102,28.5,904,54.2,Low,6.4,544.83,1.346
2022,Rice,Black Soil,6.82,92,28,43,13.8,1535,36.9,Low,8.0,720.77,1.781
2023,Garlic,Red Soil,5.47,66,46,76,21.5,1060,44.2,Medium,8.3,2560.95,6.328
2025,Tea,Alluvial,5.51,109,19,10,34.0,1165,72.7,Low,5.5,134.58,0.333
2025,Apple,Loam,6.32,120,35,84,25.5,612,91.7,Low,8.0,3160.97,7.811
2020,Watermelon,Laterite,8.07,171,98,123,19.2,293,53.3,High,10.5,4352.14,10.754
2026,Potato,Saline,8.68,119,98,122,23.5,150,44.5,High,10.8,1490.18,3.682
2022,Soybean,Sandy Loam,6.89,52,39,55,38.8,150,42.4,Medium,11.6,202.69,0.501
2025,Tea,Red Soil,6.01,147,69,76,19.1,1646,56.5,Medium,10.2,859.05,2.123
2021,Tea,Saline,7.08,161,66,86,34.9,1849,50.8,Low,6.5,132.03,0.326
2020,Barley,Saline,8.63,89,25,44,10.9,350,59.6,Medium,7.2,248.27,0.613
2020,Garlic,Saline,4.75,63,69,41,20.7,150,76.5,Low,5.4,489.41,1.209
2021,Wheat,Loam,6.86,142,70,46,17.0,438,48.3,Low,4.1,1168.39,2.887
2021,Chickpea,Saline,6.62,42,32,90,29.5,363,87.0,Low,5.8,243.02,0.601
2020,Maize,Clay Loam,6.14,196,90,22,23.1,696,60.8,Low,11.6,1635.52,4.041
2024,Potato,Laterite,6.53,132,92,115,26.6,1053,87.0,High,11.7,4000.56,9.886
2022,Soybean,Loam,6.64,49,10,79,18.9,150,83.0,Low,8.3,283.47,0.7
2025,Cotton,Loam,7.42,106,83,23,18.3,914,69.7,Low,6.4,443.58,1.096
2020,Barley,Black Soil,8.42,51,25,32,21.6,658,47.3,Low,5.3,677.81,1.675
2023,Rice,Alluvial,7.95,142,47,68,21.0,1138,71.9,Medium,10.2,937.47,2.317
2021,Tea,Loam,5.48,136,46,92,32.3,2278,65.8,Low,7.1,400.93,0.991
2020,Maize,Clay Loam,6.57,103,14,61,33.7,933,85.9,Medium,10.7,879.87,2.174
2020,Cotton,Black Soil,5.22,27,27,45,12.1,780,59.9,Medium,11.0,143.43,0.354
2022,Cotton,Red Soil,5.17,123,66,37,23.0,593,77.9,Medium,7.2,345.01,0.853
2024,Potato,Silt Loam,6.74,83,100,86,36.8,681,39.4,Medium,10.7,3096.79,7.652
2021,Cotton,Black Soil,8.73,154,59,15,15.6,905,42.0,Low,10.5,215.41,0.532
2024,Wheat,Peaty,5.53,155,66,18,21.2,150,49.1,High,9.6,600.36,1.484
2023,Apple,Black Soil,5.3,115,51,65,37.6,1056,47.0,High,4.7,1838.38,4.543
2021,Sugarcane,Clay Loam,4.94,166,71,66,23.7,733,70.3,High,9.4,5577.39,13.782
2020,Tomato,Laterite,5.36,123,115,95,39.7,583,69.1,High,6.4,2624.8,6.486
2025,Chickpea,Loam,8.19,21,58,32,21.0,306,32.2,Low,8.3,585.74,1.447
2026,Mustard,Clay Loam,5.26,98,39,75,24.2,337,61.9,High,10.2,623.58,1.541
2024,Potato,Laterite,7.89,134,81,101,20.5,858,50.9,Low,9.9,4701.53,11.618
2024,Barley,Loam,5.88,54,51,16,38.4,150,86.2,Medium,7.4,172.95,0.427
2024,Maize,Saline,6.38,117,83,13,11.6,1235,80.3,Low,8.4,493.85,1.22
2023,Onion,Red Soil,6.22,151,94,54,21.3,420,53.9,Medium,11.5,5755.41,14.222
2024,Sugarcane,Saline,6.07,198,79,95,29.5,2848,77.9,High,10.4,19542.73,48.291
2023,Onion,Saline,7.18,134,36,62,37.2,415,63.1,High,9.1,2028.48,5.012
2020,Sugarcane,Laterite,6.22,222,81,101,15.2,1927,52.2,High,9.5,10561.07,26.097
2026,Barley,Black Soil,7.58,110,63,64,10.7,837,57.6,Medium,11.3,1147.82,2.836
2025,Rice,Saline,4.75,155,92,37,26.2,1592,69.9,Medium,4.6,796.11,1.967
2023,Chickpea,Clay Loam,4.92,75,47,54,14.1,747,81.1,Medium,4.3,251.53,0.622
2023,Tea,Laterite,7.23,170,13,95,33.4,1610,50.1,Low,4.8,91.76,0.227
2021,Sunflower,Saline,7.22,128,11,45,28.9,1030,45.4,High,6.9,397.12,0.981
2023,Groundnut,Alluvial,5.84,29,90,89,18.2,420,47.3,Low,4.8,525.87,1.299
2020,Maize,Laterite,6.95,166,70,94,27.1,987,76.4,Low,11.4,2343.0,5.79
2024,Apple,Red Soil,4.54,110,40,93,19.5,789,60.4,High,11.2,3624.01,8.955
2021,Onion,Black Soil,8.28,118,63,97,16.7,566,36.0,Medium,11.5,4889.14,12.081
2026,Coffee,Saline,7.42,132,10,94,24.5,1860,87.7,High,4.2,173.55,0.429
2021,Coffee,Laterite,7.98,195,39,127,16.8,2089,86.6,Low,9.5,354.42,0.876
2024,Mustard,Peaty,7.71,125,32,73,39.1,921,82.1,Medium,6.1,274.76,0.679
2024,Onion,Peaty,8.61,86,51,98,23.5,477,71.7,High,6.6,2905.07,7.179
2025,Garlic,Sandy Loam,8.36,145,47,17,18.5,150,48.5,Low,4.3,475.64,1.175
2022,Soybean,Red Soil,8.37,51,130,70,11.6,1424,39.8,High,11.9,262.93,0.65
2022,Onion,Sandy Loam,6.57,109,49,89,37.4,607,59.2,Low,11.6,3156.37,7.8
2020,Maize,Clay Loam,8.36,161,121,55,19.0,731,54.1,High,9.0,1269.87,3.138
2025,Wheat,Peaty,5.88,119,76,54,21.9,1389,73.2,Medium,10.1,1761.5,4.353
2020,Tomato,Black Soil,4.79,98,67,71,25.3,150,94.7,Low,11.8,2014.23,4.977
2026,Wheat,Clay Loam,8.55,153,20,36,10.5,1099,83.8,Low,10.0,456.08,1.127
2020,Tomato,Black Soil,8.26,184,87,107,25.7,749,49.5,Low,8.5,6187.15,15.289
2025,Cotton,Loam,7.15,160,71,13,23.5,981,64.2,Low,4.2,649.9,1.606
2021,Chickpea,Alluvial,6.4,10,38,42,31.9,512,69.1,Low,5.2,238.18,0.589
2025,Sunflower,Sandy Loam,7.26,45,21,61,30.8,373,67.9,High,10.9,615.89,1.522
2020,Cotton,Peaty,7.56,86,44,21,34.9,889,46.4,Medium,11.4,617.72,1.526
2025,Watermelon,Black Soil,6.81,90,62,90,24.8,150,39.7,High,6.6,4497.84,11.114
2020,Cotton,Clay Loam,8.77,219,33,64,18.2,278,53.1,Low,10.2,131.78,0.326
2025,Onion,Alluvial,7.67,82,81,60,17.1,512,36.6,Medium,6.4,4495.82,11.109
2026,Garlic,Alluvial,6.39,103,83,59,35.3,376,67.4,Medium,8.0,1634.09,4.038
2026,Soybean,Sandy Loam,5.48,10,37,29,17.2,1268,70.3,Medium,9.8,317.18,0.784
2025,Coffee,Silt Loam,8.38,133,80,89,23.2,1997,58.1,High,6.2,359.45,0.888
2020,Apple,Silt Loam,5.12,88,47,55,38.9,978,76.0,Low,8.3,2337.15,5.775
2024,Coffee,Red Soil,6.29,108,67,78,34.5,1316,37.8,High,4.2,216.26,0.534
2022,Banana,Laterite,4.87,202,21,256,19.7,1142,94.5,Medium,7.6,3886.5,9.604
2026,Tomato,Loam,4.8,118,67,113,29.5,598,49.7,Low,6.1,3102.49,7.666
2022,Watermelon,Peaty,6.74,53,76,91,29.6,891,45.6,Low,10.5,11658.5,28.809
2020,Soybean,Loam,6.89,32,91,42,22.6,671,66.6,Low,4.9,862.03,2.13
2022,Groundnut,Sandy Loam,5.72,12,65,22,11.3,838,47.2,Low,10.7,348.25,0.861
2023,Onion,Clay Loam,8.55,77,81,32,23.6,1431,48.9,High,9.4,2734.9,6.758
2023,Mustard,Peaty,7.0,74,46,54,20.0,899,42.0,High,7.0,950.13,2.348
2020,Tomato,Peaty,6.94,203,91,133,27.4,492,55.0,High,8.7,10806.5,26.703
2023,Tea,Peaty,6.7,66,42,120,24.0,1892,59.3,Medium,10.4,404.36,0.999
2026,Garlic,Sandy Loam,5.9,142,64,87,16.4,219,86.5,Low,5.6,1607.71,3.973
2022,Mustard,Alluvial,7.99,51,82,10,11.0,390,84.3,Medium,5.8,426.74,1.054
2024,Cotton,Sandy Loam,5.43,89,72,31,39.3,503,76.6,High,11.6,171.1,0.423
2020,Tea,Sandy Loam,5.75,169,45,62,31.8,2365,34.7,Medium,9.3,355.09,0.877
2023,Tomato,Peaty,5.99,216,78,106,15.9,358,64.3,Low,7.3,4024.67,9.945
2024,Mustard,Loam,6.21,84,18,34,27.6,439,72.4,Low,5.9,416.17,1.028
2023,Potato,Alluvial,5.53,73,70,129,12.4,1305,92.1,Low,10.5,7123.04,17.601
2023,Rice,Laterite,6.37,104,42,36,16.6,605,67.4,Medium,5.8,399.42,0.987
2021,Soybean,Red Soil,5.07,98,64,41,18.3,384,37.6,High,8.0,303.96,0.751
2020,Onion,Peaty,5.02,106,84,82,29.5,150,30.3,Medium,11.9,1230.71,3.041
2023,Garlic,Alluvial,6.43,70,10,48,23.0,880,82.5,Medium,11.8,2999.33,7.411
2026,Apple,Clay Loam,6.62,116,24,65,35.9,935,70.2,Medium,4.3,2301.84,5.688
2023,Onion,Red Soil,6.78,95,60,46,13.1,821,92.7,Low,9.5,6171.53,15.25
2022,Rice,Saline,7.07,117,35,65,34.8,1273,39.4,High,8.8,1012.51,2.502
2026,Groundnut,Peaty,5.88,44,28,44,28.9,473,78.2,Medium,7.5,878.81,2.172
2023,Watermelon,Sandy Loam,6.21,81,53,73,29.0,716,55.3,Low,5.9,8136.06,20.105
2022,Barley,Sandy Loam,5.85,132,49,67,36.4,150,31.2,Low,10.2,215.49,0.532
2023,Soybean,Alluvial,7.45,50,52,48,30.2,1159,63.9,High,8.4,800.03,1.977
2024,Garlic,Alluvial,6.28,50,75,63,38.6,1180,51.0,Medium,6.7,1299.69,3.212
2024,Apple,Laterite,5.38,83,33,116,10.8,895,46.4,Medium,11.4,5494.58,13.577
2021,Mustard,Saline,7.33,76,70,13,38.8,433,61.1,Medium,10.1,344.19,0.851
2025,Soybean,Red Soil,6.3,10,91,41,39.3,974,31.0,Low,5.9,221.84,0.548
2022,Wheat,Laterite,8.67,109,69,39,13.7,150,85.7,High,9.6,347.93,0.86
2026,Tomato,Sandy Loam,7.9,218,86,127,12.8,542,50.9,High,7.0,3038.16,7.507
2022,Potato,Clay Loam,6.13,116,69,115,20.0,1154,36.0,High,10.6,8168.0,20.184
2024,Tomato,Red Soil,6.45,168,71,161,16.6,348,79.7,Medium,5.4,4351.73,10.753
2026,Apple,Sandy Loam,7.48,125,54,100,25.5,1075,63.3,Medium,5.6,1736.69,4.291
2023,Mustard,Sandy Loam,4.51,76,44,41,34.5,457,38.0,Medium,10.4,248.97,0.615
2025,Onion,Loam,5.75,142,10,84,31.8,475,38.3,Low,10.5,1389.76,3.434
2023,Wheat,Loam,6.49,75,49,10,15.1,1225,62.9,High,10.7,977.92,2.416
2020,Watermelon,Saline,5.87,111,41,124,23.8,150,54.6,Low,8.8,3463.64,8.559
2024,Sunflower,Alluvial,6.72,67,44,22,19.2,690,84.0,High,4.8,879.71,2.174
2020,Tomato,Silt Loam,4.97,146,80,113,39.5,713,57.9,High,8.6,2758.05,6.815
2021,Mustard,Clay Loam,5.73,67,63,37,23.1,649,86.8,Medium,9.4,704.09,1.74
2020,Garlic,Alluvial,8.33,132,29,79,23.4,703,83.1,Medium,4.2,1401.94,3.464
2024,Banana,Loam,8.47,238,61,259,23.5,1949,45.0,Low,7.8,13574.37,33.543
2022,Potato,Sandy Loam,4.81,105,84,96,36.0,473,62.2,Medium,6.6,2126.05,5.254
2020,Potato,Sandy Loam,8.09,132,89,98,38.8,227,40.9,Low,7.9,839.42,2.074
2023,Groundnut,Red Soil,8.53,35,54,88,39.7,827,89.3,Low,6.7,277.07,0.685
2024,Tomato,Alluvial,5.53,133,63,128,19.1,1019,37.4,High,10.3,7911.68,19.55
2025,Mustard,Clay Loam,6.71,15,14,78,39.2,150,93.7,Medium,6.4,103.87,0.257
2021,Chickpea,Black Soil,4.52,34,10,10,23.4,421,36.9,Medium,6.0,232.86,0.575
2026,Tomato,Clay Loam,8.6,179,118,137,33.7,700,73.2,Medium,9.7,3591.18,8.874
2021,Rice,Alluvial,5.64,76,59,63,26.2,630,64.6,Low,8.4,973.81,2.406
2020,Groundnut,Clay Loam,7.2,10,10,26,31.2,657,52.5,Medium,5.6,470.4,1.162
2023,Sugarcane,Alluvial,5.96,262,45,98,31.7,1777,67.9,Low,9.5,20914.34,51.68
2024,Wheat,Clay Loam,5.58,54,48,49,16.5,310,81.7,Medium,10.3,804.57,1.988
2021,Barley,Peaty,5.57,105,52,10,18.9,839,66.9,Medium,5.5,581.62,1.437
2022,Rice,Laterite,7.02,116,61,52,15.8,1217,39.0,Medium,4.3,574.9,1.421
2020,Wheat,Red Soil,5.78,175,40,10,33.8,150,30.5,High,10.0,231.64,0.572
2024,Potato,Clay Loam,7.6,179,50,159,10.2,481,81.2,Low,8.0,2796.44,6.91
2022,Garlic,Peaty,5.64,154,99,57,36.4,150,35.8,High,10.6,604.75,1.494
2022,Barley,Alluvial,6.18,73,22,72,24.5,150,35.0,High,8.1,462.17,1.142
2024,Coffee,Red Soil,4.72,154,72,111,15.6,2538,54.7,Low,10.3,445.47,1.101
2025,Garlic,Black Soil,4.63,105,23,84,13.4,176,74.3,High,12.0,927.03,2.291
2024,Barley,Black Soil,8.0,77,50,40,16.8,1410,84.2,High,7.5,775.78,1.917
2026,Mustard,Sandy Loam,8.07,90,55,28,21.0,813,89.4,High,8.2,730.68,1.806
2024,Sunflower,Clay Loam,7.39,105,69,51,10.8,150,81.9,Low,5.0,190.72,0.471
2022,Garlic,Red Soil,8.01,125,22,53,20.9,613,75.3,Medium,6.1,1586.43,3.92
2023,Mustard,Saline,4.64,64,10,31,35.0,300,56.7,Medium,10.0,119.93,0.296
2021,Soybean,Black Soil,7.21,10,102,43,20.5,434,72.8,Medium,10.5,416.48,1.029
2024,Barley,Clay Loam,5.74,88,27,32,18.2,377,45.8,High,4.0,725.65,1.793
2021,Sugarcane,Red Soil,7.8,180,57,119,37.2,1550,43.3,Medium,7.2,10999.39,27.18
2022,Banana,Sandy Loam,7.51,183,64,285,29.2,1573,59.9,High,9.8,19706.14,48.695
2022,Mustard,Saline,7.4,96,36,48,33.9,156,47.4,Medium,11.5,208.76,0.516
2022,Cotton,Saline,4.92,68,85,24,26.6,256,40.5,Low,11.7,155.86,0.385
2022,Tomato,Sandy Loam,7.59,155,92,106,38.8,792,54.7,Low,7.7,3342.99,8.261
2022,Potato,Peaty,8.43,68,21,94,33.0,880,62.8,Low,6.1,962.25,2.378
2025,Garlic,Saline,5.3,123,18,63,12.8,978,84.8,Low,11.3,1691.52,4.18
2021,Apple,Silt Loam,4.85,37,39,86,32.9,729,84.7,High,5.1,1140.39,2.818
2026,Groundnut,Clay Loam,7.1,42,62,10,38.4,414,48.5,High,5.8,277.76,0.686
2025,Tea,Loam,7.75,154,63,114,11.1,1880,34.0,Medium,9.5,402.0,0.993
2022,Garlic,Laterite,5.51,16,25,23,27.7,296,79.4,Medium,5.1,412.87,1.02
2024,Wheat,Peaty,7.43,119,50,50,11.1,1109,65.9,High,4.9,617.61,1.526
2022,Garlic,Sandy Loam,4.62,100,54,10,20.1,883,90.7,Medium,10.6,1288.16,3.183
2023,Coffee,Clay Loam,7.56,159,51,107,30.2,750,72.5,Low,11.3,117.43,0.29
2024,Mustard,Black Soil,4.76,67,52,35,18.9,254,46.6,High,11.3,631.89,1.561
2023,Watermelon,Sandy Loam,5.31,31,65,119,35.7,150,80.8,High,9.8,1697.4,4.194
2021,Mustard,Loam,4.95,26,26,17,20.4,245,85.9,Low,6.6,211.16,0.522
2022,Coffee,Silt Loam,6.07,206,10,131,15.7,1369,37.5,High,6.7,415.55,1.027
2025,Potato,Silt Loam,7.79,130,89,91,37.3,781,69.3,Low,7.6,2276.32,5.625
2021,Onion,Peaty,6.55,49,85,94,20.3,457,86.3,Medium,11.7,5648.84,13.959
2026,Sugarcane,Alluvial,7.02,223,90,80,32.1,2374,50.6,High,5.6,24854.49,61.417
2026,Groundnut,Clay Loam,7.69,20,59,33,14.2,375,81.9,Low,11.2,277.54,0.686
2022,Tea,Sandy Loam,6.77,127,58,50,16.4,2379,52.0,High,10.8,388.47,0.96
2024,Watermelon,Saline,7.56,36,27,106,28.6,677,86.2,High,6.7,4749.88,11.737
2026,Soybean,Loam,8.49,16,35,47,36.2,650,30.8,Medium,11.5,249.99,0.618
2023,Garlic,Alluvial,5.06,52,48,56,29.7,372,47.9,Medium,7.6,732.86,1.811
2021,Onion,Loam,6.28,98,73,90,11.5,1017,46.6,Low,5.6,4282.55,10.582
2024,Soybean,Loam,4.59,10,78,50,20.2,223,32.5,High,9.8,191.48,0.473
2022,Sugarcane,Silt Loam,4.76,270,79,115,19.7,1090,48.6,Medium,7.6,5225.68,12.913
2020,Sugarcane,Red Soil,4.75,199,96,104,39.3,1285,31.1,Medium,9.4,6837.08,16.895
2024,Cotton,Black Soil,7.82,171,53,70,13.7,150,63.7,Low,5.1,127.32,0.315
2022,Apple,Saline,7.07,97,35,90,34.8,1152,88.0,Low,8.0,2138.36,5.284
2024,Cotton,Peaty,6.4,141,60,55,19.4,560,32.1,Low,11.9,408.88,1.01
2020,Cotton,Laterite,5.18,55,91,30,24.0,807,31.1,High,8.1,271.75,0.672
2026,Sugarcane,Black Soil,8.05,221,88,88,34.9,1775,62.9,Low,4.5,11300.04,27.923
2026,Soybean,Sandy Loam,4.57,45,71,53,17.8,345,79.5,Medium,10.5,242.25,0.599
2025,Soybean,Laterite,6.91,47,22,51,26.0,150,78.3,High,6.0,276.6,0.683
2025,Mustard,Alluvial,7.99,32,30,47,28.0,595,91.6,Medium,8.2,474.52,1.173
2025,Maize,Loam,8.29,147,106,65,28.9,1127,77.1,Low,4.9,1178.97,2.913
2022,Watermelon,Saline,5.83,133,94,95,17.6,562,88.3,High,6.7,3490.24,8.625
2022,Cotton,Black Soil,6.93,111,69,61,24.4,284,53.3,Low,9.0,491.85,1.215
2021,Barley,Alluvial,8.02,40,73,47,30.9,150,90.3,Low,5.5,154.55,0.382
2021,Barley,Loam,6.57,90,82,45,13.4,182,55.2,High,6.2,608.81,1.504
2022,Banana,Saline,7.43,187,71,197,32.9,1378,50.7,Medium,4.4,7301.97,18.044
2020,Groundnut,Sandy Loam,6.75,10,81,96,30.4,1023,86.1,Medium,10.3,759.41,1.877
2024,Cotton,Loam,5.85,96,71,49,29.4,1003,87.7,Medium,11.9,748.45,1.849
2024,Coffee,Silt Loam,8.06,140,25,109,18.8,1228,78.0,Medium,7.0,277.9,0.687
2021,Barley,Saline,8.38,95,77,35,26.1,588,40.3,Medium,5.2,470.27,1.162
2023,Barley,Laterite,5.05,48,10,10,28.6,150,47.7,Low,5.1,80.0,0.198
2025,Sunflower,Saline,5.38,59,49,10,28.5,926,71.9,Low,7.6,388.92,0.961
2022,Soybean,Sandy Loam,4.67,10,32,45,25.1,175,81.9,Medium,11.4,156.67,0.387
2026,Sunflower,Loam,5.02,106,39,27,17.9,150,77.8,Medium,10.8,214.0,0.529
2022,Garlic,Loam,7.74,74,29,75,15.3,204,36.0,Low,5.9,963.04,2.38
2021,Coffee,Alluvial,7.61,171,26,118,29.0,1426,48.9,High,9.5,290.84,0.719
2025,Onion,Red Soil,7.87,100,66,117,18.9,351,47.1,Low,4.4,2916.94,7.208
2021,Sunflower,Clay Loam,6.38,97,73,16,18.7,1080,37.4,Low,4.6,606.17,1.498
2026,Potato,Saline,8.56,125,95,109,32.3,689,60.0,Low,11.4,1987.23,4.911
2021,Coffee,Loam,6.72,177,64,98,26.5,1939,64.1,Low,10.5,694.1,1.715
2022,Watermelon,Black Soil,7.06,124,63,138,13.6,480,89.7,Low,11.3,5873.61,14.514
2020,Chickpea,Silt Loam,5.64,75,37,37,13.2,150,42.0,High,8.7,139.88,0.346
2020,Coffee,Clay Loam,7.15,178,28,177,14.5,2090,61.5,Medium,9.8,412.57,1.019
2023,Mustard,Alluvial,8.52,59,96,10,36.8,574,72.7,Low,7.8,232.86,0.575
2020,Rice,Alluvial,4.85,133,100,52,38.0,1575,86.2,Medium,11.1,869.27,2.148
2023,Sunflower,Alluvial,5.75,145,54,53,10.5,976,31.3,Low,10.6,512.47,1.266
2024,Tea,Loam,5.21,198,67,126,38.2,1831,84.7,Low,10.5,541.78,1.339
2022,Garlic,Laterite,6.17,95,43,50,17.6,685,67.8,Low,7.3,3704.83,9.155
2025,Tomato,Red Soil,8.5,137,76,155,37.9,548,90.4,High,10.8,2551.49,6.305
2023,Tomato,Saline,5.69,131,125,102,38.5,150,88.8,High,11.3,1440.44,3.559
2023,Mustard,Laterite,6.36,88,56,67,34.5,914,81.5,Medium,4.5,273.52,0.676
2021,Wheat,Sandy Loam,4.78,118,45,39,29.5,414,44.8,Medium,11.2,374.53,0.925
2021,Soybean,Silt Loam,6.77,14,88,32,27.7,1057,81.6,Medium,11.5,867.71,2.144
2021,Maize,Peaty,8.22,167,110,84,10.2,931,57.8,High,8.1,649.85,1.606
2024,Sugarcane,Saline,7.34,225,91,57,27.1,1846,52.4,Low,10.0,16979.51,41.957
2024,Wheat,Sandy Loam,6.88,159,45,62,35.1,626,89.4,Low,6.4,544.09,1.344
2022,Watermelon,Sandy Loam,5.13,118,101,78,16.3,250,59.7,Low,4.6,1049.75,2.594
2020,Cotton,Black Soil,5.01,60,49,17,20.3,628,32.8,Medium,4.0,194.98,0.482
2020,Coffee,Saline,4.71,181,43,126,10.3,837,94.0,High,8.3,132.75,0.328
2022,Onion,Laterite,5.67,131,15,107,15.7,1399,47.1,Low,6.3,2461.39,6.082
2023,Rice,Black Soil,4.79,149,22,78,13.0,1268,57.6,High,5.9,394.01,0.974
2021,Cotton,Silt Loam,4.59,162,109,20,39.8,904,38.8,High,10.5,207.98,0.514
2022,Sugarcane,Sandy Loam,7.63,168,75,126,23.2,2062,87.3,High,9.2,14377.82,35.528
2023,Onion,Alluvial,6.23,162,10,82,12.7,450,82.4,Low,11.7,2914.71,7.202
2021,Mustard,Saline,6.95,14,29,48,16.8,559,55.7,Medium,7.3,460.71,1.138
2026,Rice,Clay Loam,4.63,114,35,38,32.1,1169,58.9,Medium,9.3,1001.54,2.475
2024,Apple,Sandy Loam,7.54,50,10,101,28.3,772,69.7,Low,7.7,910.39,2.25
2024,Banana,Black Soil,8.18,229,45,242,17.0,841,70.7,Low,4.8,2721.69,6.725
2023,Wheat,Laterite,7.74,120,120,27,25.1,457,47.2,Low,8.0,606.74,1.499
2020,Apple,Peaty,6.61,64,37,82,28.5,821,70.5,Low,6.1,1828.23,4.518
2026,Chickpea,Saline,5.8,11,37,10,13.8,325,65.6,Low,4.5,103.77,0.256
2021,Mustard,Laterite,5.27,56,62,20,20.9,334,33.4,Medium,4.5,313.93,0.776
2020,Mustard,Peaty,5.27,10,42,46,35.6,212,54.0,Low,5.9,80.0,0.198
2024,Banana,Alluvial,6.05,232,40,244,12.3,1790,54.4,Low,7.5,8894.1,21.978
2021,Coffee,Silt Loam,5.32,126,50,119,20.0,1505,47.1,Low,6.7,554.47,1.37
2026,Wheat,Laterite,4.5,62,63,71,26.7,622,94.7,High,4.9,434.59,1.074
2023,Banana,Peaty,7.77,209,38,217,26.0,1803,42.4,Low,8.1,13465.03,33.273
2023,Apple,Loam,7.57,124,45,106,28.9,1045,53.4,Low,5.2,1907.54,4.714
2023,Watermelon,Black Soil,8.66,129,60,95,26.9,150,55.4,Medium,6.5,2576.19,6.366
2020,Soybean,Silt Loam,7.94,78,52,71,21.4,1038,33.5,Low,11.1,766.93,1.895
2023,Tea,Saline,5.32,148,19,35,32.5,2018,41.6,High,10.1,265.99,0.657
2024,Garlic,Sandy Loam,5.95,108,45,102,12.9,150,87.6,Medium,10.4,1361.39,3.364
2023,Tea,Peaty,8.78,143,10,62,15.1,2078,64.8,Medium,6.9,234.64,0.58
2025,Soybean,Silt Loam,8.7,44,61,75,17.7,615,63.1,Medium,5.6,379.38,0.937
2024,Apple,Black Soil,6.03,154,35,123,20.6,1036,57.5,Low,11.0,6988.62,17.269
2024,Sugarcane,Sandy Loam,7.43,268,141,67,19.1,1199,49.7,Low,8.3,6999.38,17.296
2024,Barley,Silt Loam,8.69,65,60,45,21.1,384,68.8,Medium,7.5,735.35,1.817
2020,Rice,Saline,7.4,97,40,10,17.7,1357,51.2,High,9.6,396.97,0.981
2023,Sugarcane,Loam,8.02,218,92,65,10.6,1104,81.7,Medium,11.9,6290.96,15.545
2020,Watermelon,Alluvial,8.18,145,73,92,14.8,1168,55.3,High,10.3,3549.53,8.771
2025,Rice,Clay Loam,6.72,106,24,10,30.6,1834,50.7,Low,6.5,1032.41,2.551
2021,Mustard,Clay Loam,7.5,142,33,10,31.5,285,32.5,High,7.6,277.29,0.685
2022,Groundnut,Red Soil,4.74,27,53,21,35.1,826,52.5,Medium,11.0,359.21,0.888
2020,Tomato,Black Soil,7.04,104,83,126,29.0,505,32.1,High,11.9,7233.48,17.874
2025,Sunflower,Loam,6.97,110,25,71,11.2,450,78.2,Low,6.0,302.42,0.747
2024,Sugarcane,Alluvial,5.82,197,66,99,25.3,2186,46.2,Medium,7.5,18257.74,45.116
2025,Watermelon,Peaty,7.28,116,30,120,11.2,361,66.9,High,5.4,3043.46,7.521
2020,Apple,Silt Loam,5.26,137,10,55,38.4,584,51.1,Low,8.6,1313.89,3.247
2025,Maize,Sandy Loam,8.37,134,51,10,34.4,355,65.1,High,4.8,177.73,0.439
2020,Soybean,Saline,5.68,71,44,41,19.8,769,46.3,High,8.8,698.14,1.725
2023,Coffee,Black Soil,7.32,165,42,140,19.2,2109,76.8,High,10.0,555.51,1.373
2024,Watermelon,Clay Loam,8.18,94,52,80,34.2,150,50.9,High,10.6,3142.92,7.766
2023,Onion,Alluvial,5.56,54,56,107,27.6,150,45.8,Medium,11.6,1630.58,4.029
2025,Tomato,Saline,6.42,141,60,127,15.9,930,33.4,High,5.7,4295.96,10.616
2021,Wheat,Peaty,8.33,77,10,70,37.8,150,67.8,Low,11.8,104.48,0.258
2024,Barley,Silt Loam,6.65,82,69,10,29.8,667,47.9,Medium,10.2,570.05,1.409
2023,Maize,Sandy Loam,7.57,97,81,59,34.4,473,43.7,Low,5.7,383.01,0.946
2021,Coffee,Laterite,8.21,155,33,122,11.2,1576,67.7,High,4.1,155.19,0.383
2021,Sunflower,Alluvial,7.65,111,73,54,35.4,699,41.3,Medium,10.7,762.88,1.885
2022,Sunflower,Peaty,6.63,90,94,39,34.4,150,44.2,High,9.8,321.99,0.796
2026,Watermelon,Peaty,7.67,126,65,113,34.9,517,40.0,High,4.4,6880.81,17.003
2020,Watermelon,Peaty,6.49,73,78,133,29.2,150,84.7,High,7.5,4873.02,12.041
2020,Maize,Sandy Loam,7.06,174,85,83,25.9,1292,52.8,Medium,5.1,1816.49,4.489
2025,Mustard,Peaty,5.89,84,22,37,10.3,738,30.8,High,9.8,424.15,1.048
2025,Mustard,Silt Loam,4.83,103,28,48,26.1,1202,72.1,Medium,6.9,279.02,0.689
2020,Cotton,Peaty,6.01,96,60,52,18.8,668,43.4,Low,4.7,250.37,0.619
2020,Coffee,Loam,8.6,144,18,150,18.1,773,70.1,Medium,8.3,198.76,0.491
2021,Maize,Clay Loam,5.41,112,36,93,17.2,715,80.9,Medium,5.6,760.54,1.879
2024,Wheat,Sandy Loam,7.36,142,64,31,17.6,418,93.2,Low,9.3,978.24,2.417
2021,Soybean,Alluvial,6.89,84,39,43,34.8,620,33.5,Medium,12.0,697.18,1.723
2022,Barley,Laterite,5.79,87,58,37,18.4,935,59.4,Medium,7.9,1004.75,2.483
2024,Barley,Loam,7.75,125,74,32,39.9,725,69.9,Low,11.2,752.27,1.859
2022,Groundnut,Peaty,5.13,10,68,10,16.8,866,94.4,Medium,8.7,339.55,0.839
2020,Watermelon,Black Soil,7.0,138,85,97,39.6,521,54.1,Low,9.5,5698.99,14.082
2020,Cotton,Laterite,5.25,106,52,60,24.4,816,66.1,High,10.2,441.89,1.092
2022,Soybean,Black Soil,5.64,28,54,24,12.7,1201,50.9,Low,11.4,350.1,0.865
2022,Sugarcane,Black Soil,6.18,213,120,87,24.5,1298,59.3,Medium,8.6,17441.07,43.098
2023,Wheat,Red Soil,7.27,126,24,10,20.3,391,38.0,Medium,4.6,670.88,1.658
2025,Sunflower,Laterite,5.87,82,16,34,28.1,150,50.0,Low,6.2,193.94,0.479
2021,Wheat,Laterite,6.18,21,20,56,30.8,436,68.8,Low,7.5,273.97,0.677
2022,Sunflower,Black Soil,5.39,45,59,10,37.2,898,83.7,High,7.9,184.35,0.456
2022,Sugarcane,Alluvial,4.63,219,41,133,37.3,1375,83.9,Medium,4.4,6032.76,14.907
2024,Wheat,Peaty,6.72,112,55,89,25.2,269,94.9,Low,4.6,622.49,1.538
2022,Cotton,Sandy Loam,6.72,116,48,44,17.6,920,36.9,High,5.6,321.57,0.795
2025,Mustard,Sandy Loam,4.99,59,43,79,23.8,150,52.1,Low,5.3,155.08,0.383
2021,Banana,Saline,5.04,196,18,267,24.2,1502,70.5,High,5.7,6568.25,16.23
2024,Garlic,Red Soil,4.96,39,49,69,16.4,381,34.5,Medium,7.9,1200.64,2.967
2021,Maize,Alluvial,6.84,177,19,69,22.0,805,72.5,Low,6.7,1529.41,3.779
2023,Garlic,Loam,8.71,68,37,75,24.1,588,65.5,Medium,9.7,2004.18,4.952
2026,Coffee,Saline,7.15,116,82,143,27.3,1450,73.4,High,5.0,260.49,0.644
2026,Soybean,Alluvial,5.46,101,39,27,28.5,777,61.5,High,6.8,638.68,1.578
2020,Groundnut,Loam,6.84,36,20,62,27.8,574,32.3,High,5.0,1005.36,2.484
2026,Mustard,Black Soil,8.44,85,30,24,10.0,1076,47.6,Medium,6.1,225.47,0.557
2023,Soybean,Peaty,5.35,111,73,29,37.9,779,41.5,High,11.4,310.25,0.767
2020,Sugarcane,Black Soil,8.79,218,128,77,25.6,1454,75.2,Medium,9.8,11034.23,27.266
2023,Rice,Silt Loam,4.68,77,75,73,30.0,1381,80.6,Medium,5.4,843.98,2.086
2025,Sugarcane,Loam,5.07,273,116,104,38.2,1618,46.9,High,4.8,9830.5,24.292
2024,Cotton,Laterite,7.47,148,70,47,36.8,519,54.3,Medium,5.5,349.31,0.863
2022,Potato,Loam,6.71,101,67,132,32.4,678,89.4,Low,4.9,2635.31,6.512
2021,Tea,Peaty,7.14,85,11,79,31.5,2063,70.2,Medium,4.6,113.38,0.28
2023,Tomato,Clay Loam,4.92,136,66,140,25.7,1012,56.1,Low,7.7,5273.64,13.031
2021,Wheat,Silt Loam,6.38,136,47,10,24.9,709,56.2,High,10.1,1246.51,3.08
2026,Chickpea,Laterite,5.58,81,66,10,26.4,437,80.0,Low,6.6,233.68,0.577
2021,Soybean,Loam,7.76,17,81,18,32.4,525,47.6,Low,7.1,283.69,0.701
2021,Onion,Sandy Loam,8.69,138,41,59,22.5,777,36.6,High,10.0,3753.04,9.274
2021,Rice,Silt Loam,6.7,92,41,72,20.7,1354,63.1,Low,11.4,1436.47,3.55
2024,Groundnut,Saline,8.52,32,81,59,29.6,1255,30.8,High,5.9,424.18,1.048
2020,Garlic,Laterite,8.17,129,24,56,33.3,728,48.9,Low,5.4,636.43,1.573
2022,Banana,Loam,5.44,191,25,265,38.0,1898,56.6,Low,11.7,6730.03,16.63
2020,Groundnut,Alluvial,6.47,33,37,23,22.4,565,58.5,Low,9.9,1119.47,2.766
2020,Tomato,Loam,6.74,140,77,88,29.9,150,93.8,Medium,5.3,3089.31,7.634
2025,Sugarcane,Laterite,6.63,210,30,68,15.1,1302,78.0,Low,7.0,5416.89,13.385
2021,Sugarcane,Peaty,6.79,251,30,71,23.1,1444,73.1,Low,10.5,13027.71,32.192
2024,Tomato,Clay Loam,6.36,118,101,130,30.6,422,60.0,Low,8.0,5061.93,12.508
2026,Wheat,Sandy Loam,6.89,78,75,79,26.4,269,87.7,Medium,8.6,620.25,1.533
2021,Cotton,Red Soil,7.38,149,82,38,21.1,556,83.7,Medium,11.8,692.19,1.71
2023,Watermelon,Sandy Loam,7.59,35,83,82,23.0,541,81.3,High,9.3,7056.35,17.437
2021,Maize,Black Soil,8.64,123,86,35,19.9,498,90.3,Medium,7.5,599.26,1.481
2022,Rice,Red Soil,6.27,116,10,30,37.5,1190,50.8,Medium,9.9,685.57,1.694
2024,Wheat,Saline,6.89,139,80,85,11.8,350,58.4,Medium,7.5,619.97,1.532
2025,Banana,Peaty,5.89,192,68,281,31.7,1685,84.9,Low,5.1,14799.19,36.57
2023,Mustard,Alluvial,4.85,31,40,53,19.8,456,30.3,High,11.1,512.5,1.266
2022,Coffee,Black Soil,5.41,167,58,105,24.2,1582,93.7,Low,10.1,673.09,1.663
2026,Garlic,Peaty,6.95,94,10,89,16.5,1191,76.1,Low,9.2,3041.12,7.515
2026,Tea,Clay Loam,8.75,161,41,81,22.9,1560,35.7,High,9.4,632.39,1.563
2024,Barley,Laterite,5.51,102,38,64,17.1,174,82.6,Medium,9.4,387.72,0.958
2026,Rice,Sandy Loam,6.15,194,50,69,31.1,1156,46.8,High,11.4,2356.46,5.823
2026,Groundnut,Saline,8.05,28,10,40,14.1,580,81.8,Medium,11.5,184.39,0.456
2026,Apple,Laterite,5.72,139,61,97,19.5,1132,51.2,Low,5.4,4749.41,11.736
2021,Tomato,Peaty,5.08,175,67,126,35.3,1283,55.3,Low,11.8,2831.06,6.996
2025,Wheat,Clay Loam,6.95,122,60,71,13.9,579,80.3,Medium,4.3,1340.26,3.312
2024,Barley,Saline,8.11,101,52,10,25.2,637,63.6,Low,6.6,466.12,1.152
2022,Mustard,Peaty,7.16,72,79,19,30.0,356,81.8,High,8.6,566.6,1.4
2020,Maize,Alluvial,4.83,184,27,47,24.2,1038,58.2,High,7.5,1028.38,2.541
2025,Onion,Peaty,5.89,62,33,92,11.7,225,71.8,High,4.5,1458.67,3.604
2020,Potato,Loam,5.75,127,23,167,19.9,673,64.6,High,11.9,7743.88,19.136
2022,Rice,Clay Loam,5.23,125,64,47,19.8,1815,40.6,High,8.0,1401.96,3.464
2025,Tea,Loam,5.96,90,10,50,18.7,1887,62.4,Low,8.3,654.7,1.618
2021,Tea,Clay Loam,8.25,156,44,80,16.3,1812,86.6,Low,5.9,351.08,0.868
2026,Barley,Silt Loam,6.53,10,45,86,25.7,1105,89.2,Medium,9.1,596.11,1.473
2025,Barley,Loam,6.4,125,39,10,36.2,663,48.1,Medium,7.8,485.96,1.201
2020,Rice,Sandy Loam,7.36,113,49,86,19.0,1792,35.8,Medium,8.0,777.65,1.922
2021,Potato,Silt Loam,8.03,125,69,57,22.7,165,82.4,High,10.4,1782.9,4.406
2026,Watermelon,Alluvial,8.47,118,130,46,24.4,1270,77.6,High,11.9,5292.61,13.078
2024,Maize,Sandy Loam,6.52,133,64,89,30.0,987,78.9,Medium,4.9,1342.29,3.317
2023,Banana,Loam,5.04,156,79,283,38.9,1798,30.3,High,8.2,5422.75,13.4
2021,Coffee,Loam,5.98,107,39,94,34.6,1702,47.4,Low,7.0,259.29,0.641
2022,Potato,Saline,7.09,170,45,141,27.1,493,80.1,Medium,10.8,2584.0,6.385
2022,Garlic,Laterite,5.23,132,11,71,23.1,861,86.6,Low,10.2,1338.7,3.308
2023,Banana,Saline,8.27,150,63,269,28.3,1698,80.3,Low,4.1,7104.55,17.556
2026,Groundnut,Clay Loam,8.21,89,47,50,25.1,355,62.4,Medium,10.3,555.23,1.372
2025,Soybean,Saline,6.7,88,61,80,12.0,425,52.4,Medium,6.5,203.8,0.504
2021,Soybean,Red Soil,5.28,10,10,16,13.4,533,77.8,High,5.2,108.21,0.267
2026,Sunflower,Loam,7.07,92,49,34,19.1,912,89.5,Low,4.5,783.51,1.936
2024,Sugarcane,Peaty,8.48,213,134,129,39.8,1720,79.3,Medium,6.1,6737.11,16.648
2025,Tea,Sandy Loam,5.15,149,62,72,12.9,961,88.5,Low,6.3,298.07,0.737
2023,Watermelon,Silt Loam,4.69,66,96,63,38.5,260,43.2,Medium,5.9,1510.24,3.732
2021,Sugarcane,Alluvial,7.71,174,91,55,37.5,1617,52.0,High,7.6,14351.64,35.464
2022,Maize,Loam,8.54,145,55,57,12.6,1063,77.7,Medium,9.3,645.87,1.596
2024,Tomato,Alluvial,8.09,107,63,118,11.4,755,94.2,Low,10.3,2855.89,7.057
2020,Apple,Clay Loam,8.78,67,10,90,15.2,1288,78.3,High,8.1,2207.6,5.455
2021,Groundnut,Red Soil,7.17,16,63,11,14.6,150,52.7,Low,10.5,149.75,0.37
2026,Banana,Black Soil,4.69,239,65,263,24.0,2126,84.8,Medium,4.3,9717.33,24.012
2021,Chickpea,Peaty,8.59,10,56,31,13.4,303,39.2,Low,5.5,172.06,0.425
2022,Wheat,Black Soil,6.42,110,19,12,16.7,1368,30.7,Medium,9.4,1208.06,2.985
2020,Groundnut,Black Soil,6.71,34,56,58,14.8,169,60.2,Medium,7.8,291.98,0.721
2025,Coffee,Sandy Loam,8.7,144,74,145,19.7,1314,88.9,Medium,9.6,389.03,0.961
2020,Banana,Loam,7.55,212,68,222,34.6,1813,81.5,Low,10.7,14206.08,35.104
2023,Onion,Alluvial,5.96,69,13,63,29.3,968,47.7,Low,10.9,2741.39,6.774
2024,Wheat,Loam,5.27,164,45,10,29.9,584,38.3,Low,5.7,381.29,0.942
2026,Barley,Silt Loam,7.66,36,23,27,34.2,385,47.0,Low,6.4,264.3,0.653
2022,Garlic,Sandy Loam,6.77,65,55,78,33.7,377,94.4,Low,4.2,838.01,2.071
2020,Banana,Loam,5.73,168,69,252,38.6,1446,88.7,Medium,5.0,6409.94,15.839
2024,Groundnut,Laterite,5.22,37,13,70,18.0,686,69.8,Medium,4.0,262.7,0.649
2025,Sunflower,Alluvial,5.64,66,40,54,12.3,599,90.6,High,4.1,354.72,0.877
2023,Coffee,Laterite,7.78,153,37,94,11.0,1506,74.8,High,11.4,209.74,0.518
2024,Maize,Sandy Loam,8.52,142,32,32,31.8,403,44.9,High,8.9,489.77,1.21
2024,Mustard,Red Soil,6.07,101,39,18,21.4,245,47.4,Medium,5.8,430.71,1.064
2022,Chickpea,Peaty,6.43,39,30,64,38.1,787,83.6,Low,5.9,186.23,0.46
2026,Coffee,Loam,8.47,199,10,88,32.2,1796,81.8,Low,9.7,150.04,0.371
2020,Banana,Laterite,8.47,205,68,264,36.2,1518,89.6,Low,10.2,6037.2,14.918
2023,Apple,Black Soil,6.18,122,21,90,14.6,1108,85.8,High,5.7,5182.63,12.807
2023,Cotton,Sandy Loam,5.24,102,51,53,32.4,1016,45.1,Medium,9.1,434.78,1.074
2022,Sunflower,Red Soil,7.64,83,75,10,33.1,258,59.0,Medium,7.2,225.13,0.556
2024,Potato,Silt Loam,4.97,132,106,116,24.1,845,94.3,Low,8.9,7619.02,18.827
2024,Onion,Laterite,5.4,87,67,121,19.9,728,39.5,High,7.1,4499.58,11.119
2025,Banana,Peaty,6.66,189,63,272,23.4,1495,54.2,Medium,7.3,19119.49,47.245
2025,Maize,Clay Loam,8.26,118,92,46,13.7,509,88.7,Medium,8.9,577.14,1.426
2022,Onion,Clay Loam,4.81,109,10,91,13.5,432,93.2,Medium,9.6,1891.69,4.674
2020,Garlic,Sandy Loam,6.92,61,41,39,15.9,983,37.4,Medium,4.6,2597.98,6.42
2024,Wheat,Clay Loam,4.75,116,119,81,36.1,788,78.8,High,11.3,469.96,1.161
2021,Tea,Clay Loam,5.17,167,22,93,21.2,1605,82.0,Medium,10.8,920.63,2.275
2022,Soybean,Laterite,6.37,68,99,48,32.6,533,91.6,Low,6.1,458.33,1.133
2021,Apple,Alluvial,6.37,95,94,84,27.8,307,88.4,Medium,7.4,1574.99,3.892
2026,Barley,Sandy Loam,5.15,95,24,60,13.5,652,34.0,High,7.9,423.38,1.046
2022,Groundnut,Loam,8.38,52,64,10,29.2,756,44.6,Low,5.1,364.09,0.9
2020,Garlic,Peaty,8.25,185,26,77,34.5,307,94.5,Medium,5.4,451.97,1.117
2023,Banana,Clay Loam,6.12,239,46,238,29.0,1643,92.3,High,8.6,24280.08,59.997
2020,Chickpea,Peaty,8.09,40,54,88,26.8,150,91.3,High,6.5,308.46,0.762
2026,Sunflower,Black Soil,8.44,64,94,20,16.4,587,92.0,High,7.3,342.72,0.847
2020,Sunflower,Loam,7.27,73,33,53,33.5,713,56.3,Medium,7.3,646.8,1.598
2023,Groundnut,Black Soil,7.67,10,103,41,30.5,630,70.0,Low,10.8,694.39,1.716
2022,Coffee,Alluvial,4.9,155,21,118,13.7,827,59.9,Low,8.0,202.03,0.499
2023,Chickpea,Peaty,7.12,10,27,39,34.3,322,45.5,High,10.8,256.71,0.634
2023,Maize,Clay Loam,7.13,172,53,65,16.3,661,83.5,High,5.8,1163.93,2.876
2026,Onion,Silt Loam,8.0,113,81,75,14.3,150,66.8,High,4.2,1787.58,4.417
2022,Wheat,Peaty,4.69,89,32,59,35.9,150,45.1,High,8.6,142.41,0.352
2021,Barley,Loam,5.59,120,40,65,19.9,150,73.9,High,11.0,539.68,1.334
2021,Coffee,Loam,8.07,154,32,114,38.1,1463,51.8,Medium,9.0,175.68,0.434
2024,Chickpea,Peaty,4.81,10,65,28,13.1,609,71.5,Low,10.3,260.89,0.645
2025,Mustard,Sandy Loam,6.18,94,68,27,16.3,395,47.9,High,4.0,728.19,1.799
2025,Tea,Alluvial,5.65,120,17,99,16.3,1787,53.9,High,10.4,867.33,2.143
2025,Cotton,Peaty,7.29,110,73,73,27.1,997,30.4,Medium,5.3,923.96,2.283
2020,Watermelon,Alluvial,8.07,86,52,80,29.6,472,62.3,Medium,7.4,7419.03,18.333
2022,Sugarcane,Red Soil,7.33,217,67,91,14.8,1924,42.2,Low,8.4,9807.78,24.236
2022,Rice,Clay Loam,5.24,180,54,33,36.4,1675,34.5,Low,6.7,878.82,2.172
2022,Sugarcane,Laterite,4.57,175,103,110,37.8,1963,42.4,Medium,8.8,9587.75,23.692
2025,Mustard,Laterite,5.38,106,20,10,16.1,225,80.9,High,7.5,265.35,0.656
2026,Tomato,Alluvial,8.14,68,83,116,28.5,150,52.1,Medium,8.2,1925.34,4.758
2020,Sugarcane,Black Soil,6.51,223,101,103,19.1,1890,53.3,Medium,5.8,10184.72,25.167
2026,Apple,Saline,5.58,127,10,71,18.1,836,61.0,High,10.5,3237.63,8.0
2021,Cotton,Silt Loam,6.72,112,39,35,34.1,546,62.8,Medium,10.0,669.29,1.654
2022,Barley,Alluvial,5.3,36,82,10,26.4,150,71.2,Medium,5.6,154.65,0.382
2023,Maize,Red Soil,6.54,174,60,84,15.8,1214,43.6,High,7.9,1296.83,3.205
2025,Watermelon,Red Soil,8.58,167,94,75,11.7,150,84.1,Low,7.3,1075.54,2.658
2021,Wheat,Black Soil,6.61,101,53,86,11.6,543,87.4,Medium,9.2,1080.89,2.671
2022,Tomato,Silt Loam,5.83,176,59,144,34.4,1176,58.1,Low,8.0,3938.31,9.732
2025,Mustard,Black Soil,4.98,45,10,10,30.0,958,41.4,High,4.2,89.26,0.221
2023,Garlic,Peaty,8.55,116,84,22,26.3,922,77.9,Low,10.2,1234.48,3.05
2026,Chickpea,Saline,7.74,10,57,41,38.0,202,48.2,High,8.8,163.48,0.404
2025,Rice,Clay Loam,8.1,189,50,57,10.1,1245,75.6,High,5.1,447.82,1.107
2024,Coffee,Laterite,5.15,185,13,99,29.5,1842,32.1,Low,4.8,239.72,0.592
2024,Coffee,Saline,5.76,161,20,141,19.3,1716,49.6,High,9.6,611.06,1.51
2021,Chickpea,Black Soil,5.44,86,91,61,39.4,654,37.1,Low,5.5,191.62,0.474
2023,Apple,Laterite,8.11,147,55,97,21.7,609,85.2,Medium,11.6,2326.59,5.749
2021,Soybean,Clay Loam,5.82,73,39,78,39.5,480,42.3,High,4.9,291.97,0.721
2025,Garlic,Silt Loam,5.75,148,41,16,36.4,577,46.0,High,7.0,1094.36,2.704
2023,Sugarcane,Alluvial,8.71,226,53,75,24.9,1609,55.0,Low,6.0,7829.19,19.346
2026,Garlic,Silt Loam,4.85,63,49,79,24.4,666,34.9,Low,11.9,1965.93,4.858
2022,Maize,Sandy Loam,7.89,134,34,31,37.8,834,60.5,Medium,5.9,464.76,1.148
2023,Cotton,Alluvial,5.86,120,56,46,20.8,443,35.9,Low,7.0,294.37,0.727
2020,Garlic,Saline,4.94,126,69,60,26.8,273,62.4,Medium,11.8,818.57,2.023
2024,Apple,Loam,8.49,30,62,88,22.7,338,68.0,Low,11.6,949.09,2.345
2020,Sugarcane,Alluvial,7.49,192,45,62,13.7,1786,50.2,Low,7.2,7774.8,19.212
2021,Wheat,Black Soil,6.26,57,54,61,15.4,521,80.9,High,11.0,1299.47,3.211
2020,Mustard,Sandy Loam,8.03,10,68,40,34.5,150,60.0,Medium,7.6,80.0,0.198
2026,Potato,Red Soil,5.63,187,77,124,31.0,218,82.4,Medium,11.6,2442.51,6.036
2023,Coffee,Loam,6.92,209,10,108,20.0,1680,85.9,Low,9.9,498.68,1.232
2020,Barley,Saline,4.69,62,43,54,35.8,749,32.8,Low,11.5,275.8,0.682
2025,Barley,Sandy Loam,5.03,66,47,51,16.3,998,44.2,High,7.6,578.59,1.43
2020,Mustard,Laterite,7.49,112,82,21,15.8,150,45.9,Medium,8.8,422.21,1.043
2022,Banana,Laterite,6.19,201,40,228,15.2,1110,77.8,High,11.6,6973.66,17.232
2021,Banana,Loam,8.18,266,74,206,16.8,1615,34.7,Low,11.2,6048.9,14.947
2026,Sunflower,Peaty,7.77,94,26,32,12.2,1135,77.9,High,8.0,265.74,0.657
2024,Watermelon,Peaty,5.66,149,50,125,27.8,509,69.3,Low,11.0,10499.34,25.944
2021,Onion,Peaty,5.66,41,37,116,39.2,579,70.9,Low,11.0,1505.98,3.721
2025,Maize,Laterite,5.52,136,69,60,39.2,183,49.1,Low,11.0,266.73,0.659
2022,Soybean,Black Soil,8.32,82,69,68,36.9,726,64.4,High,7.2,272.19,0.673
2024,Maize,Peaty,6.65,131,31,55,38.3,969,43.4,Low,7.2,849.54,2.099
2022,Cotton,Saline,5.33,133,62,33,14.6,1089,53.6,Low,7.2,142.16,0.351
2021,Onion,Alluvial,8.55,101,47,47,39.3,1036,36.8,High,7.5,1479.17,3.655
2020,Rice,Black Soil,7.93,152,89,20,14.2,1140,77.3,High,10.2,407.1,1.006
2020,Tea,Silt Loam,5.91,164,66,103,17.0,1604,81.1,High,5.9,720.48,1.78
2026,Onion,Laterite,4.53,85,29,64,26.3,338,31.4,Medium,4.5,1238.23,3.06
2022,Chickpea,Saline,4.5,65,45,72,37.4,457,61.1,Low,10.5,178.57,0.441
2025,Maize,Sandy Loam,6.87,137,42,25,22.4,930,50.0,High,5.2,1513.65,3.74
2023,Sunflower,Sandy Loam,6.96,148,79,55,13.3,1183,60.7,Low,6.2,395.24,0.977
2026,Rice,Alluvial,7.15,140,48,53,13.8,1005,93.0,High,7.5,747.05,1.846
2020,Potato,Saline,6.14,150,80,102,27.8,644,47.5,Medium,7.7,4133.07,10.213
2025,Sugarcane,Loam,5.18,207,76,78,33.2,1648,41.0,Medium,10.3,16882.87,41.718
2021,Rice,Black Soil,5.79,141,76,45,27.4,1107,37.8,Low,8.0,1770.57,4.375
2020,Barley,Clay Loam,6.86,90,66,99,30.8,296,49.6,Medium,6.7,429.12,1.06
2020,Banana,Sandy Loam,5.96,178,54,233,14.6,704,84.4,High,9.6,4681.62,11.569
2020,Chickpea,Laterite,6.04,10,66,54,13.4,1023,38.9,Medium,12.0,188.09,0.465
2025,Potato,Peaty,7.42,69,39,137,34.9,516,92.0,Low,7.0,1218.51,3.011
2024,Rice,Silt Loam,8.15,125,30,51,18.7,2066,75.2,Low,10.2,751.33,1.857
2020,Maize,Clay Loam,8.27,141,68,49,11.4,698,44.9,Low,5.3,354.52,0.876
2022,Banana,Silt Loam,7.6,198,70,218,11.5,1429,41.6,Medium,4.7,5835.9,14.421
2025,Soybean,Peaty,8.47,39,100,69,34.6,830,46.4,Medium,6.5,318.42,0.787
2021,Watermelon,Clay Loam,6.22,75,86,116,11.1,150,32.7,High,6.2,1668.63,4.123
2021,Sugarcane,Silt Loam,7.4,240,81,94,29.5,2172,33.7,High,6.8,23774.29,58.747
2024,Cotton,Peaty,7.84,149,61,50,13.5,457,61.3,Medium,7.7,296.95,0.734
2026,Rice,Red Soil,6.36,121,35,41,22.5,758,37.9,Low,4.1,812.21,2.007
2022,Maize,Laterite,5.49,177,62,88,38.6,765,51.8,Low,9.1,608.54,1.504
2026,Banana,Sandy Loam,4.79,193,101,257,10.5,1720,94.3,Medium,9.9,5670.46,14.012
2023,Sunflower,Clay Loam,7.98,71,58,28,34.5,1105,39.4,Low,7.7,385.55,0.953
2021,Maize,Black Soil,6.15,165,53,53,16.2,150,40.7,Low,7.7,595.24,1.471
2023,Apple,Clay Loam,6.43,83,10,64,29.2,651,32.0,High,5.6,1789.79,4.423
2021,Apple,Laterite,5.06,149,63,76,17.9,1003,54.3,Medium,5.5,3376.35,8.343
2021,Watermelon,Peaty,4.7,171,112,128,29.4,808,52.0,Medium,10.7,8085.31,19.979
2020,Banana,Saline,5.2,213,24,249,22.3,2098,32.3,Low,10.5,7852.31,19.403
2022,Soybean,Red Soil,5.6,50,84,31,10.6,350,52.3,Low,11.2,210.56,0.52
2025,Garlic,Black Soil,7.23,65,17,112,18.5,152,47.0,Medium,7.9,1371.06,3.388
2026,Onion,Peaty,6.72,104,68,55,20.2,181,41.7,Medium,5.2,2478.67,6.125
2021,Potato,Red Soil,6.74,124,53,90,28.6,173,60.7,Medium,10.1,1491.71,3.686
2023,Tomato,Clay Loam,7.61,143,77,84,19.7,948,64.0,Low,10.0,9144.54,22.597
2022,Soybean,Loam,6.84,39,45,74,24.5,838,54.4,Low,10.6,1496.28,3.697
2021,Banana,Saline,8.02,222,123,217,21.8,2040,82.3,High,7.1,7851.22,19.401
2025,Mustard,Sandy Loam,8.38,122,64,56,23.7,150,65.9,Low,5.0,229.66,0.568
2023,Tomato,Peaty,6.53,108,59,122,25.6,222,68.4,High,4.9,3974.4,9.821
2024,Wheat,Black Soil,5.97,132,82,27,20.4,814,47.1,High,6.7,1626.5,4.019
2020,Rice,Laterite,5.58,58,29,28,20.6,1536,45.8,High,6.3,709.28,1.753
2020,Banana,Sandy Loam,8.53,207,70,242,18.0,2205,52.4,High,8.4,6930.7,17.126
2021,Wheat,Black Soil,8.6,130,47,23,11.4,917,58.4,Medium,8.2,554.74,1.371
2020,Watermelon,Red Soil,4.74,113,89,95,24.0,787,47.0,Medium,11.4,6250.45,15.445
2021,Coffee,Laterite,4.96,124,15,59,37.7,1456,87.6,High,10.0,164.61,0.407
2025,Banana,Peaty,6.48,220,82,262,19.6,1686,46.1,High,4.3,16136.23,39.873
2026,Apple,Loam,6.29,45,42,66,36.3,932,69.2,Medium,8.5,2592.5,6.406
2024,Watermelon,Black Soil,4.61,110,10,95,20.8,354,72.4,Low,7.2,2002.71,4.949
2025,Chickpea,Laterite,7.5,10,53,22,28.8,327,33.6,Medium,7.7,377.18,0.932
2020,Tomato,Silt Loam,7.14,157,104,60,12.8,748,58.3,Medium,10.2,5678.0,14.031
2025,Tea,Silt Loam,8.79,133,10,42,23.6,1755,81.5,Medium,8.0,324.86,0.803
2026,Potato,Peaty,5.83,128,87,60,10.7,646,92.2,High,5.5,4675.89,11.554
2025,Coffee,Loam,7.5,128,62,119,39.7,1547,89.0,High,4.6,157.05,0.388
2025,Tomato,Sandy Loam,4.67,126,103,132,37.0,933,87.0,Low,5.3,1701.86,4.205
2020,Apple,Alluvial,4.68,137,43,92,26.8,1035,80.5,Medium,6.0,1282.12,3.168
2023,Sugarcane,Peaty,6.25,236,67,68,19.9,2083,71.0,High,11.8,13302.44,32.871
2020,Mustard,Loam,7.14,111,91,10,34.3,881,44.4,Medium,9.7,409.13,1.011
2024,Cotton,Peaty,5.14,78,57,49,26.0,1183,52.1,High,7.9,471.87,1.166
2025,Barley,Silt Loam,8.37,10,63,45,12.8,803,74.3,Low,5.0,353.27,0.873
2020,Coffee,Peaty,8.21,168,25,153,17.6,1789,46.5,Low,11.1,378.12,0.934
2022,Potato,Red Soil,8.47,186,113,89,17.7,1424,69.8,Low,9.7,4692.56,11.596
2024,Soybean,Sandy Loam,5.27,14,41,82,17.6,982,59.4,Medium,7.8,312.71,0.773
2022,Sunflower,Black Soil,6.64,64,56,22,14.9,459,52.0,Medium,4.5,405.05,1.001
2021,Rice,Peaty,7.04,185,62,57,16.2,1222,57.0,Low,11.1,900.96,2.226
2020,Tomato,Saline,7.72,153,136,108,21.3,406,68.1,Low,6.4,3152.36,7.79
2021,Barley,Clay Loam,7.02,38,67,37,10.2,357,92.9,Medium,6.6,525.24,1.298
2026,Watermelon,Silt Loam,7.2,104,75,87,37.5,424,64.2,Medium,4.7,5393.68,13.328
2020,Onion,Loam,5.19,50,52,84,24.7,914,49.9,Low,7.0,2630.64,6.5
2023,Potato,Red Soil,5.64,94,66,133,20.3,251,43.5,Medium,4.9,3881.5,9.591
2022,Banana,Clay Loam,6.88,152,10,271,26.7,1809,46.3,Medium,7.6,14271.35,35.265
2025,Chickpea,Loam,6.34,27,51,47,24.8,708,81.4,Medium,10.9,825.48,2.04
2025,Tea,Loam,7.14,139,72,54,12.4,2130,63.5,Low,6.1,313.54,0.775
2025,Coffee,Black Soil,6.31,114,54,128,30.4,1214,35.4,Low,4.3,261.73,0.647
2021,Rice,Red Soil,6.39,148,90,89,10.1,432,65.1,Medium,10.4,447.39,1.106
2024,Watermelon,Black Soil,6.9,63,43,67,21.8,150,34.9,High,9.1,3981.46,9.838
2022,Sugarcane,Loam,4.66,303,118,106,23.2,2219,83.6,Medium,9.7,14870.37,36.745
2022,Sunflower,Alluvial,6.19,113,67,43,12.8,850,87.1,Medium,10.0,655.58,1.62
2021,Potato,Clay Loam,8.04,108,41,84,12.8,917,46.1,Medium,6.9,3038.17,7.507
2026,Groundnut,Laterite,7.08,32,60,17,22.4,982,73.9,High,6.7,610.25,1.508
2024,Coffee,Loam,7.4,183,26,110,28.8,1569,71.3,High,8.0,302.74,0.748
2022,Chickpea,Red Soil,5.0,10,31,37,16.2,150,92.5,Medium,7.7,102.31,0.253
2023,Tomato,Silt Loam,6.9,208,86,104,36.8,632,61.7,High,9.1,6167.41,15.24
2021,Sunflower,Saline,7.06,56,58,40,28.6,330,72.7,Low,11.2,465.59,1.15
2023,Onion,Alluvial,8.13,109,18,59,26.6,302,34.5,Low,11.9,1621.52,4.007
2024,Watermelon,Saline,8.16,102,61,99,25.9,642,52.8,Low,7.1,5856.59,14.472
2023,Tea,Saline,4.83,147,46,88,23.1,1375,55.0,High,11.3,715.41,1.768
2026,Rice,Alluvial,5.84,133,79,34,30.5,1508,83.2,High,10.4,2497.1,6.17
2024,Groundnut,Red Soil,5.4,25,68,76,30.3,411,46.8,High,4.5,516.01,1.275
2026,Garlic,Peaty,7.09,117,76,60,15.3,150,46.5,High,11.9,2091.56,5.168
2025,Rice,Peaty,7.76,164,70,48,17.5,1881,48.7,High,6.9,609.06,1.505
2023,Sunflower,Saline,6.46,68,65,30,35.3,150,79.9,Low,5.2,133.84,0.331
2026,Rice,Alluvial,5.36,118,47,31,14.9,1304,73.5,Medium,5.9,584.25,1.444
2024,Tea,Saline,8.52,202,33,72,35.5,2216,54.6,High,6.9,134.82,0.333
2023,Banana,Loam,5.59,225,54,214,29.9,1789,34.8,Low,4.9,14719.38,36.372
2022,Garlic,Black Soil,6.67,80,10,29,27.4,150,74.8,High,4.1,545.35,1.348
2024,Groundnut,Black Soil,7.89,61,70,60,20.3,417,32.5,Low,6.2,407.9,1.008
2024,Maize,Sandy Loam,5.59,221,11,38,32.1,770,45.6,Medium,9.9,679.24,1.678
2026,Groundnut,Peaty,5.35,68,22,32,29.0,859,66.4,High,7.0,607.33,1.501
2023,Banana,Silt Loam,5.38,218,76,243,12.4,1638,62.5,Low,9.6,7716.22,19.067
2024,Barley,Clay Loam,4.96,81,30,30,23.0,1072,63.7,Medium,11.5,736.51,1.82
2023,Chickpea,Black Soil,5.49,30,10,36,30.5,150,33.9,Low,9.5,92.45,0.228
2022,Wheat,Silt Loam,7.66,90,91,12,35.3,728,88.3,Low,7.2,392.26,0.969
2025,Barley,Loam,5.3,81,114,41,22.0,150,62.9,High,4.7,310.56,0.767
2023,Onion,Black Soil,4.95,103,21,35,32.8,759,58.8,Medium,10.4,1526.94,3.773
2020,Banana,Laterite,6.34,251,54,230,20.3,1531,43.5,High,4.8,12473.48,30.823
2021,Barley,Loam,8.22,109,57,27,20.6,681,49.7,Low,6.8,965.17,2.385
2021,Garlic,Black Soil,4.66,85,24,35,25.1,150,80.1,Medium,5.0,431.66,1.067
2022,Apple,Silt Loam,7.72,82,83,87,36.7,391,72.3,Low,12.0,935.95,2.313
2024,Sunflower,Saline,8.79,122,80,36,22.1,307,41.9,High,4.3,254.49,0.629
2020,Sugarcane,Sandy Loam,6.06,241,42,87,25.1,2101,67.4,Medium,5.8,12551.71,31.016
2025,Barley,Red Soil,8.3,89,70,25,34.1,481,58.9,Low,10.4,389.61,0.963
2026,Apple,Silt Loam,6.75,104,53,95,39.5,1045,30.1,Low,6.5,2862.83,7.074
2025,Soybean,Clay Loam,5.94,10,101,82,36.4,1062,57.0,Low,6.4,276.58,0.683
2021,Sugarcane,Alluvial,5.57,247,85,131,26.4,1725,34.3,High,9.6,24223.12,59.857
2026,Chickpea,Black Soil,5.17,83,50,35,29.4,345,94.0,Medium,5.1,266.11,0.658
2023,Sugarcane,Saline,5.01,225,84,117,37.4,2196,45.5,High,7.7,7542.81,18.639
2025,Sunflower,Silt Loam,6.38,183,71,27,10.6,504,58.0,Medium,6.2,421.15,1.041
2023,Barley,Sandy Loam,4.6,120,69,42,11.3,172,94.9,Medium,11.9,273.09,0.675
2023,Groundnut,Loam,7.37,10,59,51,38.7,232,65.9,High,9.7,199.03,0.492
2021,Rice,Alluvial,8.75,146,42,10,27.9,1020,39.8,Low,5.5,413.79,1.022
2026,Onion,Silt Loam,6.78,133,20,104,21.2,625,46.6,Medium,7.5,7388.24,18.257
2024,Potato,Peaty,7.96,141,28,153,38.9,396,89.0,High,11.9,1656.2,4.093
2021,Sunflower,Laterite,5.19,120,10,52,14.8,698,67.6,Medium,8.4,220.99,0.546
2024,Sunflower,Alluvial,6.97,75,57,43,30.3,634,73.9,Medium,9.4,1253.31,3.097
2021,Sugarcane,Red Soil,7.57,237,61,80,34.7,1939,61.2,Medium,11.7,19584.19,48.394
2020,Onion,Alluvial,8.05,135,52,60,22.9,213,90.5,Medium,6.1,1686.49,4.167
2025,Mustard,Black Soil,5.45,101,55,10,18.3,150,40.6,High,10.9,312.44,0.772
2025,Wheat,Black Soil,8.17,82,27,91,33.7,581,48.7,Medium,9.3,372.07,0.919
2026,Groundnut,Red Soil,6.27,10,21,35,25.9,582,46.3,Medium,7.2,809.36,2.0
2025,Soybean,Black Soil,5.96,35,94,75,32.6,920,91.3,Medium,5.1,619.6,1.531
2023,Chickpea,Clay Loam,6.23,20,80,25,30.9,171,72.9,Medium,9.8,181.91,0.45
2022,Soybean,Clay Loam,6.49,15,91,26,21.6,724,61.4,Low,6.7,686.78,1.697
2022,Groundnut,Silt Loam,7.41,23,38,43,36.5,972,34.0,Low,10.7,552.62,1.366
2021,Apple,Clay Loam,6.25,90,37,113,21.1,1078,59.4,Low,8.0,6971.16,17.226
2026,Sunflower,Silt Loam,7.93,93,19,59,16.1,996,35.0,Low,11.3,538.32,1.33
2024,Cotton,Loam,4.83,140,69,72,32.8,1405,69.0,Medium,10.3,616.17,1.523
2020,Rice,Sandy Loam,6.88,249,40,55,24.4,1451,84.5,Medium,8.4,1785.35,4.412
2020,Barley,Clay Loam,8.29,117,82,40,36.6,150,89.9,High,6.7,165.31,0.408
2024,Watermelon,Sandy Loam,5.06,164,79,117,38.2,979,61.3,High,11.0,3745.83,9.256
2020,Barley,Black Soil,7.43,115,71,10,32.4,517,50.4,Medium,10.2,597.78,1.477
2022,Apple,Laterite,7.37,69,10,107,36.6,730,69.3,High,4.1,1037.9,2.565
2026,Onion,Laterite,6.44,123,72,68,25.6,181,86.3,Medium,6.2,2052.06,5.071
2024,Mustard,Red Soil,8.21,66,33,63,20.2,150,50.1,Medium,7.9,351.94,0.87
2024,Soybean,Red Soil,5.04,25,68,78,23.6,513,51.1,Medium,10.2,503.83,1.245
2022,Garlic,Sandy Loam,8.78,74,25,46,23.9,673,44.2,Low,9.3,1652.38,4.083
2023,Tea,Saline,8.78,125,34,64,31.1,1845,46.6,Low,5.9,126.26,0.312
2026,Maize,Red Soil,7.38,155,78,68,27.8,1944,76.2,High,10.4,1878.78,4.643
2025,Coffee,Red Soil,8.04,186,42,112,23.6,2135,76.5,Medium,11.0,439.36,1.086
2025,Groundnut,Loam,5.07,49,77,65,39.0,954,80.0,Medium,7.1,342.85,0.847
2025,Watermelon,Alluvial,4.9,73,52,116,23.2,1182,61.7,Medium,9.6,5587.48,13.807
2026,Potato,Laterite,8.35,72,134,95,32.7,1484,57.3,Medium,10.2,1254.22,3.099
2023,Wheat,Peaty,7.14,152,77,23,32.4,833,44.9,Low,9.6,591.56,1.462
2025,Tea,Black Soil,5.59,174,26,72,10.1,1693,62.8,Low,9.9,513.76,1.27
2022,Onion,Loam,8.68,149,32,112,23.0,1270,41.2,Low,5.6,3003.96,7.423
2023,Garlic,Alluvial,7.3,67,34,50,34.3,541,81.6,High,9.6,1732.1,4.28
2023,Groundnut,Red Soil,4.92,10,53,99,35.5,150,90.7,Low,11.5,110.76,0.274
2022,Maize,Black Soil,5.68,120,74,78,26.3,892,91.4,Low,8.9,1997.25,4.935
2021,Tea,Black Soil,7.43,85,10,69,23.4,1974,32.4,High,6.9,267.92,0.662
2020,Coffee,Loam,6.91,187,52,117,33.5,1349,79.9,High,4.6,232.65,0.575
2021,Maize,Clay Loam,8.39,112,49,40,36.2,1449,88.5,Medium,6.3,337.99,0.835
2024,Mustard,Sandy Loam,6.17,68,34,68,29.0,1224,92.8,High,6.6,229.03,0.566
2025,Rice,Red Soil,6.07,98,84,41,28.3,1053,89.2,Low,4.3,1249.5,3.088
2021,Tea,Loam,5.87,121,33,60,22.8,1898,94.4,Low,11.3,802.29,1.982
2024,Soybean,Sandy Loam,5.43,15,40,21,23.0,1030,77.0,High,5.7,394.59,0.975
2026,Onion,Laterite,6.8,104,45,100,16.7,795,70.3,Low,10.8,8201.74,20.267
2025,Coffee,Peaty,6.02,127,39,107,27.9,1472,57.1,Low,6.1,388.16,0.959
2021,Apple,Loam,6.05,84,81,95,13.3,616,43.8,Medium,5.0,4753.1,11.745
2024,Onion,Clay Loam,7.48,123,47,32,31.9,875,46.8,Low,5.2,2114.03,5.224
2024,Chickpea,Black Soil,6.69,42,54,10,11.3,709,63.0,Medium,5.6,224.12,0.554
2020,Soybean,Sandy Loam,8.26,48,74,80,11.6,1124,38.5,Low,8.9,292.5,0.723
2022,Banana,Saline,7.68,155,43,246,15.8,1729,31.2,Medium,10.2,5764.79,14.245
2023,Garlic,Silt Loam,8.06,75,113,71,14.0,334,43.9,Low,7.2,1308.27,3.233
2020,Apple,Laterite,6.57,95,43,103,28.8,354,57.3,High,6.1,1194.83,2.952
2024,Apple,Red Soil,7.23,74,36,50,13.1,619,35.5,Medium,4.9,2770.35,6.846
2026,Sugarcane,Sandy Loam,4.83,232,87,85,39.4,2855,49.1,High,8.7,9210.95,22.761
2021,Apple,Clay Loam,8.13,120,24,82,29.4,1715,62.3,Medium,7.3,1079.87,2.668
2020,Barley,Red Soil,7.35,84,85,33,13.0,895,33.0,High,4.0,761.17,1.881
2022,Garlic,Alluvial,6.45,111,10,50,38.9,588,35.7,Medium,11.9,1458.23,3.603
2022,Rice,Red Soil,7.91,115,38,40,27.8,2175,53.8,Medium,6.4,808.79,1.999
2023,Coffee,Loam,7.72,120,35,112,29.7,1318,56.4,Medium,6.8,199.25,0.492
2023,Chickpea,Silt Loam,7.7,11,16,10,33.4,472,91.2,High,5.2,234.61,0.58
2022,Barley,Sandy Loam,8.13,128,46,10,28.1,750,63.5,High,7.3,396.45,0.98
2025,Onion,Peaty,5.75,157,40,71,18.2,1457,73.4,High,9.0,4802.77,11.868
2023,Soybean,Clay Loam,7.74,31,104,10,15.1,496,40.5,High,4.8,236.73,0.585
2022,Tea,Saline,5.03,148,65,86,12.5,1819,62.0,Low,9.6,562.33,1.39
2025,Coffee,Black Soil,6.69,153,10,116,28.2,1047,70.1,Medium,4.9,218.86,0.541
2026,Maize,Peaty,6.78,191,46,55,11.6,501,84.4,Medium,9.8,781.41,1.931
2023,Garlic,Black Soil,8.23,118,21,68,29.8,592,48.7,High,6.3,650.2,1.607
2022,Watermelon,Red Soil,7.22,137,80,129,29.7,959,32.7,Medium,7.5,12855.05,31.765
2025,Rice,Sandy Loam,7.58,161,35,26,38.5,1533,43.0,High,11.5,506.11,1.251
2024,Coffee,Red Soil,4.72,174,68,112,29.7,1097,31.0,High,9.4,272.92,0.674
2022,Cotton,Peaty,4.77,102,25,59,35.8,1076,48.6,Low,9.1,327.94,0.81
2022,Banana,Alluvial,5.32,163,41,225,21.1,1496,75.1,High,11.7,14353.55,35.468
2025,Groundnut,Sandy Loam,5.65,10,55,16,22.3,921,66.5,High,7.1,512.84,1.267
2021,Onion,Saline,8.58,122,76,52,21.3,900,40.4,Low,5.3,2726.84,6.738
2026,Onion,Silt Loam,8.43,98,72,116,31.9,744,43.0,Medium,5.1,1666.34,4.118
2023,Tea,Silt Loam,8.15,102,10,57,30.6,1827,73.6,Low,11.9,174.08,0.43
2020,Groundnut,Black Soil,4.71,43,28,38,32.9,468,47.6,Medium,6.7,318.67,0.787
2022,Apple,Loam,4.81,121,85,70,12.1,1018,34.9,Medium,6.0,3332.28,8.234
2025,Tea,Red Soil,5.82,129,78,81,14.0,1986,48.2,High,4.9,506.78,1.252
2020,Tea,Alluvial,6.8,164,16,66,36.1,1622,62.7,Low,4.6,119.61,0.296
2023,Potato,Saline,7.56,123,53,119,23.3,198,67.4,Low,11.2,1218.05,3.01
2025,Garlic,Laterite,6.88,91,28,21,35.0,489,50.8,Low,8.6,1167.25,2.884
2022,Potato,Sandy Loam,7.61,125,73,142,14.4,718,55.1,High,5.7,3444.85,8.512
2026,Soybean,Sandy Loam,6.37,10,73,52,15.1,735,81.1,Medium,11.9,399.39,0.987
2026,Potato,Black Soil,8.54,80,106,116,37.7,1145,73.1,Low,9.4,1947.19,4.812
2025,Wheat,Sandy Loam,4.98,166,63,21,34.2,597,45.6,Low,10.4,352.13,0.87
2022,Mustard,Peaty,5.72,72,10,32,39.1,648,74.3,High,7.5,199.58,0.493
2022,Tomato,Clay Loam,5.57,157,86,138,22.3,1539,53.5,Medium,11.8,9513.55,23.508
2026,Wheat,Black Soil,6.9,120,14,50,30.3,742,69.8,High,6.8,579.07,1.431
2023,Mustard,Clay Loam,5.44,114,50,11,39.3,395,74.0,Medium,11.9,234.5,0.579
2022,Sunflower,Laterite,4.97,70,74,10,34.6,263,87.8,Low,5.8,80.0,0.198
2021,Apple,Loam,6.84,110,10,92,12.3,501,59.5,Medium,7.5,3121.51,7.713
2023,Sunflower,Loam,5.67,84,30,68,37.6,733,42.5,Low,5.2,300.44,0.742
2026,Onion,Alluvial,6.29,68,90,52,12.3,430,43.9,High,5.1,3862.62,9.545
2022,Tomato,Sandy Loam,7.5,162,62,187,31.7,378,55.0,Low,5.5,2117.09,5.231
2023,Sugarcane,Laterite,4.99,216,72,63,39.8,1924,47.8,Low,4.2,4962.45,12.262
2020,Chickpea,Black Soil,8.32,34,34,47,36.7,150,32.9,Medium,8.0,142.64,0.352
2021,Mustard,Saline,5.59,37,46,16,36.3,395,81.9,High,5.8,133.66,0.33
2026,Garlic,Peaty,8.12,74,23,68,26.3,150,72.1,Medium,7.1,474.6,1.173
2026,Barley,Clay Loam,6.01,65,33,22,28.4,927,87.3,High,8.3,645.99,1.596
2021,Maize,Laterite,8.38,126,12,56,31.8,853,40.0,Low,7.6,424.95,1.05
2024,Barley,Alluvial,8.42,71,100,44,32.5,484,73.6,Low,4.8,292.49,0.723
2023,Tea,Clay Loam,4.53,152,30,97,28.7,2024,50.2,High,8.1,519.19,1.283
2021,Tea,Red Soil,7.26,120,17,26,15.9,1861,33.0,Low,4.8,202.22,0.5
2025,Apple,Saline,5.58,109,36,69,23.3,1010,79.3,High,4.0,2358.31,5.828
2021,Barley,Silt Loam,5.27,79,56,37,39.5,150,50.4,Low,11.7,181.42,0.448
2021,Onion,Peaty,4.81,91,73,92,35.0,216,64.6,High,9.0,935.32,2.311
2024,Wheat,Red Soil,7.4,159,70,37,22.9,343,70.4,High,6.8,953.39,2.356
2026,Mustard,Clay Loam,7.53,74,67,33,17.9,416,59.6,High,11.6,1462.57,3.614
2022,Apple,Alluvial,7.39,127,10,102,17.1,571,34.9,Low,4.4,2077.96,5.135
2023,Sugarcane,Silt Loam,4.67,312,93,71,29.5,1979,83.9,Low,10.7,14970.81,36.994
2024,Cotton,Loam,6.39,65,45,59,28.3,921,78.2,Medium,9.2,939.35,2.321
2024,Groundnut,Peaty,4.85,10,61,24,28.7,543,52.6,High,9.4,529.65,1.309
2023,Tomato,Red Soil,7.18,156,165,105,13.3,202,34.3,Low,4.1,1872.52,4.627
2023,Wheat,Silt Loam,7.9,92,78,47,23.3,458,31.0,Medium,9.5,993.0,2.454
2025,Tea,Saline,4.54,109,57,66,13.2,2371,89.8,High,9.6,467.13,1.154
2022,Cotton,Laterite,5.99,136,66,36,23.9,305,93.0,Low,7.8,244.59,0.604
2025,Wheat,Laterite,7.92,131,49,97,39.7,336,53.4,High,6.8,245.86,0.608
2026,Watermelon,Black Soil,7.04,96,34,98,15.2,536,67.7,Medium,7.5,5135.35,12.69
2021,Watermelon,Alluvial,7.83,132,96,110,37.8,678,78.1,Medium,11.0,7421.18,18.338
2026,Apple,Red Soil,8.43,90,53,84,24.6,1100,60.8,High,11.2,2023.99,5.001
2021,Chickpea,Sandy Loam,5.91,10,10,66,28.6,339,71.7,Medium,10.1,178.94,0.442
2024,Watermelon,Laterite,8.28,59,108,93,18.0,358,52.1,Low,9.7,2409.98,5.955
2026,Wheat,Loam,8.21,144,74,47,25.8,746,47.2,Low,10.3,1018.73,2.517
2025,Tomato,Silt Loam,5.54,132,126,98,33.8,957,33.8,Medium,11.9,4895.6,12.097
2025,Cotton,Peaty,5.45,136,21,45,39.9,614,80.0,Low,10.2,157.83,0.39
2024,Tea,Saline,7.45,179,55,75,15.7,2056,75.8,Medium,5.1,291.83,0.721
2023,Coffee,Sandy Loam,5.17,156,29,104,39.2,1652,46.4,High,7.1,212.69,0.526
2025,Sugarcane,Red Soil,4.94,205,50,77,24.4,1570,63.9,Medium,5.2,6860.88,16.954
2026,Rice,Clay Loam,6.92,103,42,77,35.2,1616,31.4,Medium,7.2,1130.43,2.793
2024,Apple,Saline,8.09,110,53,90,35.1,1110,30.5,Low,11.9,1497.81,3.701
2021,Banana,Red Soil,5.54,195,72,251,31.2,1374,69.6,Low,11.6,12742.98,31.489
2020,Coffee,Sandy Loam,8.54,77,19,111,21.0,1713,39.2,High,11.1,305.79,0.756
2024,Sunflower,Silt Loam,4.82,71,70,10,22.7,649,65.8,Medium,5.7,396.29,0.979
2023,Watermelon,Red Soil,4.63,117,56,113,20.9,400,44.1,High,5.6,3900.25,9.638
2021,Apple,Clay Loam,6.01,149,68,80,33.3,833,68.9,High,9.4,3734.32,9.228
2023,Garlic,Alluvial,7.19,131,31,73,29.5,150,55.8,Low,4.8,594.85,1.47
2025,Cotton,Laterite,5.19,94,53,65,18.6,658,70.4,High,5.5,238.19,0.589
2020,Chickpea,Red Soil,4.84,74,24,43,11.0,538,64.8,Low,10.1,177.41,0.438
2026,Banana,Silt Loam,7.42,194,66,210,33.2,1911,67.7,Medium,7.4,16632.9,41.101
2026,Soybean,Silt Loam,5.87,39,65,62,36.6,668,86.7,High,11.9,602.54,1.489
2022,Mustard,Laterite,5.66,52,69,48,37.4,150,76.2,High,6.3,97.26,0.24
2022,Soybean,Sandy Loam,6.58,15,61,28,13.4,406,68.3,High,4.4,189.82,0.469
2024,Groundnut,Alluvial,7.83,48,39,11,28.9,150,61.7,Low,6.7,211.72,0.523
2023,Tomato,Loam,8.2,128,76,143,25.9,187,39.5,Low,10.8,2771.97,6.85
2023,Maize,Saline,6.41,168,51,25,10.7,278,72.5,Medium,10.2,305.86,0.756
2021,Tomato,Silt Loam,6.89,109,108,159,25.7,849,46.3,High,7.9,9849.6,24.339
2025,Coffee,Black Soil,7.95,118,18,148,30.6,1509,86.7,High,4.4,147.0,0.363
2024,Cotton,Red Soil,6.87,133,87,34,36.2,896,70.7,High,9.4,672.6,1.662
2024,Sunflower,Loam,6.91,97,62,10,10.5,150,64.3,High,5.1,146.92,0.363
2024,Sugarcane,Alluvial,6.8,245,98,140,32.5,1830,37.2,Medium,5.0,29812.55,73.668
2025,Tea,Laterite,5.47,101,31,90,39.6,1488,42.1,Low,6.7,198.36,0.49
2024,Cotton,Loam,6.15,87,73,47,24.4,560,68.9,High,11.3,726.33,1.795
2022,Watermelon,Alluvial,4.93,98,46,70,24.7,150,33.8,Medium,9.3,2829.85,6.993
2023,Maize,Clay Loam,5.92,164,53,19,19.3,914,81.0,High,6.6,1100.84,2.72
2021,Coffee,Saline,7.62,99,62,154,25.2,2182,46.3,Medium,7.6,229.81,0.568
2025,Garlic,Peaty,8.06,58,65,18,12.3,437,57.5,Medium,11.5,1546.1,3.82
2020,Rice,Clay Loam,5.85,181,32,20,29.4,1529,70.5,Low,7.3,1430.99,3.536
2024,Chickpea,Saline,5.38,36,72,44,22.2,438,81.8,Low,10.1,487.46,1.205
2026,Onion,Clay Loam,5.76,38,14,81,27.4,315,93.0,Medium,6.3,1555.39,3.843
2020,Tea,Laterite,5.51,64,10,72,30.9,1919,83.8,High,7.9,228.21,0.564
2025,Rice,Laterite,4.72,151,61,34,19.3,1027,44.4,Medium,9.1,610.85,1.509
2024,Watermelon,Clay Loam,7.52,75,70,104,31.2,704,50.4,High,4.7,8569.9,21.177
2020,Tomato,Alluvial,6.87,122,142,183,34.0,150,82.8,High,11.7,2749.13,6.793
2021,Wheat,Saline,6.46,149,86,55,19.8,540,53.5,High,10.0,1887.09,4.663
2026,Cotton,Laterite,5.31,114,49,39,10.1,1027,79.8,High,6.9,151.86,0.375
2026,Potato,Black Soil,6.47,144,85,83,33.2,732,40.3,High,10.6,4009.23,9.907
2022,Apple,Peaty,5.58,190,19,65,14.8,818,74.6,Medium,4.7,5001.25,12.358
2025,Barley,Clay Loam,8.8,10,73,38,11.7,150,56.3,Low,8.2,131.01,0.324
2023,Banana,Alluvial,4.66,210,64,227,33.2,1984,74.2,High,11.5,11143.19,27.535
2023,Watermelon,Silt Loam,4.66,93,53,102,27.7,950,80.8,High,10.3,6608.27,16.329
2025,Sugarcane,Saline,6.93,251,129,82,13.7,2131,58.3,Low,11.0,11063.62,27.339
2025,Coffee,Black Soil,5.16,180,10,149,20.4,1443,32.4,High,9.6,574.79,1.42
2026,Coffee,Clay Loam,7.14,166,21,150,24.8,1416,47.5,High,10.0,520.37,1.286
2026,Banana,Alluvial,7.97,189,68,256,33.6,1382,41.7,Low,4.9,8148.8,20.136
2020,Potato,Peaty,8.35,136,59,94,25.9,1111,62.3,Medium,7.5,2459.77,6.078
2021,Banana,Saline,6.97,211,24,246,17.8,1670,46.7,Medium,5.7,5998.78,14.823
2021,Barley,Red Soil,6.55,107,74,14,17.1,783,54.7,Low,4.1,885.47,2.188
2024,Chickpea,Red Soil,8.66,63,16,63,22.4,753,53.1,Medium,4.3,358.24,0.885
2022,Cotton,Laterite,5.22,49,65,57,36.2,893,64.8,Low,11.6,271.76,0.672
2023,Chickpea,Silt Loam,5.71,10,51,13,29.5,704,73.0,Low,11.5,280.15,0.692
2024,Onion,Red Soil,7.22,32,64,73,14.8,814,76.3,High,8.4,4527.25,11.187
2020,Onion,Alluvial,5.27,86,24,26,18.6,758,85.1,Medium,9.4,3580.6,8.848
2025,Groundnut,Alluvial,7.25,14,54,65,36.0,1154,40.7,Medium,4.5,425.72,1.052
2022,Chickpea,Laterite,8.09,14,63,70,31.4,835,71.5,High,6.2,260.77,0.644
2024,Garlic,Sandy Loam,5.26,78,16,80,15.9,150,67.6,High,10.6,823.16,2.034
2021,Maize,Silt Loam,7.22,168,107,10,27.9,561,66.9,Low,7.2,844.91,2.088
2020,Barley,Red Soil,7.52,114,76,30,21.8,1439,39.7,High,11.8,956.07,2.362
2023,Sunflower,Alluvial,4.94,108,29,55,10.1,784,91.1,High,9.3,272.55,0.673
2021,Mustard,Sandy Loam,8.29,58,46,45,33.9,150,89.8,High,5.1,108.12,0.267
2026,Tomato,Peaty,5.64,96,92,131,18.7,482,66.2,Medium,9.8,6689.68,16.531
2023,Onion,Sandy Loam,6.58,56,30,60,39.8,263,53.5,High,8.2,1353.76,3.345
2020,Coffee,Black Soil,7.2,134,56,106,21.8,1817,59.1,Medium,9.4,628.26,1.552
2022,Wheat,Black Soil,8.31,85,58,32,21.1,754,91.0,High,8.5,938.75,2.32
2021,Tea,Loam,5.2,167,45,99,37.8,1686,78.7,Medium,10.0,509.0,1.258
2026,Tomato,Red Soil,7.97,163,99,107,26.2,1417,36.4,Medium,6.8,4107.63,10.15
2026,Soybean,Sandy Loam,4.52,42,78,10,18.4,283,71.5,High,10.8,184.13,0.455
2025,Garlic,Saline,5.42,139,77,60,21.3,1044,63.7,High,8.4,2154.05,5.323
2021,Wheat,Silt Loam,5.94,139,83,56,26.7,1120,74.7,Medium,9.8,1589.25,3.927
2020,Watermelon,Black Soil,5.42,125,85,100,35.7,331,94.4,Medium,6.6,3672.24,9.074
2023,Onion,Laterite,6.31,136,27,50,38.9,641,71.5,High,5.8,1817.48,4.491
2022,Sunflower,Saline,8.61,11,40,10,11.1,150,45.4,Medium,5.0,80.0,0.198
2023,Maize,Clay Loam,6.77,129,43,25,31.9,809,62.4,Medium,7.6,1385.64,3.424
2022,Potato,Saline,5.87,102,119,86,21.8,707,37.0,Low,11.8,6822.33,16.858
2022,Wheat,Alluvial,5.93,115,94,16,22.6,150,77.2,High,4.4,501.91,1.24
2020,Chickpea,Laterite,5.9,36,73,40,11.7,375,68.4,Low,4.1,152.61,0.377
2021,Sunflower,Loam,5.99,122,85,86,30.4,150,68.1,Low,6.3,345.91,0.855
2025,Soybean,Peaty,6.86,10,33,95,28.1,716,37.6,Low,11.4,730.28,1.805
2026,Cotton,Silt Loam,5.71,168,37,10,36.4,597,65.2,Low,7.8,209.08,0.517
2026,Chickpea,Saline,4.62,43,46,57,38.4,738,57.4,Medium,7.8,145.42,0.359
2023,Onion,Red Soil,6.77,83,78,89,35.3,272,80.7,High,8.6,2072.65,5.122
2020,Potato,Clay Loam,8.61,196,98,92,22.6,150,90.9,Medium,10.5,1929.61,4.768
2026,Banana,Sandy Loam,5.66,179,31,245,38.6,1725,90.0,Medium,5.1,5467.1,13.509
2025,Rice,Peaty,5.98,155,59,59,18.9,1778,48.0,High,5.8,1228.09,3.035
2024,Potato,Silt Loam,5.17,93,45,132,31.5,331,71.2,Medium,9.5,2519.67,6.226
2021,Garlic,Black Soil,6.73,108,77,48,26.3,356,84.9,Low,5.2,1500.2,3.707
2020,Chickpea,Laterite,8.62,10,67,44,17.9,244,32.7,Low,11.1,274.97,0.679
2026,Wheat,Laterite,5.58,103,41,52,39.6,1038,64.1,Medium,8.2,518.43,1.281
2025,Maize,Laterite,6.09,105,65,27,25.8,1330,73.9,Low,5.8,1276.9,3.155
2026,Barley,Laterite,6.38,90,100,24,34.1,508,57.6,Low,8.1,522.47,1.291
2021,Coffee,Peaty,4.6,74,44,126,26.3,977,30.6,Medium,9.0,230.44,0.569
2020,Garlic,Clay Loam,7.96,128,10,94,35.2,947,41.4,Medium,4.9,632.05,1.562
2024,Onion,Red Soil,7.32,71,27,96,31.6,1116,44.1,Medium,8.1,2452.59,6.06
2023,Potato,Clay Loam,6.39,159,87,120,36.9,1033,75.1,High,10.7,4334.29,10.71
2020,Rice,Clay Loam,8.18,111,37,49,24.8,1310,36.5,Low,4.4,743.3,1.837
2020,Soybean,Sandy Loam,5.51,24,88,62,20.5,962,76.7,Medium,11.4,642.67,1.588
2021,Watermelon,Sandy Loam,7.17,59,66,82,29.5,246,61.9,High,7.1,5698.77,14.082
2021,Soybean,Clay Loam,7.61,42,35,24,31.2,250,38.4,Low,6.6,206.99,0.511
2025,Sunflower,Loam,5.46,52,33,34,20.7,150,81.4,High,4.2,201.86,0.499
2023,Apple,Peaty,6.71,60,33,144,27.9,263,66.2,High,10.6,1002.15,2.476
2022,Groundnut,Black Soil,5.89,71,72,95,25.9,345,74.1,Low,8.9,1034.04,2.555
2025,Sunflower,Black Soil,8.2,189,70,95,34.5,150,80.6,High,8.8,230.9,0.571
2024,Cotton,Black Soil,4.94,70,66,23,28.3,762,64.3,Low,11.0,456.33,1.128
2023,Garlic,Red Soil,4.77,45,60,95,22.3,684,80.0,Medium,10.2,1842.26,4.552
2025,Watermelon,Alluvial,6.41,98,44,123,35.1,528,90.3,Low,6.6,7996.3,19.759
2020,Wheat,Laterite,5.69,151,47,69,22.4,805,91.0,Medium,11.1,1385.9,3.425
2022,Tea,Silt Loam,8.35,127,10,87,10.1,1664,57.1,Low,4.9,144.21,0.356
2026,Tomato,Clay Loam,7.3,165,23,113,29.8,946,79.7,Medium,10.6,5961.06,14.73
2023,Watermelon,Silt Loam,6.53,172,45,126,27.6,486,55.9,Low,6.0,9665.82,23.885
2021,Tea,Alluvial,8.53,89,36,57,34.1,2061,31.1,High,11.4,230.44,0.569
2026,Tomato,Alluvial,6.05,167,57,105,20.5,375,69.4,High,6.8,7038.68,17.393
2020,Sugarcane,Black Soil,5.45,223,70,99,33.2,1244,39.6,Low,10.8,13161.37,32.522
2024,Barley,Black Soil,5.74,48,42,62,24.2,341,61.3,High,8.2,711.25,1.758
2023,Maize,Peaty,6.39,116,36,57,37.5,754,69.9,High,9.7,850.68,2.102
2021,Potato,Red Soil,8.56,104,78,131,20.3,496,54.4,High,6.7,4058.27,10.028
2020,Groundnut,Silt Loam,4.58,10,31,52,37.0,554,32.1,Low,5.9,139.37,0.344
2025,Banana,Clay Loam,5.56,184,84,292,27.0,1385,52.3,High,5.0,18000.87,44.481
2023,Maize,Laterite,8.21,220,84,60,36.1,885,62.5,Medium,4.4,435.07,1.075
2021,Wheat,Loam,5.1,147,56,10,34.6,338,55.0,Low,8.6,233.04,0.576
2025,Groundnut,Alluvial,8.7,25,69,10,23.2,607,79.9,Low,8.2,575.78,1.423
2021,Mustard,Red Soil,5.22,107,51,24,32.7,285,75.7,Medium,8.5,214.69,0.531
2021,Garlic,Sandy Loam,5.06,107,25,58,31.9,378,53.7,High,9.2,744.02,1.839
2022,Soybean,Black Soil,8.33,50,78,94,17.3,763,64.7,High,4.8,405.26,1.001
